epsilon,accuracy_mean,accuracy_std,f1_score_mean,f1_score_std,precision_mean,recall_mean,balanced_accuracy_mean,balanced_accuracy_std,roc_auc_mean,roc_auc_std,train_time_mean,train_time_std,ACL,accuracy_loss_pct
0.1,0.6818749999999999,0.07997053493839673,0.26986935579684307,0.27303198174272975,0.7211457625300274,0.18913738019169332,0.5938500042642244,0.10266142906745922,0.8841847568189323,0.01916980699259914,1.9467358514656856,0.08156209777238367,0.2990233873040351,29.90233873040351
0.2,0.8144583333333332,0.07553812733021355,0.6659648225291855,0.2039856241385669,0.9876092163400739,0.5334398296059638,0.7642558490945629,0.09719731490004926,0.8929242301981444,0.017305403832499962,1.969577866664622,0.0267027161020586,0.16272594877066748,16.272594877066748
0.4,0.8899583333333335,0.00022438186696393286,0.8387568191237917,0.00038245281084822947,0.982830151447881,0.7315228966986156,0.8616546721686099,0.00028674998973026556,0.9044726247723016,0.015859509350062098,1.995359405563795,0.02074000921602963,0.08511093977555018,8.511093977555017
0.8,0.8900000000000001,1.1102230246251565e-16,0.838827838827839,1.1102230246251565e-16,0.9828326180257508,0.7316293929712461,0.8617079203049252,3.3306690738754696e-16,0.9165327262827115,0.014762698528869135,2.049818013833525,0.016571297611311934,0.08506810588537639,8.50681058853764
1.0,0.8900000000000001,1.1102230246251565e-16,0.838827838827839,1.1102230246251565e-16,0.9828326180257508,0.7316293929712461,0.8617079203049252,3.3306690738754696e-16,0.9211881660117256,0.014419219419703968,1.9891507390003729,0.22422268964665776,0.08506810588537639,8.50681058853764
2.0,0.8900000000000001,1.1102230246251565e-16,0.838827838827839,1.1102230246251565e-16,0.9828326180257508,0.7316293929712461,0.8617079203049252,3.3306690738754696e-16,0.9372158550426094,0.012957244078910938,2.0532717792976958,0.09569637746752994,0.08506810588537639,8.50681058853764
4.0,0.8900000000000001,1.1102230246251565e-16,0.838827838827839,1.1102230246251565e-16,0.9828326180257508,0.7316293929712461,0.8617079203049252,3.3306690738754696e-16,0.953307507440525,0.009833999187995308,2.3083507139022306,0.3312281309746972,0.08506810588537639,8.50681058853764
8.0,0.8900000000000001,1.1102230246251565e-16,0.838827838827839,1.1102230246251565e-16,0.9828326180257508,0.7316293929712461,0.8617079203049252,3.3306690738754696e-16,0.9647763031579315,0.0066137606418912726,3.526250612467993,0.2494284225019421,0.08506810588537639,8.50681058853764
10.0,0.8900000000000001,1.1102230246251565e-16,0.838827838827839,1.1102230246251565e-16,0.9828326180257508,0.7316293929712461,0.8617079203049252,3.3306690738754696e-16,0.9672880407091294,0.005803368122484533,4.263703776399295,0.29684319193672404,0.08506810588537639,8.50681058853764
