model,variant,epsilon,n_runs,attack_auc,attack_auc_std,advantage,advantage_std,tpr_at_10pct,tpr_at_10pct_std,tpr_at_1pct,tpr_at_1pct_std,tpr_at_0p1pct,tpr_at_0p1pct_std,sd_in,sd_in_std,sd_out,sd_out_std,test_acc,test_acc_std,n_members,n_nonmembers,n_shadow_trained,online,balanced,dataset
LR,standard,,30,0.5305106209150326,0.02074950052719924,0.11389297385620914,0.031206368254502317,0.10797385620915036,0.03212709180375806,0.013202614379084968,0.014229164972072997,0.013202614379084968,0.014229164972072997,0.18092889609400176,0.008630689231686452,0.19016657737062526,0.009507519707884556,0.765625,0.0,255,64,32,True,False,GALLSTONE
LR,dp,0.1,30,0.4969546568627451,0.03485683543087534,0.07561274509803922,0.03978257478293396,0.11228758169934641,0.046273217366833645,0.019999999999999997,0.017401339397908853,0.019999999999999997,0.017401339397908853,11.523544697348465,0.33460559634671155,11.529921332303982,0.340712081815117,0.484375,0.0,255,64,32,True,False,GALLSTONE
LR,dp,0.2,30,0.49514093137254905,0.037377227143602774,0.07311683006535948,0.038854655569091776,0.11294117647058824,0.044256426602873364,0.0188235294117647,0.017461625599473514,0.0188235294117647,0.017461625599473514,11.08512713600647,0.3148737162420508,11.111573165407439,0.3199058054847534,0.484375,0.0,255,64,32,True,False,GALLSTONE
LR,dp,0.4,30,0.4957393790849673,0.04014999566961985,0.07818627450980394,0.04290842945290386,0.11071895424836603,0.0486936438933806,0.017254901960784313,0.017141636567618832,0.017254901960784313,0.017141636567618832,10.422066219933987,0.28933357694047673,10.467525610447495,0.2876613426263833,0.5,0.0,255,64,32,True,False,GALLSTONE
LR,dp,0.8,30,0.49957414215686274,0.0379615331318458,0.0795404411764706,0.04260080596845205,0.11163398692810458,0.041238463552352944,0.019084967320261437,0.01564482541215914,0.019084967320261437,0.01564482541215914,12.748104471129812,0.18809165185796375,12.781692762931726,0.1968654817603638,0.4375,0.0,255,64,32,True,False,GALLSTONE
LR,dp,1.0,30,0.5010130718954249,0.03764844948631724,0.08352124183006536,0.04281986769332164,0.1275816993464052,0.05161727205254745,0.01477124183006536,0.012993884871080299,0.01477124183006536,0.012993884871080299,11.30830195495834,0.20838950749677018,11.371756037867437,0.1997732069396551,0.515625,0.0,255,64,32,True,False,GALLSTONE
LR,dp,2.0,30,0.4996160130718954,0.0497946338684887,0.07662990196078429,0.049580887441733064,0.10784313725490197,0.05506744434679255,0.012418300653594767,0.013512192635642736,0.012418300653594767,0.013512192635642736,5.107968991989755,0.1862466420081207,5.215152789507303,0.1784915412771303,0.484375,0.0,255,64,32,True,False,GALLSTONE
LR,dp,4.0,30,0.4960559640522876,0.05042035254304772,0.07712214052287583,0.05152670766488304,0.10091503267973857,0.04025974022394754,0.011895424836601307,0.013901147992255333,0.011895424836601307,0.013901147992255333,1.8664278940793722,0.07063714509591888,1.9374193464712175,0.07110754695325658,0.609375,0.0,255,64,32,True,False,GALLSTONE
LR,dp,8.0,30,0.49351715686274505,0.045627400115762114,0.07249591503267974,0.04955903851836467,0.11137254901960786,0.03261588533072041,0.01150326797385621,0.011042463833695622,0.01150326797385621,0.011042463833695622,0.795943862340804,0.027279771653103104,0.8362757569722802,0.029060015514526298,0.640625,0.0,255,64,32,True,False,GALLSTONE
LR,dp,10.0,30,0.491938316993464,0.043916812880272445,0.07277165032679739,0.047265594877962565,0.11058823529411764,0.03607558954422966,0.011372549019607842,0.010343330853437045,0.011372549019607842,0.010343330853437045,0.6273388233353319,0.02126891700475743,0.6606196411921296,0.022826005528715405,0.65625,0.0,255,64,32,True,False,GALLSTONE
RF,standard,,30,0.7682700163398692,0.011332229650815668,0.45521241830065345,0.028147484734945116,0.46522875816993464,0.0588887075360094,0.16418300653594772,0.06768717827715033,0.16418300653594772,0.06768717827715033,0.464256970637911,0.010613676105373497,0.4799342214051767,0.01110740914180171,0.828125,0.0,255,64,32,True,False,GALLSTONE
RF,dp,0.1,30,0.4990543300653595,0.03935684130310103,0.08573120915032681,0.045873370189052125,0.1069281045751634,0.046730152163166595,0.010849673202614377,0.010260397099707403,0.010849673202614377,0.010260397099707403,0.45526613566854096,0.026384030473979216,0.45642765226627674,0.026754607623943837,0.484375,0.0,255,64,32,True,False,GALLSTONE
RF,dp,0.2,30,0.506062091503268,0.034672887385142806,0.08696691176470586,0.03736173779727998,0.11947712418300654,0.03479285779531294,0.013725490196078431,0.0160337335022691,0.013725490196078431,0.0160337335022691,0.4466876912438258,0.02349988292353172,0.4471453114462694,0.024438173215726087,0.5,0.0,255,64,32,True,False,GALLSTONE
RF,dp,0.4,30,0.5037704248366013,0.035319064482138514,0.084015522875817,0.03523186178419225,0.12784313725490196,0.03612103196759044,0.02,0.02355880517000092,0.02,0.02355880517000092,0.45087395493390975,0.03123542090081803,0.4513657119469965,0.030406310803585693,0.484375,0.0,255,64,32,True,False,GALLSTONE
RF,dp,0.8,30,0.5009722222222223,0.03933577193503468,0.08543913398692811,0.04996063536403318,0.09725490196078432,0.03366463577949171,0.018431372549019606,0.02141119010936266,0.018431372549019606,0.02141119010936266,0.4439228565392123,0.030735337847516427,0.4460113742010009,0.03354625204808427,0.5,0.0,255,64,32,True,False,GALLSTONE
RF,dp,1.0,30,0.5007965686274509,0.03459986973383694,0.08322916666666667,0.042419956057840165,0.1269281045751634,0.04135948538707437,0.021568627450980392,0.015381016742141684,0.021568627450980392,0.015381016742141684,0.44300761740747957,0.029154766042513915,0.4482911252475294,0.03033621860373368,0.59375,0.0,255,64,32,True,False,GALLSTONE
RF,dp,2.0,30,0.5111499183006536,0.03837479749697944,0.09717116013071896,0.04242703602363009,0.11490196078431375,0.034024363495744184,0.019869281045751634,0.013619886303405078,0.019869281045751634,0.013619886303405078,0.4360462947826293,0.023002911833948807,0.43835725527890634,0.02495414604733991,0.546875,0.0,255,64,32,True,False,GALLSTONE
RF,dp,4.0,30,0.5103819444444444,0.03629234155913944,0.09436887254901963,0.04405606958430286,0.10980392156862748,0.02895948550284547,0.015686274509803918,0.016514103735794778,0.015686274509803918,0.016514103735794778,0.43598999872897237,0.023108952957257147,0.4382550875110098,0.024883743919819064,0.578125,0.0,255,64,32,True,False,GALLSTONE
RF,dp,8.0,30,0.5121915849673203,0.03734445694780472,0.0962704248366013,0.047614988006152534,0.11908496732026144,0.03384813288485317,0.0203921568627451,0.016213366518916236,0.0203921568627451,0.016213366518916236,0.43507774668714655,0.0223046574946313,0.4373440073068476,0.02401905223738039,0.546875,0.0,255,64,32,True,False,GALLSTONE
RF,dp,10.0,30,0.5121956699346406,0.037455006606561,0.09637459150326795,0.047149225858163855,0.11908496732026144,0.03384813288485317,0.020261437908496733,0.01591607276063519,0.020261437908496733,0.01591607276063519,0.4351010843311673,0.022297571467687856,0.43737261575782943,0.024016481168932673,0.546875,0.0,255,64,32,True,False,GALLSTONE
GNB,standard,,30,0.5129748774509802,0.028013646368592625,0.09050245098039214,0.035538641673299946,0.13568627450980392,0.036248533359345386,0.008366013071895424,0.005703901759286647,0.008366013071895424,0.005703901759286647,5.373677578847943,0.4174814321107664,5.796974564464091,0.4126505291264357,0.546875,0.0,255,64,32,True,False,GALLSTONE
GNB,dp,0.1,30,0.49853349673202624,0.03142406719831892,0.0794628267973856,0.03964824779020605,0.10993464052287584,0.035647948008112836,0.014509803921568625,0.011901169337641973,0.014509803921568625,0.011901169337641973,11.231778387323798,0.45481446389302516,11.232700951604505,0.4446118951952827,0.53125,0.0,255,64,32,True,False,GALLSTONE
GNB,dp,0.2,30,0.49085784313725495,0.04024324085379119,0.07949346405228759,0.04675823899760285,0.0954248366013072,0.04183823449642826,0.015555555555555555,0.016836378027992146,0.015555555555555555,0.016836378027992146,10.968772949333808,0.5310803610205057,10.960475759255532,0.5305225416256711,0.5,0.0,255,64,32,True,False,GALLSTONE
GNB,dp,0.4,30,0.5100531045751634,0.032112274449319654,0.08866013071895426,0.045176622836046426,0.10352941176470587,0.03286639504275602,0.0134640522875817,0.016316846525651702,0.0134640522875817,0.016316846525651702,10.995121125851757,0.5063292941537844,11.002427516370062,0.48647659675344906,0.46875,0.0,255,64,32,True,False,GALLSTONE
GNB,dp,0.8,30,0.5000837418300653,0.04075476766410965,0.0817626633986928,0.04858154828433441,0.09398692810457518,0.028576072317496547,0.017385620915032676,0.019859388662294468,0.017385620915032676,0.019859388662294468,10.800165758427703,0.4618530542906272,10.803673367004093,0.473453702992824,0.453125,0.0,255,64,32,True,False,GALLSTONE
GNB,dp,1.0,30,0.49935457516339876,0.04475091226576338,0.08254901960784315,0.04280402769250375,0.10418300653594773,0.03565082392496859,0.012941176470588237,0.012240907041683104,0.012941176470588237,0.012240907041683104,10.547221691238853,0.5498344620342943,10.523838415439371,0.5374858549038103,0.515625,0.0,255,64,32,True,False,GALLSTONE
GNB,dp,2.0,30,0.4965604575163398,0.038769729727407,0.07736315359477125,0.044099671479039364,0.09830065359477126,0.042041134154514756,0.011633986928104577,0.00908379171403487,0.011633986928104577,0.00908379171403487,10.122621938285135,0.30987774979104665,10.122169451296147,0.30482766321587834,0.515625,0.0,255,64,32,True,False,GALLSTONE
GNB,dp,4.0,30,0.5034579248366013,0.04533307741295677,0.08161356209150328,0.0452165970054952,0.10431372549019607,0.04707624949687791,0.01790849673202614,0.016285399406882374,0.01790849673202614,0.016285399406882374,9.885124587414142,0.4221415365131694,9.898262361244235,0.42864004206182094,0.53125,0.0,255,64,32,True,False,GALLSTONE
GNB,dp,8.0,30,0.5011397058823529,0.04168515184921107,0.084734477124183,0.04777643833957067,0.09803921568627448,0.039502221170213896,0.015424836601307189,0.01666653851033645,0.015424836601307189,0.01666653851033645,9.385438142708324,0.5202183776642604,9.426392380496859,0.5002488135507344,0.46875,0.0,255,64,32,True,False,GALLSTONE
GNB,dp,10.0,30,0.5002798202614379,0.03256400827646268,0.08300653594771241,0.04427055511178981,0.10718954248366011,0.041258347893229096,0.01333333333333333,0.01580348367028226,0.01333333333333333,0.01580348367028226,9.345825015465282,0.4040485990892494,9.394389327670014,0.3778939679470769,0.578125,0.0,255,64,32,True,False,GALLSTONE
SVM,standard,,30,0.6945200163398694,0.01646531464753855,0.3090298202614379,0.029375077043939126,0.3125490196078432,0.05502460624181833,0.07542483660130721,0.0392507468543688,0.07542483660130721,0.0392507468543688,0.5130443264629543,0.022757057960489085,0.5767532324257528,0.02461602148882268,0.78125,0.0,255,64,32,True,False,GALLSTONE
SVM,dp,0.1,30,0.4888766339869281,0.0323634371178468,0.07458537581699347,0.035220926101026874,0.10326797385620917,0.03584656000209696,0.01699346405228758,0.015400445986952303,0.01699346405228758,0.015400445986952303,12.205728210024294,0.37390656703365877,12.227839349895067,0.37084974735240006,0.5,0.0,255,64,32,True,False,GALLSTONE
SVM,dp,0.2,30,0.49052696078431374,0.031664982995670596,0.07155841503267973,0.03841260552476733,0.09712418300653596,0.03831225147295121,0.013856209150326796,0.010061114460075219,0.013856209150326796,0.010061114460075219,10.965996849734733,0.538449918089044,10.989982011281642,0.5289471226329806,0.46875,0.0,255,64,32,True,False,GALLSTONE
SVM,dp,0.4,30,0.49847630718954256,0.04109740872232482,0.08862132352941177,0.04666363810900117,0.08797385620915033,0.04037099938724118,0.006797385620915032,0.009331538979124051,0.006797385620915032,0.009331538979124051,9.015185865166256,0.6463412456339996,9.055999082444687,0.6451363558864673,0.40625,0.0,255,64,32,True,False,GALLSTONE
SVM,dp,0.8,30,0.5042973856209151,0.03486523819640524,0.09217728758169934,0.03678245191713681,0.09947712418300654,0.03704423869494212,0.009542483660130718,0.00909507126107135,0.009542483660130718,0.00909507126107135,6.941151229786536,0.4347988382317328,7.026908105934909,0.4294292977313748,0.375,0.0,255,64,32,True,False,GALLSTONE
SVM,dp,1.0,30,0.4846732026143791,0.04110279542951492,0.08189746732026144,0.0517934229624431,0.07908496732026143,0.03274894632521165,0.012418300653594772,0.012527896165080477,0.012418300653594772,0.012527896165080477,11.772955874089632,0.4166416342942684,11.576956740260021,0.4323060488046611,0.359375,0.0,255,64,32,True,False,GALLSTONE
SVM,dp,2.0,30,0.5007373366013071,0.04838428540701762,0.08742442810457514,0.05760625785156352,0.0942483660130719,0.030985907233660247,0.008104575163398691,0.01080785705024543,0.008104575163398691,0.01080785705024543,5.821111450774487,0.2508722412681841,6.010029811578716,0.25239598904835786,0.46875,0.0,255,64,32,True,False,GALLSTONE
SVM,dp,4.0,30,0.5122242647058823,0.048376215141956,0.10680147058823529,0.054085379980604906,0.09751633986928104,0.040257193562886893,0.010196078431372546,0.014970602146112845,0.010196078431372546,0.014970602146112845,1.7909011982780212,0.07741124274600542,1.8912893801916113,0.0736914973670439,0.59375,0.0,255,64,32,True,False,GALLSTONE
SVM,dp,8.0,30,0.5302062908496732,0.049464242860885306,0.11771037581699348,0.05757956803698869,0.10967320261437909,0.04579437779224417,0.008888888888888887,0.011497324667867199,0.008888888888888887,0.011497324667867199,0.8344563224104317,0.03181863954555109,0.8850332135584017,0.03262567040372443,0.734375,0.0,255,64,32,True,False,GALLSTONE
SVM,dp,10.0,30,0.5393402777777777,0.04479787886019814,0.1281658496732026,0.05779111996324353,0.11294117647058825,0.04008705124550711,0.010196078431372546,0.015038930215183955,0.010196078431372546,0.015038930215183955,0.7097743310825659,0.028759753479048408,0.7515802959007396,0.030520033602207782,0.75,0.0,255,64,32,True,False,GALLSTONE
DNN,standard,,5,0.6878921568627451,0.022288146220305453,0.288921568627451,0.04158152344587639,0.25882352941176473,0.051609988631724245,0.03529411764705882,0.045463142733143336,0.03529411764705882,0.045463142733143336,0.6752752282050419,0.025909210022642654,0.7952039368177901,0.027304484273238307,0.78125,0.0,255,64,32,True,False,GALLSTONE
DNN,dp,0.1,5,0.5302083333333334,0.004548863777756873,0.09947303921568625,0.013082909983673662,0.1388235294117647,0.01040509738150714,0.008627450980392156,0.0015686274509803923,0.008627450980392156,0.0015686274509803923,0.7972508009512939,0.015795883374889717,0.9834397888719881,0.03802574160619874,0.5,0.0,255,64,32,True,False,GALLSTONE
DNN,dp,0.2,5,0.5305269607843137,0.004497632499091664,0.09947303921568625,0.013082909983673662,0.1380392156862745,0.011473520657511999,0.008627450980392156,0.0015686274509803923,0.008627450980392156,0.0015686274509803923,0.7972508009512939,0.015795883374889717,0.9834397888719881,0.03802574160619874,0.5,0.0,255,64,32,True,False,GALLSTONE
DNN,dp,0.4,5,0.5308946078431374,0.004642230624504576,0.09944852941176467,0.013094521880083079,0.1380392156862745,0.011473520657511999,0.008627450980392156,0.0015686274509803923,0.008627450980392156,0.0015686274509803923,0.7972508009512939,0.015795883374889717,0.9834397888719881,0.03802574160619874,0.5,0.0,255,64,32,True,False,GALLSTONE
DNN,dp,0.8,5,0.5311519607843137,0.0047394318280028986,0.09713235294117643,0.01096230949348669,0.1380392156862745,0.011473520657511999,0.008627450980392156,0.0015686274509803923,0.008627450980392156,0.0015686274509803923,0.7972508009512939,0.015795883374889717,0.9834397888719881,0.03802574160619874,0.5,0.0,255,64,32,True,False,GALLSTONE
DNN,dp,1.0,5,0.531421568627451,0.004477552785886844,0.09870098039215683,0.012429237905888858,0.13568627450980392,0.01152701055427378,0.008627450980392156,0.0015686274509803923,0.008627450980392156,0.0015686274509803923,0.7972508009512939,0.015795883374889717,0.9834397888719881,0.03802574160619874,0.5,0.0,255,64,32,True,False,GALLSTONE
DNN,dp,2.0,5,0.5323161764705883,0.005134438308851767,0.10406862745098037,0.016726374450799483,0.13411764705882354,0.012982702240977924,0.009411764705882352,0.0031372549019607846,0.009411764705882352,0.0031372549019607846,0.7972508009512939,0.015795883374889717,0.9834397888719881,0.03802574160619874,0.5,0.0,255,64,32,True,False,GALLSTONE
DNN,dp,4.0,5,0.5332720588235295,0.0055283056709019614,0.10727941176470587,0.011619844460012982,0.12705882352941175,0.01179082068891993,0.009411764705882352,0.0031372549019607846,0.009411764705882352,0.0031372549019607846,0.7972508009512939,0.015795883374889717,0.9834397888719881,0.03802574160619874,0.6875,0.0,255,64,32,True,False,GALLSTONE
DNN,dp,8.0,5,0.5342892156862746,0.00648405924692005,0.11273284313725487,0.014707791951180174,0.1192156862745098,0.010980392156862747,0.01019607843137255,0.003137254901960784,0.01019607843137255,0.003137254901960784,0.7972508009512939,0.015795883374889717,0.9834397888719881,0.03802574160619874,0.65625,0.0,255,64,32,True,False,GALLSTONE
DNN,dp,10.0,5,0.5351348039215686,0.006832984314658341,0.11361519607843136,0.016135541283827663,0.11529411764705881,0.011527010554273779,0.01019607843137255,0.003137254901960784,0.01019607843137255,0.003137254901960784,0.7972508009512939,0.015795883374889717,0.9834397888719881,0.03802574160619874,0.65625,0.0,255,64,32,True,False,GALLSTONE
