dataset,model,yeom_adv_base,lira_auc_base,tpr1_base,tpr1_dp,ACL_exported,reduction,n_samples
Breast Cancer,LR,0.0147484094852515,0.50109440267335,0.0269597069597069,0.0146520146520146,0.2115384615384614,0.0123076923076923,569
Breast Cancer,RF,0.1092346250240987,0.5866216824111561,0.0154578754578754,0.0142857142857142,0.2211362248014658,0.0011721611721612,569
Breast Cancer,GNB,0.0240023134759976,0.5114558832979886,0.0342857142857142,0.0218315018315018,0.3142857142857144,0.012454212454212396,569
Breast Cancer,DNN,0.0107769423558896,0.5206092153460574,0.0378021978021978,0.0215384615384615,0.3511565034544908,0.016263736263736298,569
Breast Cancer,SVM,0.0279352226720648,0.5813251076408971,0.0734798534798534,0.0192673992673992,0.083333333333333,0.0542124542124542,569
Diabetes,LR,0.0036235788034011,0.500626421007234,0.0100696102181434,0.0098957320271839,0.0007589412769186,0.00017387819095950052,70692
Diabetes,RF,-0.0003217672304819,0.5005332063589678,0.0099546737868312,0.0103890745554317,0.0673381294964029,-0.00043440076860050067,70692
Diabetes,GNB,0.0039493455192926,0.5001654764785463,0.0099682303915501,0.0097802061782752,0.0113703776942856,0.00018802421327489965,70692
Diabetes,DNN,0.0061165150874827,0.5144255164357734,0.011819001644475,0.0099977012713737,0.0078894349356981,0.0018213003731012995,70692
Diabetes,SVM,0.0085429496090089,0.5482320430449382,0.0213569571905999,0.0097006348027514,0.0287606433301797,0.0116563223878485,70692
Cancer Risk,LR,0.005,0.5069758333333333,0.0122222222222222,0.0141111111111111,0.0078431372549018,-0.0018888888888889,1500
Cancer Risk,RF,0.0508333333333332,0.5647062037037037,0.03275,0.0084166666666666,0.1647058823529412,0.0243333333333334,1500
Cancer Risk,GNB,0.0008333333333332,0.511094074074074,0.0109444444444444,0.0120833333333333,0.1445783132530117,-0.0011388888888888993,1500
Cancer Risk,DNN,-0.0024999999999999,0.5761761111111111,0.0396666666666666,0.0188333333333333,0.2867027299031325,0.0208333333333333,1500
Cancer Risk,SVM,0.0133333333333334,0.5771351851851853,0.0263333333333333,0.0116388888888888,0.0943396226415093,0.0146944444444445,1500
Gallstone,LR,-0.0681985294117647,0.5305106209150326,0.0132026143790849,0.0147712418300653,0.3265306122448979,-0.0015686274509804001,319
Gallstone,RF,0.143014705882353,0.7682700163398692,0.1641830065359477,0.0215686274509803,0.2830188679245283,0.14261437908496738,319
Gallstone,GNB,0.0180147058823529,0.5129748774509802,0.0083660130718954,0.0129411764705882,0.0571428571428571,-0.004575163398692801,319
Gallstone,DNN,0.0924632352941176,0.6878921568627451,0.0352941176470588,0.0086274509803921,0.3612774451097804,0.026666666666666703,319
Gallstone,SVM,0.0456495098039215,0.6945200163398694,0.0754248366013072,0.0095424836601307,0.54,0.06588235294117649,319
Kidney Stone,LR,0.0178125,0.4980028124999999,0.0141354166666666,0.0120416666666666,0.0826558265582656,0.00209375,4000
Kidney Stone,RF,0.0328125,0.5098543098958334,0.0141770833333333,0.012125,0.0582781456953641,0.0020520833333333,4000
Kidney Stone,GNB,0.0096874999999999,0.5000317903645833,0.0117812499999999,0.0123958333333333,0.0870786516853933,-0.000614583333333401,4000
Kidney Stone,DNN,0.02875,0.5338212890625,0.0283125,0.01625,0.0850681058853766,0.0120625,4000
Kidney Stone,SVM,0.0549999999999999,0.5518090885416667,0.0324791666666666,0.0115520833333333,0.0455764075067023,0.0209270833333333,4000
Lung Cancer,LR,-0.00345,0.4999796942499999,0.0091708333333333,0.0104416666666666,0.0205999999999999,-0.0012708333333332992,50000
Lung Cancer,RF,-0.0031999999999999,0.5008383965833334,0.0097991666666666,0.0094366666666666,0.1200999999999999,0.0003625,50000
Lung Cancer,GNB,-0.002475,0.5008931738333333,0.0115291666666666,0.0102158333333333,-0.0241854215653341,0.0013133333333333,50000
Lung Cancer,DNN,0.0010249999999999,0.49964037375,0.00888,0.009935,0.0,-0.0010549999999999986,50000
Lung Cancer,SVM,0.0001499999999999,0.5005812067500001,0.00978,0.0098483333333333,0.0613,-6.833333333329875e-05,50000
