dataset,dataset_dir,model,epsilon,exported_model_accuracy,recorded_run0_accuracy,report_json_run0_accuracy,agreement,n_test,model_file,measured_utc
Breast Cancer,BCP,DP-DNN,0.1,0.631578947368421,True,,"recovered cell; run-0 provenance author-confirmed, no report JSON value to cross-check against",114,BCP/DNN/output/model/dp_dnn_model_eps_0.1.pkl,2026-08-16T11:57:25Z
Breast Cancer,BCP,DP-DNN,0.2,0.631578947368421,True,,"recovered cell; run-0 provenance author-confirmed, no report JSON value to cross-check against",114,BCP/DNN/output/model/dp_dnn_model_eps_0.2.pkl,2026-08-16T11:57:25Z
Breast Cancer,BCP,DP-DNN,0.4,0.631578947368421,True,,"recovered cell; run-0 provenance author-confirmed, no report JSON value to cross-check against",114,BCP/DNN/output/model/dp_dnn_model_eps_0.4.pkl,2026-08-16T11:57:25Z
Breast Cancer,BCP,DP-DNN,0.8,0.631578947368421,True,,"recovered cell; run-0 provenance author-confirmed, no report JSON value to cross-check against",114,BCP/DNN/output/model/dp_dnn_model_eps_0.8.pkl,2026-08-16T11:57:25Z
Breast Cancer,BCP,DP-DNN,1.0,0.631578947368421,True,,"recovered cell; run-0 provenance author-confirmed, no report JSON value to cross-check against",114,BCP/DNN/output/model/dp_dnn_model_eps_1.0.pkl,2026-08-16T11:57:25Z
Breast Cancer,BCP,DP-DNN,2.0,0.631578947368421,True,,"recovered cell; run-0 provenance author-confirmed, no report JSON value to cross-check against",114,BCP/DNN/output/model/dp_dnn_model_eps_2.0.pkl,2026-08-16T11:57:25Z
Breast Cancer,BCP,DP-DNN,4.0,0.631578947368421,True,,"recovered cell; run-0 provenance author-confirmed, no report JSON value to cross-check against",114,BCP/DNN/output/model/dp_dnn_model_eps_4.0.pkl,2026-08-16T11:57:25Z
Breast Cancer,BCP,DP-DNN,8.0,0.7631578947368421,True,,"recovered cell; run-0 provenance author-confirmed, no report JSON value to cross-check against",114,BCP/DNN/output/model/dp_dnn_model_eps_8.0.pkl,2026-08-16T11:57:25Z
Breast Cancer,BCP,DP-DNN,10.0,0.8421052631578947,True,,"recovered cell; run-0 provenance author-confirmed, no report JSON value to cross-check against",114,BCP/DNN/output/model/dp_dnn_model_eps_10.0.pkl,2026-08-16T11:57:25Z
Cancer Risk,CANCER_RISK,DP-DNN,0.1,0.59,True,,"recovered cell; run-0 provenance author-confirmed, no report JSON value to cross-check against",300,CANCER_RISK/DNN/output/model/dp_dnn_model_eps_0.1.pkl,2026-08-16T11:57:25Z
Cancer Risk,CANCER_RISK,DP-DNN,0.2,0.67,True,,"recovered cell; run-0 provenance author-confirmed, no report JSON value to cross-check against",300,CANCER_RISK/DNN/output/model/dp_dnn_model_eps_0.2.pkl,2026-08-16T11:57:25Z
Cancer Risk,CANCER_RISK,DP-DNN,0.4,0.6366666666666667,True,,"recovered cell; run-0 provenance author-confirmed, no report JSON value to cross-check against",300,CANCER_RISK/DNN/output/model/dp_dnn_model_eps_0.4.pkl,2026-08-16T11:57:25Z
Cancer Risk,CANCER_RISK,DP-DNN,0.8,0.63,True,,"recovered cell; run-0 provenance author-confirmed, no report JSON value to cross-check against",300,CANCER_RISK/DNN/output/model/dp_dnn_model_eps_0.8.pkl,2026-08-16T11:57:25Z
Cancer Risk,CANCER_RISK,DP-DNN,1.0,0.63,True,,"recovered cell; run-0 provenance author-confirmed, no report JSON value to cross-check against",300,CANCER_RISK/DNN/output/model/dp_dnn_model_eps_1.0.pkl,2026-08-16T11:57:25Z
Cancer Risk,CANCER_RISK,DP-DNN,2.0,0.6633333333333333,True,,"recovered cell; run-0 provenance author-confirmed, no report JSON value to cross-check against",300,CANCER_RISK/DNN/output/model/dp_dnn_model_eps_2.0.pkl,2026-08-16T11:57:25Z
Cancer Risk,CANCER_RISK,DP-DNN,4.0,0.7366666666666667,True,,"recovered cell; run-0 provenance author-confirmed, no report JSON value to cross-check against",300,CANCER_RISK/DNN/output/model/dp_dnn_model_eps_4.0.pkl,2026-08-16T11:57:25Z
Cancer Risk,CANCER_RISK,DP-DNN,8.0,0.8233333333333334,True,,"recovered cell; run-0 provenance author-confirmed, no report JSON value to cross-check against",300,CANCER_RISK/DNN/output/model/dp_dnn_model_eps_8.0.pkl,2026-08-16T11:57:25Z
Cancer Risk,CANCER_RISK,DP-DNN,10.0,0.83,True,,"recovered cell; run-0 provenance author-confirmed, no report JSON value to cross-check against",300,CANCER_RISK/DNN/output/model/dp_dnn_model_eps_10.0.pkl,2026-08-16T11:57:25Z
Diabetes,DIABETES,DP-DNN,0.1,0.7310276540066483,True,,"recovered cell; run-0 provenance author-confirmed, no report JSON value to cross-check against",14139,DIABETES/DNN/output/model/dp_dnn_model_eps_0.1.pkl,2026-08-16T11:57:25Z
Diabetes,DIABETES,DP-DNN,0.2,0.7371808473017893,True,,"recovered cell; run-0 provenance author-confirmed, no report JSON value to cross-check against",14139,DIABETES/DNN/output/model/dp_dnn_model_eps_0.2.pkl,2026-08-16T11:57:25Z
Diabetes,DIABETES,DP-DNN,0.4,0.74000990169036,True,,"recovered cell; run-0 provenance author-confirmed, no report JSON value to cross-check against",14139,DIABETES/DNN/output/model/dp_dnn_model_eps_0.4.pkl,2026-08-16T11:57:25Z
Diabetes,DIABETES,DP-DNN,0.8,0.7437583987552161,True,,"recovered cell; run-0 provenance author-confirmed, no report JSON value to cross-check against",14139,DIABETES/DNN/output/model/dp_dnn_model_eps_0.8.pkl,2026-08-16T11:57:25Z
Diabetes,DIABETES,DP-DNN,1.0,0.7453143786689299,True,,"recovered cell; run-0 provenance author-confirmed, no report JSON value to cross-check against",14139,DIABETES/DNN/output/model/dp_dnn_model_eps_1.0.pkl,2026-08-16T11:57:25Z
Diabetes,DIABETES,DP-DNN,2.0,0.7478605276186435,True,,"recovered cell; run-0 provenance author-confirmed, no report JSON value to cross-check against",14139,DIABETES/DNN/output/model/dp_dnn_model_eps_2.0.pkl,2026-08-16T11:57:25Z
Diabetes,DIABETES,DP-DNN,4.0,0.7485677912157861,True,,"recovered cell; run-0 provenance author-confirmed, no report JSON value to cross-check against",14139,DIABETES/DNN/output/model/dp_dnn_model_eps_4.0.pkl,2026-08-16T11:57:25Z
Diabetes,DIABETES,DP-DNN,8.0,0.7495579602517859,True,,"recovered cell; run-0 provenance author-confirmed, no report JSON value to cross-check against",14139,DIABETES/DNN/output/model/dp_dnn_model_eps_8.0.pkl,2026-08-16T11:57:25Z
Diabetes,DIABETES,DP-DNN,10.0,0.7501237711295,True,,"recovered cell; run-0 provenance author-confirmed, no report JSON value to cross-check against",14139,DIABETES/DNN/output/model/dp_dnn_model_eps_10.0.pkl,2026-08-16T11:57:25Z
Gallstone,GALLSTONE,DP-DNN,0.1,0.5,True,,"recovered cell; run-0 provenance author-confirmed, no report JSON value to cross-check against",64,GALLSTONE/DNN/output/model/dp_dnn_model_eps_0.1.pt,2026-08-16T11:57:25Z
Gallstone,GALLSTONE,DP-DNN,0.2,0.5,True,,"recovered cell; run-0 provenance author-confirmed, no report JSON value to cross-check against",64,GALLSTONE/DNN/output/model/dp_dnn_model_eps_0.2.pt,2026-08-16T11:57:25Z
Gallstone,GALLSTONE,DP-DNN,0.4,0.5,True,,"recovered cell; run-0 provenance author-confirmed, no report JSON value to cross-check against",64,GALLSTONE/DNN/output/model/dp_dnn_model_eps_0.4.pt,2026-08-16T11:57:25Z
Gallstone,GALLSTONE,DP-DNN,0.8,0.5,True,,"recovered cell; run-0 provenance author-confirmed, no report JSON value to cross-check against",64,GALLSTONE/DNN/output/model/dp_dnn_model_eps_0.8.pt,2026-08-16T11:57:25Z
Gallstone,GALLSTONE,DP-DNN,1.0,0.5,True,,"recovered cell; run-0 provenance author-confirmed, no report JSON value to cross-check against",64,GALLSTONE/DNN/output/model/dp_dnn_model_eps_1.0.pt,2026-08-16T11:57:25Z
Gallstone,GALLSTONE,DP-DNN,2.0,0.5,True,,"recovered cell; run-0 provenance author-confirmed, no report JSON value to cross-check against",64,GALLSTONE/DNN/output/model/dp_dnn_model_eps_2.0.pt,2026-08-16T11:57:25Z
Gallstone,GALLSTONE,DP-DNN,4.0,0.6875,True,,"recovered cell; run-0 provenance author-confirmed, no report JSON value to cross-check against",64,GALLSTONE/DNN/output/model/dp_dnn_model_eps_4.0.pt,2026-08-16T11:57:25Z
Gallstone,GALLSTONE,DP-DNN,8.0,0.65625,True,,"recovered cell; run-0 provenance author-confirmed, no report JSON value to cross-check against",64,GALLSTONE/DNN/output/model/dp_dnn_model_eps_8.0.pt,2026-08-16T11:57:25Z
Gallstone,GALLSTONE,DP-DNN,10.0,0.65625,True,,"recovered cell; run-0 provenance author-confirmed, no report JSON value to cross-check against",64,GALLSTONE/DNN/output/model/dp_dnn_model_eps_10.0.pt,2026-08-16T11:57:25Z
Kidney Stone,KIDNEY_STONE,DP-DNN,0.1,0.60875,True,0.60875,matches recorded per_run_accuracies[0],800,KIDNEY_STONE/DNN/output/model/dp_dnn_model_eps_0.1.pt,2026-08-16T11:57:25Z
Kidney Stone,KIDNEY_STONE,DP-DNN,0.2,0.645,True,0.645,matches recorded per_run_accuracies[0],800,KIDNEY_STONE/DNN/output/model/dp_dnn_model_eps_0.2.pt,2026-08-16T11:57:25Z
Kidney Stone,KIDNEY_STONE,DP-DNN,0.4,0.89,True,0.89,matches recorded per_run_accuracies[0],800,KIDNEY_STONE/DNN/output/model/dp_dnn_model_eps_0.4.pt,2026-08-16T11:57:25Z
Kidney Stone,KIDNEY_STONE,DP-DNN,0.8,0.89,True,0.89,matches recorded per_run_accuracies[0],800,KIDNEY_STONE/DNN/output/model/dp_dnn_model_eps_0.8.pt,2026-08-16T11:57:25Z
Kidney Stone,KIDNEY_STONE,DP-DNN,1.0,0.89,True,0.89,matches recorded per_run_accuracies[0],800,KIDNEY_STONE/DNN/output/model/dp_dnn_model_eps_1.0.pt,2026-08-16T11:57:25Z
Kidney Stone,KIDNEY_STONE,DP-DNN,2.0,0.89,True,0.89,matches recorded per_run_accuracies[0],800,KIDNEY_STONE/DNN/output/model/dp_dnn_model_eps_2.0.pt,2026-08-16T11:57:25Z
Kidney Stone,KIDNEY_STONE,DP-DNN,4.0,0.89,True,0.89,matches recorded per_run_accuracies[0],800,KIDNEY_STONE/DNN/output/model/dp_dnn_model_eps_4.0.pt,2026-08-16T11:57:25Z
Kidney Stone,KIDNEY_STONE,DP-DNN,8.0,0.89,True,0.89,matches recorded per_run_accuracies[0],800,KIDNEY_STONE/DNN/output/model/dp_dnn_model_eps_8.0.pt,2026-08-16T11:57:25Z
Kidney Stone,KIDNEY_STONE,DP-DNN,10.0,0.89,True,0.89,matches recorded per_run_accuracies[0],800,KIDNEY_STONE/DNN/output/model/dp_dnn_model_eps_10.0.pt,2026-08-16T11:57:25Z
Lung Cancer,LUNG_CANCER,DP-DNN,0.1,0.9679,True,0.9679,matches recorded per_run_accuracies[0],10000,LUNG_CANCER/DNN/output/model/dp_dnn_model_eps_0.1.pt,2026-08-16T11:57:25Z
Lung Cancer,LUNG_CANCER,DP-DNN,0.2,0.9886,True,0.9886,matches recorded per_run_accuracies[0],10000,LUNG_CANCER/DNN/output/model/dp_dnn_model_eps_0.2.pt,2026-08-16T11:57:25Z
Lung Cancer,LUNG_CANCER,DP-DNN,0.4,1.0,True,1.0,matches recorded per_run_accuracies[0],10000,LUNG_CANCER/DNN/output/model/dp_dnn_model_eps_0.4.pt,2026-08-16T11:57:25Z
Lung Cancer,LUNG_CANCER,DP-DNN,0.8,1.0,True,1.0,matches recorded per_run_accuracies[0],10000,LUNG_CANCER/DNN/output/model/dp_dnn_model_eps_0.8.pt,2026-08-16T11:57:25Z
Lung Cancer,LUNG_CANCER,DP-DNN,1.0,1.0,True,1.0,matches recorded per_run_accuracies[0],10000,LUNG_CANCER/DNN/output/model/dp_dnn_model_eps_1.0.pt,2026-08-16T11:57:25Z
Lung Cancer,LUNG_CANCER,DP-DNN,2.0,1.0,True,1.0,matches recorded per_run_accuracies[0],10000,LUNG_CANCER/DNN/output/model/dp_dnn_model_eps_2.0.pt,2026-08-16T11:57:25Z
Lung Cancer,LUNG_CANCER,DP-DNN,4.0,1.0,True,1.0,matches recorded per_run_accuracies[0],10000,LUNG_CANCER/DNN/output/model/dp_dnn_model_eps_4.0.pt,2026-08-16T11:57:25Z
Lung Cancer,LUNG_CANCER,DP-DNN,8.0,1.0,True,1.0,matches recorded per_run_accuracies[0],10000,LUNG_CANCER/DNN/output/model/dp_dnn_model_eps_8.0.pt,2026-08-16T11:57:25Z
Lung Cancer,LUNG_CANCER,DP-DNN,10.0,1.0,True,1.0,matches recorded per_run_accuracies[0],10000,LUNG_CANCER/DNN/output/model/dp_dnn_model_eps_10.0.pt,2026-08-16T11:57:25Z
