dataset,model,family,test_accuracy,train_accuracy,train_test_gap,test_accuracy_exported,train_accuracy_exported,train_test_gap_exported
Gallstone,RF,RF,0.828125,0.9137254901960784,0.0856004901960784,0.828125,0.9137254901960784,0.0856004901960784
Gallstone,LR,LR,0.765625,0.7411764705882353,-0.024448529411764675,0.765625,0.7411764705882355,-0.024448529411764452
Gallstone,GNB,GNB,0.546875,0.5764705882352941,0.029595588235294068,0.546875,0.5764705882352942,0.02959558823529418
Gallstone,SVM,SVM,0.78125,0.8313725490196079,0.05012254901960789,0.78125,0.831372549019608,0.050122549019608
Gallstone,DNN,DNN,0.7828125,0.878562091503268,0.095749591503268,0.78125,0.8823529411764707,0.10110294117647067
Breast Cancer,RF,RF,0.9573099415204676,0.9871062271062272,0.02979628558575964,0.9473684210526312,0.989010989010989,0.04164256795835786
Breast Cancer,LR,LR,0.912280701754386,0.9406593406593406,0.028378638904954623,0.912280701754386,0.9406593406593406,0.028378638904954623
Breast Cancer,GNB,GNB,0.9210526315789476,0.945054945054945,0.02400231347599746,0.9210526315789476,0.945054945054945,0.02400231347599746
Breast Cancer,SVM,SVM,0.9473684210526312,0.9802197802197802,0.032851359167148986,0.9473684210526312,0.9802197802197802,0.032851359167148986
Breast Cancer,DNN,DNN,0.9733918128654968,0.9850549450549452,0.011663132189448366,0.9736842105263156,0.9846153846153848,0.010931174089069184
Cancer Risk,RF,RF,0.85,0.86,0.010000000000000009,0.8500000000000002,0.8599999999999999,0.009999999999999676
Cancer Risk,LR,LR,0.85,0.8591666666666666,0.009166666666666656,0.8500000000000002,0.8591666666666666,0.009166666666666434
Cancer Risk,GNB,GNB,0.8299999999999996,0.8299999999999996,0.0,0.8299999999999996,0.8299999999999996,0.0
Cancer Risk,SVM,SVM,0.8833333333333333,0.8908333333333334,0.007500000000000062,0.8833333333333332,0.8908333333333334,0.007500000000000173
Cancer Risk,DNN,DNN,0.8832222222222222,0.9047499999999998,0.02152777777777759,0.89,0.9033333333333332,0.013333333333333197
Kidney Stone,RF,RF,0.94375,0.9503125,0.006562500000000027,0.9437500000000002,0.9503124999999998,0.0065624999999995826
Kidney Stone,LR,LR,0.9225,0.925625,0.0031250000000000444,0.9225,0.925625,0.0031250000000000444
Kidney Stone,GNB,GNB,0.8900000000000001,0.8996874999999999,0.009687499999999738,0.8900000000000001,0.8996874999999999,0.009687499999999738
Kidney Stone,SVM,SVM,0.9325,0.9534375,0.020937500000000053,0.9325000000000002,0.9534375,0.02093749999999983
Kidney Stone,DNN,DNN,0.97275,0.994,0.02124999999999999,0.97375,0.99625,0.022499999999999964
Lung Cancer,RF,RF,1.0,1.0,0.0,1.0,1.0,0.0
Lung Cancer,LR,LR,1.0,1.0,0.0,1.0,1.0,0.0
Lung Cancer,GNB,GNB,0.8931,0.890625,-0.002475000000000005,0.8931000000000001,0.890625,-0.002475000000000116
Lung Cancer,SVM,SVM,1.0,1.0,0.0,1.0,1.0,0.0
Lung Cancer,DNN,DNN,1.0,1.0,0.0,1.0,1.0,0.0
Diabetes,RF,RF,0.7373223000212179,0.7410216964617262,0.003699396440508318,0.7373223000212181,0.741021696461726,0.003699396440507874
Diabetes,LR,LR,0.7455265577480727,0.747599596838364,0.0020730390902912177,0.7455265577480726,0.7475995968383639,0.0020730390902912177
Diabetes,GNB,GNB,0.7153264021500817,0.7197142503492302,0.004387848199148503,0.7153264021500817,0.7197142503492302,0.004387848199148503
Diabetes,SVM,SVM,0.7475776221797864,0.7545134652449914,0.006935843065205005,0.7475776221797864,0.7545134652449913,0.006935843065204894
Diabetes,DNN,DNN,0.7512412476129853,0.7591957986313723,0.007954551018387046,0.7508310347266426,0.7571658444291196,0.006334809702477018
