dataset,model,yeom_advantage,yeom_advantage_std,shokri_auc,shokri_auc_std,lira_auc,lira_auc_std,lira_tpr_at_1pct,lira_tpr_at_1pct_std
Gallstone,RF,0.143014705882353,0.0,0.581342933006536,0.0286308619296418,0.7682700163398692,0.0113322296508156,0.1641830065359477,0.0676871782771503
Gallstone,LR,-0.0681985294117647,0.0,0.4866748366013071,0.0299498401787428,0.5305106209150326,0.0207495005271992,0.0132026143790849,0.0142291649720729
Gallstone,GNB,0.0180147058823529,0.0,0.5102563316993464,0.0190688330163579,0.5129748774509802,0.0280136463685926,0.0083660130718954,0.0057039017592866
Gallstone,SVM,0.0456495098039215,0.0,0.5390594362745098,0.0062493859732178,0.6945200163398694,0.0164653146475385,0.0754248366013072,0.0392507468543688
Gallstone,DNN,0.0924632352941176,0.0,0.5102941176470589,0.0066845968871744,0.6878921568627451,0.0222881462203054,0.0352941176470588,0.0454631427331433
Breast Cancer,RF,0.1092346250240987,0.0,0.5302525544630806,0.0219282650423447,0.5866216824111561,0.0251180501050844,0.0154578754578754,0.0100312811607243
Breast Cancer,LR,0.0147484094852515,0.0,0.5009555941134889,0.0208585160305774,0.50109440267335,0.0195037469158878,0.0269597069597069,0.0129519168531045
Breast Cancer,GNB,0.0240023134759976,0.0,0.5009154295996402,0.0201796983844295,0.5114558832979886,0.016839205423116,0.0342857142857142,0.0129477723722287
Breast Cancer,SVM,0.0279352226720648,0.0,0.5852834008097166,0.0129855979564288,0.5813251076408971,0.0185694831500396,0.0734798534798534,0.0178882137877336
Breast Cancer,DNN,0.0107769423558896,0.0,0.5091575091575091,0.0253886914306558,0.5206092153460574,0.0135512787733457,0.0378021978021978,0.0180915302217641
Cancer Risk,RF,0.0508333333333332,0.0,0.5072407407407407,0.0130168362474002,0.5647062037037037,0.009900856150455,0.03275,0.0097352690236563
Cancer Risk,LR,0.005,0.0,0.5027111111111112,0.0104432604234312,0.5069758333333333,0.0206917499755933,0.0122222222222222,0.0064704933313169
Cancer Risk,GNB,0.0008333333333332,0.0,0.4958700462962963,0.0147681040578816,0.511094074074074,0.0139703231117381,0.0109444444444444,0.0053650676246701
Cancer Risk,SVM,0.0133333333333334,0.0,0.5228964351851852,0.015707791832053,0.5771351851851853,0.01469690655935,0.0263333333333333,0.0143800916908424
Cancer Risk,DNN,-0.0024999999999999,0.0,0.5041580555555556,0.0079601757805208,0.5761761111111111,0.013622830396973,0.0396666666666666,0.0106536378763312
Kidney Stone,RF,0.0328125,0.0,0.51297419921875,0.0104898059763934,0.5098543098958334,0.0098128026330281,0.0141770833333333,0.0039573600777187
Kidney Stone,LR,0.0178125,0.0,0.5003273111979166,0.0086808540148954,0.4980028124999999,0.0117647523069753,0.0141354166666666,0.004118747892429
Kidney Stone,GNB,0.0096874999999999,0.0,0.5016489518229166,0.0047370561544427,0.5000317903645833,0.0027363753540097,0.0117812499999999,0.0020190337777841
Kidney Stone,SVM,0.0549999999999999,0.0,0.5448704817708333,0.0101646001263147,0.5518090885416667,0.007437751869486,0.0324791666666666,0.0051253387421927
Kidney Stone,DNN,0.02875,0.0,0.5174514453125001,0.0077462723279811,0.5338212890625,0.0169422479232897,0.0283125,0.0050334816479252
Lung Cancer,RF,-0.0031999999999999,0.0,0.4992729835416666,0.0018697346023359,0.5008383965833334,0.0031477926747517,0.0097991666666666,0.0008536315396911
Lung Cancer,LR,-0.00345,0.0,0.4996573894583333,0.0029725584835288,0.4999796942499999,0.0032325879714048,0.0091708333333333,0.0008625805115401
Lung Cancer,GNB,-0.002475,0.0,0.4988896306666666,0.0019146877655461,0.5008931738333333,0.0026726804644583,0.0115291666666666,0.0008623147949302
Lung Cancer,SVM,0.0001499999999999,0.0,0.4993610709583333,0.0016049894683031,0.5005812067500001,0.0032745584082196,0.00978,0.0011404567798328
Lung Cancer,DNN,0.0010249999999999,0.0,0.499989933,1.1919217088418387e-05,0.49964037375,0.0009641013850699,0.00888,0.0006411708040764
Diabetes,RF,-0.0003217672304819,0.0,0.5011969168981648,0.0025544496445909,0.5005332063589678,0.0028525695953747,0.0099546737868312,0.000869020042096
Diabetes,LR,0.0036235788034011,0.0,0.5007049309391733,0.002244020017175,0.500626421007234,0.0026576288281783,0.0100696102181434,0.0008778294236145
Diabetes,GNB,0.0039493455192926,0.0,0.4999803785929479,0.0028530560225369,0.5001654764785463,0.0023766047720904,0.0099682303915501,0.0009698339534343
Diabetes,SVM,0.0085429496090089,0.0,0.5133010155902805,0.0023369600397411,0.5482320430449382,0.0013762154460176,0.0213569571905999,0.0017460240567048
Diabetes,DNN,0.0061165150874827,0.0,0.5018045251706182,0.0018940315950845,0.5144255164357734,0.0032990504432891,0.011819001644475,0.0012868021552688
