dataset,model,family,epsilon,lira_tpr_at_1pct,bound_exp_eps_times_fpr,ratio_tpr_over_bound,n_members,n_nonmembers
Breast Cancer,DP-DNN,DNN,0.1,0.0210989010989011,0.011051709180756477,1.909107519372574,455,114
Gallstone,DP-LR,LR,0.1,0.0199999999999999,0.011051709180756477,1.80967483607191,255,64
Breast Cancer,DP-SVM,SVM,0.1,0.0192673992673992,0.011051709180756477,1.743386380538143,455,114
Breast Cancer,DP-DNN,DNN,0.2,0.0210989010989011,0.0122140275816017,1.7274319185821154,455,114
Cancer Risk,DP-DNN,DNN,0.1,0.0181666666666666,0.011051709180756477,1.6437879760986536,1200,300
Cancer Risk,DP-DNN,DNN,0.2,0.0194999999999999,0.0122140275816017,1.5965249685020562,1200,300
Kidney Stone,DP-DNN,DNN,0.2,0.0194375,0.0122140275816017,1.591407901295327,3200,800
Kidney Stone,DP-DNN,DNN,0.1,0.0171875,0.011051709180756477,1.5551893122493055,3200,800
Gallstone,DP-LR,LR,0.2,0.0188235294117647,0.0122140275816017,1.5411402410879653,255,64
Breast Cancer,DP-SVM,SVM,0.2,0.0186813186813186,0.0122140275816017,1.5294970112445747,455,114
Breast Cancer,DP-RF,RF,0.1,0.0164835164835164,0.011051709180756477,1.491490249509816,455,114
Cancer Risk,DP-LR,LR,0.1,0.0163611111111111,0.011051709180756477,1.4804145533977215,1200,300
Breast Cancer,DP-GNB,GNB,0.4,0.0216849816849816,0.014918246976412704,1.4535877921358862,455,114
Breast Cancer,DP-DNN,DNN,0.4,0.021098901098901,0.014918246976412704,1.4143016355916718,455,114
Breast Cancer,DP-GNB,GNB,0.1,0.0155311355311355,0.011051709180756477,1.4053152573159196,455,114
Cancer Risk,DP-DNN,DNN,0.4,0.0205,0.014918246976412704,1.3741560943730606,1200,300
Gallstone,DP-RF,RF,0.4,0.02,0.014918246976412704,1.3406400920712787,255,64
Kidney Stone,DP-RF,RF,0.1,0.0146041666666666,0.011051709180756477,1.321439645923343,3200,800
Gallstone,DP-GNB,GNB,0.1,0.0145098039215686,0.011051709180756477,1.312901351660017,255,64
Cancer Risk,DP-GNB,GNB,0.2,0.0159444444444444,0.0122140275816017,1.3054207007410006,1200,300
Gallstone,DP-GNB,GNB,0.2,0.0155555555555555,0.0122140275816017,1.2735811714546337,255,64
Breast Cancer,DP-LR,LR,0.1,0.0139926739926739,0.011051709180756477,1.2661095006949972,455,114
Breast Cancer,DP-GNB,GNB,0.2,0.0153846153846153,0.0122140275816017,1.259585773966119,455,114
Breast Cancer,DP-LR,LR,0.2,0.0152380952380952,0.0122140275816017,1.247589718975969,455,114
Kidney Stone,DP-DNN,DNN,0.4,0.0185,0.014918246976412704,1.2400920851659325,3200,800
Cancer Risk,DP-GNB,GNB,0.1,0.0136111111111111,0.011051709180756477,1.2315842634378327,1200,300
Gallstone,DP-LR,LR,0.4,0.0172549019607843,0.014918246976412704,1.1566306676693374,255,64
Cancer Risk,DP-SVM,SVM,0.1,0.0125,0.011051709180756477,1.1310467725449493,1200,300
Kidney Stone,DP-LR,LR,0.1,0.0124583333333333,0.011051709180756477,1.1272766166364632,3200,800
Gallstone,DP-RF,RF,0.2,0.0137254901960784,0.0122140275816017,1.1237480924599723,255,64
Breast Cancer,DP-RF,RF,0.2,0.0136263736263736,0.0122140275816017,1.1156331140842806,455,114
Kidney Stone,DP-GNB,GNB,0.2,0.0134895833333333,0.0122140275816017,1.1044336721208163,3200,800
Breast Cancer,DP-LR,LR,0.4,0.0163369963369963,0.014918246976412704,1.095101613669943,455,114
Kidney Stone,DP-SVM,SVM,0.1,0.0118958333333333,0.011051709180756477,1.0763795118719404,3200,800
Breast Cancer,DP-SVM,SVM,0.4,0.0158974358974358,0.014918246976412704,1.065636996261779,455,114
Cancer Risk,DP-LR,LR,0.2,0.0128333333333333,0.0122140275816017,1.050704466450074,1200,300
Cancer Risk,DP-RF,RF,0.1,0.0115,0.011051709180756477,1.0405630307413534,1200,300
Cancer Risk,DP-SVM,SVM,0.2,0.0123888888888888,0.0122140275816017,1.0143164329799368,1200,300
Kidney Stone,DP-LR,LR,0.2,0.0123749999999999,0.0122140275816017,1.0131793069339943,3200,800
Gallstone,DP-SVM,SVM,0.1,0.0111111111111111,0.011051709180756477,1.0053749089288428,255,64
