dataset,dataset_dir,model,family,nonprivate_hyperparameters,nonprivate_hyperparameters_source,dp_hyperparameters,dp_hyperparameters_source,dp_mechanism,batch_size,batch_size_source,std_train_time_s,train_time_mean,train_time_std,version_python,version_numpy,version_scikit_learn,version_pytorch,version_opacus,version_diffprivlib,source_std_report,source_dp_report
Gallstone,GALLSTONE,DP-RF,RF,n_estimators=20; max_depth=4; random_state=42; n_jobs=-1,notebook source (GALLSTONE/RandomForest/STD_RF.ipynb),"n_estimators=20; max_depth=4; bounds=per-feature, from processed_data.pkl; random_state=run*10+42; n_jobs=-1; n_runs=30",notebook source (GALLSTONE/RandomForest/DP_RF.ipynb),"Exponential mechanism (split selection), pure ε-DP",n/a (not a minibatch learner),n/a,0.0343106249929405,0.0202034542662052,0.0054801767882457,3.13,2.4.6,1.6.1,2.11.0,1.6.0,0.6.6,GALLSTONE/RandomForest/output/std_rf_report.json,GALLSTONE/RandomForest/output/dp_rf_report.json
Gallstone,GALLSTONE,DP-LR,LR,max_iter=1000; random_state=42; solver=lbfgs (scikit-learn default),notebook source (GALLSTONE/LR/STD_LR.ipynb),max_iter=1000; data_norm=1.0; random_state=run*10+42; n_runs=30,notebook source (GALLSTONE/LR/DP_LR.ipynb),"Objective perturbation (diffprivlib), pure ε-DP",n/a (not a minibatch learner),n/a,0.0023879999935161,0.000634941732278,5.761964782490554e-05,3.13,2.4.6,1.6.1,2.11.0,1.6.0,0.6.6,GALLSTONE/LR/output/std_lr_report.json,GALLSTONE/LR/output/dp_lr_report.json
Gallstone,GALLSTONE,DP-GNB,GNB,"model=GaussianNB; constructor called with no arguments (scikit-learn defaults: priors=None, var_smoothing=1e-09)",notebook source (GALLSTONE/GaussianNB/STD_GNB.ipynb),"bounds=per-feature, from processed_data.pkl; model=DP-GaussianNB; random_state not set (diffprivlib default); n_runs=30",notebook source (GALLSTONE/GaussianNB/DP_GNB.ipynb),"Laplace perturbation of sufficient statistics, pure ε-DP",n/a (not a minibatch learner),n/a,0.0005655830027535,0.0088458430332442,0.0001966540211198,3.13,2.4.6,1.6.1,2.11.0,1.6.0,0.6.6,GALLSTONE/GaussianNB/output/std_gnb_report.json,GALLSTONE/GaussianNB/output/dp_gnb_report.json
Gallstone,GALLSTONE,DP-SVM,SVM,C=1.0; kernel=rbf; gamma=scale; random_state=42; probability=True,notebook source (GALLSTONE/SVM/STD_SVM.ipynb),"Lambda=0.01; h=0.5; normalize=True; fit_intercept=False; random_state=run*10+42; method=Objective Perturbation (Chaudhuri et al. 2011, Algorithm 2); model=DP-SVM with Huber Loss; n_runs=30",notebook source (GALLSTONE/SVM/DP_SVM.ipynb),"Objective perturbation, Chaudhuri et al. Alg. 2, pure ε-DP",n/a (not a minibatch learner),n/a,0.0052176669996697,0.0006100498999785,0.0002946157583717,3.13,2.4.6,1.6.1,2.11.0,1.6.0,0.6.6,GALLSTONE/SVM/output/std_svm_report.json,GALLSTONE/SVM/output/dp_svm_report.json
Gallstone,GALLSTONE,DP-DNN,DNN,"architecture=DNN; hidden_sizes=[64,32]; input_size=38; num_classes=2; dropout=0.3; learning_rate=0.001; optimizer=Adam; num_epochs=50; batch_size=32; n_runs=30",notebook source (GALLSTONE/DNN/STD_DNN.ipynb),"architecture=[64,32]; input_features=38; dropout=0.3; learning_rate=0.001; epochs=50; batch_size=31; max_grad_norm=1.0; delta=1e-05; n_runs=30",report JSON,"DP-SGD (Opacus), Gaussian mechanism, (ε, δ)-DP [report: DP-SGD (Opacus)]",STD=32; DP=31,STD=notebook source (GALLSTONE/DNN/STD_DNN.ipynb); DP=report JSON,0.1425440250333243,0.2985639028333632,0.0009714802902964,3.13,2.4.6,1.6.1,2.11.0,1.6.0,0.6.6,GALLSTONE/DNN/output/std_dnn_report.json,GALLSTONE/DNN/output/dp_dnn_report.json
Breast Cancer,BCP,DP-RF,RF,n_estimators=20; max_depth=4; random_state=run * 10 + 42; n_jobs=-1,report JSON,n_estimators=20; max_depth=4; random_state=varies (20 seeds per epsilon); n_jobs=-1; n_runs=30,report JSON,"Exponential mechanism (split selection), pure ε-DP",n/a (not a minibatch learner),n/a,0.018279305633041,0.0192723652347922,0.0042282506982427,3.13,2.4.6,1.6.1,2.11.0,1.6.0,0.6.6,BCP/RandomForest/output/std_rf_report.json,BCP/RandomForest/output/dp_rf_report.json
Breast Cancer,BCP,DP-LR,LR,max_iter=1000; solver=lbfgs; random_state=42,report JSON,max_iter=1000; n_runs=30,report JSON,"Objective perturbation (diffprivlib), pure ε-DP",n/a (not a minibatch learner),n/a,0.0020260000019334,0.0008530347341244,0.0002401170039898,3.13,2.4.6,1.6.1,2.11.0,1.6.0,0.6.6,BCP/LR/output/std_lr_report.json,BCP/LR/output/dp_lr_report.json
Breast Cancer,BCP,DP-GNB,GNB,var_smoothing=1e-09; priors=None (learned from data); model=GaussianNB,report JSON,priors=None (learned from data); bounds=Per-feature bounds; model=DP-GaussianNB; n_runs=30,report JSON,"Laplace perturbation of sufficient statistics, pure ε-DP",n/a (not a minibatch learner),n/a,0.0001787389667394,0.0062650347991924,0.0001246837202514,3.13,2.4.6,1.6.1,2.11.0,1.6.0,0.6.6,BCP/GaussianNB/output/std_gnb_report.json,BCP/GaussianNB/output/dp_gnb_report.json
Breast Cancer,BCP,DP-SVM,SVM,C=1.0; kernel=rbf; gamma=scale; random_state=run_idx * 10 + 3; probability=True,report JSON,"optimizer=L-BFGS-B; Lambda=0.01; h=0.5; method=Objective Perturbation (L2-norm spherical noise, ν(b) ∝ exp(-β‖b‖₂)); model=DP-SVM with Huber Loss (Chaudhuri et al. 2011, Algorithm 2); n_runs=30",report JSON,"Objective perturbation, Chaudhuri et al. Alg. 2, pure ε-DP",n/a (not a minibatch learner),n/a,0.0035201805988132,0.0008777583999896,0.0005211811572084,3.13,2.4.6,1.6.1,2.11.0,1.6.0,0.6.6,BCP/SVM/output/std_svm_report.json,BCP/SVM/output/dp_svm_report.json
Breast Cancer,BCP,DP-DNN,DNN,"architecture=DNN; hidden_sizes=[64,32]; input_size=30; num_classes=2; dropout=0.2; learning_rate=0.001; optimizer=Adam; num_epochs=50; batch_size=32",report JSON,"architecture=[64,32]; input_features=30; dropout=0.3; learning_rate=0.001; epochs=50; batch_size=56; max_grad_norm=1.0; delta=1e-05; n_runs=30",report JSON,"DP-SGD (Opacus), Gaussian mechanism, (ε, δ)-DP [report: DP-SGD (Opacus)]",STD=32; DP=56,STD=report JSON; DP=report JSON,0.1897897986336223,3.4750977361991926,0.1890406563184235,3.13,2.4.6,1.6.1,2.11.0,1.6.0,0.6.6,BCP/DNN/output/std_dnn_report.json,BCP/DNN/output/dp_dnn_report.json
Cancer Risk,CANCER_RISK,DP-RF,RF,n_estimators=20; max_depth=4; random_state=42,report JSON,n_estimators=20; max_depth=4; random_state=varies (30 seeds per epsilon); n_jobs=-1; n_runs=30,report JSON,"Exponential mechanism (split selection), pure ε-DP",n/a (not a minibatch learner),n/a,0.0847845829994184,0.0219798387353269,0.0012768720440179,3.13,2.4.6,1.6.1,2.11.0,1.6.0,0.6.6,CANCER_RISK/RandomForest/output/std_rf_report.json,CANCER_RISK/RandomForest/output/dp_rf_report.json
Cancer Risk,CANCER_RISK,DP-LR,LR,max_iter=1000; solver=lbfgs; random_state=42,report JSON,max_iter=1000; n_runs=30; epsilon=0.1,report JSON,"Objective perturbation (diffprivlib), pure ε-DP",n/a (not a minibatch learner),n/a,0.0023244170006364,0.0008071403329571,8.810080606094439e-05,3.13,2.4.6,1.6.1,2.11.0,1.6.0,0.6.6,CANCER_RISK/LR/output/std_lr_report.json,CANCER_RISK/LR/output/dp_lr_report.json
Cancer Risk,CANCER_RISK,DP-GNB,GNB,"model=GaussianNB; constructor called with no arguments (scikit-learn defaults: priors=None, var_smoothing=1e-09); n_runs=30",notebook source (CANCER_RISK/GaussianNB/STD_GNB.ipynb),model=DP Gaussian Naive Bayes; n_runs=30; library=diffprivlib,report JSON,"Laplace perturbation of sufficient statistics, pure ε-DP",n/a (not a minibatch learner),n/a,0.00018564859735,0.0016813792006966,4.042043287520174e-05,3.13,2.4.6,1.6.1,2.11.0,1.6.0,0.6.6,CANCER_RISK/GaussianNB/output/std_gnb_report.json,CANCER_RISK/GaussianNB/output/dp_gnb_report.json
Cancer Risk,CANCER_RISK,DP-SVM,SVM,C=1.0; kernel=rbf; gamma=scale; random_state=42,report JSON,"optimizer=L-BFGS-B; Lambda=0.01; h=0.5; method=Objective Perturbation (L2-norm spherical noise, ν(b) ∝ exp(-β‖b‖₂)); model=DP-SVM with Huber Loss (Chaudhuri et al. 2011, Algorithm 2); n_runs=30",report JSON,"Objective perturbation, Chaudhuri et al. Alg. 2, pure ε-DP",n/a (not a minibatch learner),n/a,0.0357240839948644,0.0008164736666458,0.0003058226256137,3.13,2.4.6,1.6.1,2.11.0,1.6.0,0.6.6,CANCER_RISK/SVM/output/std_svm_report.json,CANCER_RISK/SVM/output/dp_svm_report.json
Cancer Risk,CANCER_RISK,DP-DNN,DNN,"architecture=DNN; hidden_sizes=[64,32]; input_size=8; num_classes=2; dropout=0.3; learning_rate=0.001; optimizer=Adam; num_epochs=50; batch_size=32; n_runs=30",report JSON,"architecture=[64,32]; input_features=8; dropout=0.3; learning_rate=0.001; epochs=50; batch_size=150; max_grad_norm=1.0; delta=1e-05; n_runs=30",report JSON,"DP-SGD (Opacus), Gaussian mechanism, (ε, δ)-DP [report: DP-SGD (Opacus)]",STD=32; DP=150,STD=report JSON; DP=report JSON,0.5033112514346916,1.070524944465918,0.0134418968295623,3.13,2.4.6,1.6.1,2.11.0,1.6.0,0.6.6,CANCER_RISK/DNN/output/std_dnn_report.json,CANCER_RISK/DNN/output/dp_dnn_report.json
Kidney Stone,KIDNEY_STONE,DP-RF,RF,n_estimators=20; max_depth=4,report JSON,"n_estimators=20; max_depth=4; bounds=per-feature, from processed_data.pkl; random_state=run*10+42; n_jobs=-1; n_runs=30",notebook source (KIDNEY_STONE/RandomForest/DP_RF.ipynb),"Exponential mechanism (split selection), pure ε-DP",n/a (not a minibatch learner),n/a,0.0603655840095598,0.0232926429666501,0.0012402702396607,3.13,2.4.6,1.6.1,2.11.0,1.6.0,0.6.6,KIDNEY_STONE/RandomForest/output/std_rf_report.json,KIDNEY_STONE/RandomForest/output/dp_rf_report.json
Kidney Stone,KIDNEY_STONE,DP-LR,LR,max_iter=1000; solver=lbfgs,report JSON,max_iter=1000; data_norm=1.0; random_state=run*10+42; n_runs=30,notebook source (KIDNEY_STONE/LR/DP_LR.ipynb),"Objective perturbation (diffprivlib), pure ε-DP",n/a (not a minibatch learner),n/a,0.0034300839906791,0.0019148792009218,0.0001659605050097,3.13,2.4.6,1.6.1,2.11.0,1.6.0,0.6.6,KIDNEY_STONE/LR/output/std_lr_report.json,KIDNEY_STONE/LR/output/dp_lr_report.json
Kidney Stone,KIDNEY_STONE,DP-GNB,GNB,"model=GaussianNB; constructor called with no arguments (scikit-learn defaults: priors=None, var_smoothing=1e-09); n_runs=30",notebook source (KIDNEY_STONE/GaussianNB/STD_GNB.ipynb),"bounds=(bounds[0], bounds[1]) from processed_data.pkl; model=DP-GaussianNB; random_state not set (diffprivlib default; np.random.seed(run*10+42) set by the notebook); n_runs=30",notebook source (KIDNEY_STONE/GaussianNB/DP_GNB.ipynb),"Laplace perturbation of sufficient statistics, pure ε-DP",n/a (not a minibatch learner),n/a,0.0003438862001833,0.0046392096322961,8.085976361304325e-05,3.13,2.4.6,1.6.1,2.11.0,1.6.0,0.6.6,KIDNEY_STONE/GaussianNB/output/std_gnb_report.json,KIDNEY_STONE/GaussianNB/output/dp_gnb_report.json
Kidney Stone,KIDNEY_STONE,DP-SVM,SVM,C=1.0; kernel=rbf; gamma=scale,report JSON,"optimizer=L-BFGS-B; Lambda=0.01; h=0.5; method=Objective Perturbation (L2-norm spherical noise, ν(b) ∝ exp(-β‖b‖₂)); model=DP-SVM with Huber Loss; n_runs=30",report JSON,"Objective perturbation, Chaudhuri et al. Alg. 2, pure ε-DP",n/a (not a minibatch learner),n/a,0.1869890840025618,0.001820933333344,0.000614664272054,3.13,2.4.6,1.6.1,2.11.0,1.6.0,0.6.6,KIDNEY_STONE/SVM/output/std_svm_report.json,KIDNEY_STONE/SVM/output/dp_svm_report.json
Kidney Stone,KIDNEY_STONE,DP-DNN,DNN,"hidden_sizes=[64,32]; input_size=23; dropout=0.3; lr=0.001; epochs=50; batch_size=32; n_runs=10",report JSON,"hidden_sizes=[64,32]; dropout=0.3; lr=0.001; epochs=50; batch_size=256; max_grad_norm=1.0; delta=1e-05; n_runs=30",report JSON,"DP-SGD (Opacus), Gaussian mechanism, (ε, δ)-DP [report: DP-SGD]",STD=32; DP=256,STD=report JSON; DP=report JSON,1.209270712506259,1.9891507390003729,0.2242226896466577,3.13,2.4.6,1.6.1,2.11.0,1.6.0,0.6.6,KIDNEY_STONE/DNN/output/std_dnn_report.json,KIDNEY_STONE/DNN/output/dp_dnn_report.json
Lung Cancer,LUNG_CANCER,DP-RF,RF,n_estimators=20; max_depth=4; random_state=42; n_jobs=-1,notebook source (LUNG_CANCER/RandomForest/STD_RF.ipynb),n_classes=3,report JSON,"Exponential mechanism (split selection), pure ε-DP",n/a (not a minibatch learner),n/a,0.0954360000032465,0.0462061291657543,0.0011690248147381,3.13,2.4.6,1.6.1,2.11.0,1.6.0,0.6.6,LUNG_CANCER/RandomForest/output/std_rf_report.json,LUNG_CANCER/RandomForest/output/dp_rf_report.json
Lung Cancer,LUNG_CANCER,DP-LR,LR,max_iter=1000; random_state=42; solver=lbfgs; multi_class=multinomial,notebook source (LUNG_CANCER/LR/STD_LR.ipynb),n_classes=3,report JSON,"Objective perturbation (diffprivlib), pure ε-DP",n/a (not a minibatch learner),n/a,0.0643224160012323,0.0576549708338764,0.0043096124795438,3.13,2.4.6,1.6.1,2.11.0,1.6.0,0.6.6,LUNG_CANCER/LR/output/std_lr_report.json,LUNG_CANCER/LR/output/dp_lr_report.json
Lung Cancer,LUNG_CANCER,DP-GNB,GNB,"model=GaussianNB; constructor called with no arguments (scikit-learn defaults: priors=None, var_smoothing=1e-09)",notebook source (LUNG_CANCER/GaussianNB/STD_GNB.ipynb),n_classes=3,report JSON,"Laplace perturbation of sufficient statistics, pure ε-DP",n/a (not a minibatch learner),n/a,0.004322791006416,0.0100402597328259,0.0005028314342168,3.13,2.4.6,1.6.1,2.11.0,1.6.0,0.6.6,LUNG_CANCER/GaussianNB/output/std_gnb_report.json,LUNG_CANCER/GaussianNB/output/dp_gnb_report.json
Lung Cancer,LUNG_CANCER,DP-SVM,SVM,C=1.0; kernel=rbf; gamma=scale; random_state=42; probability=True,notebook source (LUNG_CANCER/SVM/STD_SVM.ipynb),n_classes=3,report JSON,"Objective perturbation, Chaudhuri et al. Alg. 2, pure ε-DP",n/a (not a minibatch learner),n/a,0.4338011660147458,0.0548833861666328,0.0017975661191011,3.13,2.4.6,1.6.1,2.11.0,1.6.0,0.6.6,LUNG_CANCER/SVM/output/std_svm_report.json,LUNG_CANCER/SVM/output/dp_svm_report.json
Lung Cancer,LUNG_CANCER,DP-DNN,DNN,"architecture=[128, 64]; input_features=23",report JSON,n_classes=3,report JSON,"DP-SGD (Opacus), Gaussian mechanism, (ε, δ)-DP",STD=256; DP=256,STD=notebook source (LUNG_CANCER/DNN/STD_DNN.ipynb); DP=notebook source (LUNG_CANCER/DNN/DP_DNN.ipynb),5.657083658402553,12.872864809636182,0.4720547249976295,3.13,2.4.6,1.6.1,2.11.0,1.6.0,0.6.6,LUNG_CANCER/DNN/output/std_dnn_report.json,LUNG_CANCER/DNN/output/dp_dnn_report.json
Diabetes,DIABETES,DP-RF,RF,n_estimators=20; max_depth=4; random_state=42,report JSON,n_estimators=20; max_depth=4; random_state=varies (30 seeds per epsilon); n_jobs=-1; n_runs=30,report JSON,"Exponential mechanism (split selection), pure ε-DP",n/a (not a minibatch learner),n/a,0.1091189159924397,0.0506650570353182,0.0018168418603089,3.13,2.4.6,1.6.1,2.11.0,1.6.0,0.6.6,DIABETES/RandomForest/output/std_rf_report.json,DIABETES/RandomForest/output/dp_rf_report.json
Diabetes,DIABETES,DP-LR,LR,max_iter=1000; solver=lbfgs; random_state=42,report JSON,max_iter=1000; n_runs=30,report JSON,"Objective perturbation (diffprivlib), pure ε-DP",n/a (not a minibatch learner),n/a,0.0328322909917915,0.0301176499003001,0.0031586885821707,3.13,2.4.6,1.6.1,2.11.0,1.6.0,0.6.6,DIABETES/LR/output/std_lr_report.json,DIABETES/LR/output/dp_lr_report.json
Diabetes,DIABETES,DP-GNB,GNB,var_smoothing=1e-09; priors=None (learned from data); model=GaussianNB,report JSON,priors=None (learned from data); bounds=Per-feature bounds; model=DP-GaussianNB; n_runs=30,report JSON,"Laplace perturbation of sufficient statistics, pure ε-DP",n/a (not a minibatch learner),n/a,0.0035674485989147,0.007614961102566,0.0001048761643054,3.13,2.4.6,1.6.1,2.11.0,1.6.0,0.6.6,DIABETES/GaussianNB/output/std_gnb_report.json,DIABETES/GaussianNB/output/dp_gnb_report.json
Diabetes,DIABETES,DP-SVM,SVM,C=1.0; kernel=rbf; gamma=scale; random_state=run_idx * 10 + 3; probability=True,report JSON,"optimizer=L-BFGS-B; Lambda=0.01; h=0.5; method=Objective Perturbation (L2-norm spherical noise, ν(b) ∝ exp(-β‖b‖₂)); model=DP-SVM with Huber Loss (Chaudhuri et al. 2011, Algorithm 2); n_runs=30",report JSON,"Objective perturbation, Chaudhuri et al. Alg. 2, pure ε-DP",n/a (not a minibatch learner),n/a,140.31589612500102,0.0237101972666854,0.0010642090446606,3.13,2.4.6,1.6.1,2.11.0,1.6.0,0.6.6,DIABETES/SVM/output/std_svm_report.json,DIABETES/SVM/output/dp_svm_report.json
Diabetes,DIABETES,DP-DNN,DNN,"architecture=DNN; hidden_sizes=[64,32]; input_size=21; num_classes=2; dropout=0.3; learning_rate=0.001; optimizer=Adam; num_epochs=50; batch_size=256; n_runs=10",report JSON,"architecture=[64,32]; input_features=21; dropout=0.3; learning_rate=0.001; epochs=50; batch_size=256; max_grad_norm=1.0; delta=1e-05; n_runs=30",report JSON,"DP-SGD (Opacus), Gaussian mechanism, (ε, δ)-DP [report: DP-SGD (Opacus)]",STD=256; DP=256,STD=report JSON; DP=report JSON,6.067574387400009,20.68990745130189,1.1010142193986068,3.13,2.4.6,1.6.1,2.11.0,1.6.0,0.6.6,DIABETES/DNN/output/std_dnn_report.json,DIABETES/DNN/output/dp_dnn_report.json
