dataset,model,family,epsilon,yeom_advantage,yeom_advantage_std,shokri_auc,shokri_auc_std,lira_auc,lira_auc_std,lira_tpr_at_1pct,lira_tpr_at_1pct_std,cp_k,cp_n_members,lira_tpr_at_1pct_ci_low,lira_tpr_at_1pct_ci_high,random_guess_tpr,ci_excludes_random,n_nonmembers
Gallstone,DP-RF,RF,1.0,-0.040625,0.0,0.4938899101307189,0.0261076570218512,0.5007965686274509,0.0345998697338369,0.0215686274509803,0.0153810167421416,5,255,0.006396524214241636,0.04516242870317656,0.01,no,64.0
Gallstone,DP-LR,LR,1.0,-0.0367647058823529,0.0,0.4963265931372548,0.0364767696818445,0.5010130718954249,0.0376484494863172,0.0147712418300653,0.0129938848710802,4,255,0.00429009376274507,0.039673837553925916,0.01,no,64.0
Gallstone,DP-GNB,GNB,1.0,0.060906862745098,0.0,0.500830269607843,0.0355463366819934,0.4993545751633987,0.0447509122657633,0.0129411764705882,0.0122409070416831,3,255,0.002432767563314647,0.03399457595135733,0.01,no,64.0
Gallstone,DP-SVM,SVM,1.0,0.0885416666666666,0.0,0.4989450571895425,0.0375676943597327,0.4846732026143791,0.0411027954295149,0.0124183006535947,0.0125278961650804,3,255,0.002432767563314647,0.03399457595135733,0.01,no,64.0
Gallstone,DP-DNN,DNN,1.0,-0.0019607843137254,0.0,0.5,0.0,0.531421568627451,0.0044775527858868,0.0086274509803921,0.0015686274509803,2,255,0.0009512556531948557,0.02804334062421839,0.01,no,64.0
Breast Cancer,DP-RF,RF,1.0,0.019047619047619,0.0,0.507228648544438,0.0203665923211386,0.5070066191118822,0.0269891925824674,0.0142857142857142,0.0100675974760086,6,455,0.004854289875211892,0.028479963640567478,0.01,no,114.0
Breast Cancer,DP-LR,LR,1.0,0.0258723732407943,0.0,0.5055218173639227,0.0348533870525973,0.5039065612749823,0.0297651792673233,0.0146520146520146,0.0117170320723954,7,455,0.0062072045391895,0.031440129777049235,0.01,no,114.0
Breast Cancer,DP-GNB,GNB,1.0,-0.0052053209947946,0.0,0.5031832787095946,0.0291725842239101,0.5047882526829894,0.0315047548642959,0.0218315018315018,0.0134758713659502,10,455,0.010588446214642302,0.04004609724793872,0.01,yes,114.0
Breast Cancer,DP-SVM,SVM,1.0,-0.0179679969153653,0.0,0.5027858106805475,0.0253641899893189,0.5019188998136367,0.0351477003787686,0.0154578754578754,0.0144619541155552,7,455,0.0062072045391895,0.031440129777049235,0.01,no,114.0
Breast Cancer,DP-DNN,DNN,1.0,-0.0052053209947946,0.0,0.5010410641989589,0.0012750380384643,0.5044457297088876,0.0223123822634762,0.0215384615384615,0.0072760199372513,10,455,0.010588446214642302,0.04004609724793872,0.01,yes,114.0
Cancer Risk,DP-RF,RF,1.0,-0.0008333333333332,0.0,0.5006869907407407,0.0104785643034501,0.5023329629629629,0.0143196683844495,0.0084166666666666,0.0050842439985741,10,1200,0.004003181687615916,0.015271741675309914,0.01,no,300.0
Cancer Risk,DP-LR,LR,1.0,-0.0183333333333333,0.0,0.5022174537037036,0.018803778804009,0.5010730555555556,0.0202997012023409,0.0141111111111111,0.0069686245698173,17,1200,0.008273683886129453,0.02258558337743339,0.01,no,300.0
Cancer Risk,DP-GNB,GNB,1.0,-0.0074999999999999,0.0,0.4993707870370371,0.0192556173477993,0.4958521296296296,0.0145341617706767,0.0120833333333333,0.008265697747877,14,1200,0.006392547796829491,0.019497279363956406,0.01,no,300.0
Cancer Risk,DP-SVM,SVM,1.0,0.0041666666666666,0.0,0.498023611111111,0.0186928422246924,0.5034610185185184,0.0226061188237459,0.0119444444444444,0.0088331586286007,14,1200,0.006392547796829491,0.019497279363956406,0.01,no,300.0
Cancer Risk,DP-DNN,DNN,1.0,-0.0008333333333333,0.0,0.4919847222222221,0.0182850921703723,0.5179927777777777,0.0097372478493161,0.0188333333333333,0.0036742346141747,23,1200,0.012187853948826875,0.028621285098778506,0.01,yes,300.0
Kidney Stone,DP-RF,RF,1.0,0.0103125,0.0,0.50141634765625,0.0089330839418098,0.5000891341145832,0.0111127601308147,0.012125,0.004253827932972,39,3200,0.008680466322289948,0.016623397144778753,0.01,no,800.0
Kidney Stone,DP-LR,LR,1.0,0.0012499999999999,0.0,0.5005874479166667,0.0097660458295957,0.498424609375,0.0123915132381652,0.0120416666666666,0.0036100025007686,39,3200,0.008680466322289948,0.016623397144778753,0.01,no,800.0
Kidney Stone,DP-GNB,GNB,1.0,0.0031249999999999,0.0,0.4995167057291667,0.0114306075910712,0.5001843229166666,0.0116406071868892,0.0123958333333333,0.0036141480285431,40,3200,0.008944790829989996,0.016982914171377372,0.01,no,800.0
Kidney Stone,DP-SVM,SVM,1.0,0.0096874999999999,0.0,0.5030478059895833,0.0093889153120856,0.5053585677083333,0.0103662152254482,0.0115416666666666,0.0032152927765428,37,3200,0.008153773466983809,0.01590247559945269,0.01,no,800.0
Kidney Stone,DP-DNN,DNN,1.0,0.0096874999999999,0.0,0.4996392578125,0.0081249568959193,0.503521015625,0.0078266648830084,0.01625,0.0034061066483596,52,3200,0.01215947082862324,0.021255682317855806,0.01,yes,800.0
Lung Cancer,DP-RF,RF,1.0,-0.0057249999999999,0.0,0.4996910435833333,0.0026493864286009,0.5001389719583333,0.003215169727109,0.0094366666666666,0.0006943742186714,377,40000,0.008501350033393654,0.010420875479215582,0.01,no,10000.0
Lung Cancer,DP-LR,LR,1.0,0.0034999999999999,0.0,0.5001426730416668,0.0031912800107757,0.4993450034166666,0.0026355327718727,0.0104416666666666,0.0010153885408497,418,40000,0.009476622432342364,0.011495391282663678,0.01,no,10000.0
Lung Cancer,DP-GNB,GNB,1.0,-0.0046249999999999,0.0,0.500455313125,0.0027485582907419,0.5012865430000001,0.0029780130304981,0.0102158333333333,0.0009689015114493,409,40000,0.009262315176277626,0.011259744221583828,0.01,no,10000.0
Lung Cancer,DP-SVM,SVM,1.0,0.0015,0.0,0.4997146817083333,0.0025493138784306,0.4994893981666667,0.003270495552144,0.0097041666666666,0.0011136105568026,388,40000,0.008762746114075569,0.01070942160625616,0.01,no,10000.0
Lung Cancer,DP-DNN,DNN,1.0,-0.0006499999999999,0.0,0.49945506225,0.0015714798443086,0.5014592725,0.0014551516277323,0.009935,0.0013764628581985,397,40000,0.008976762504594074,0.010945358483090332,0.01,no,10000.0
Diabetes,DP-RF,RF,1.0,0.0001233387273484,0.0,0.4999012094170826,0.0017892285608419,0.4996300766348636,0.0027630982655567,0.0103893044282944,0.0008367039972704,588,56553,0.009577676033560266,0.011267789060214722,0.01,no,14139.0
Diabetes,DP-LR,LR,1.0,0.0041365484498694,0.0,0.5007079572331415,0.0019323918919135,0.5002428888656465,0.0027138525154296,0.0098957320271839,0.0009604231923042,560,56553,0.00910253680713559,0.010752775100560129,0.01,no,14139.0
Diabetes,DP-GNB,GNB,1.0,0.0045678175388533,0.0,0.5005606298474331,0.0017990578935026,0.4998983800125202,0.0025758975716042,0.0097802061782752,0.0007774864951653,553,56553,0.008983831869613455,0.01062394194721528,0.01,no,14139.0
Diabetes,DP-SVM,SVM,1.0,-0.0009894786933024,0.0,0.5004000144486725,0.0020028357888248,0.5031718816986183,0.0017065398561588,0.0097006348027514,0.0003773635399457,549,56553,0.00891601531905361,0.010550308199278501,0.01,no,14139.0
Diabetes,DP-DNN,DNN,1.0,0.0021087418137034,0.0,0.5016936438773424,0.0012118445198891,0.4986179858207037,0.002875336007023,0.0099977012713737,0.0008614567544189,565,56553,0.009187346001713002,0.010844778880066394,0.01,no,14139.0
