subset,al_definition,metric,n,rho_eps_0.1,p_eps_0.1,rho_eps_0.2,p_eps_0.2,rho_eps_0.4,p_eps_0.4,rho_eps_0.8,p_eps_0.8,rho_eps_1.0,p_eps_1.0,rho_eps_2.0,p_eps_2.0,rho_eps_4.0,p_eps_4.0,rho_eps_8.0,p_eps_8.0,rho_eps_10.0,p_eps_10.0
all_pairs,AL_exported,yeom_advantage,30,0.1452725250278086,0.4437018103788163,-0.0620689655172413,0.7445496437860798,-0.1159065628476084,0.5419067520538154,0.1163773949595207,0.5402554229831977,-0.1566533194101387,0.4084134680844841,0.0093489153792166,0.9608943927339088,-0.1735740138231138,0.3589871177272148,0.0902406618720938,0.6353317633736818,-0.1144324820050276,0.5470920702911792
all_pairs,AL_exported,lira_auc,30,-0.2231368186874304,0.2359167000378454,-0.1884315906562848,0.3186686859986301,0.0967741935483871,0.6109428677788465,0.3543937708565072,0.054668209261262,0.2956618464961067,0.1126726727716984,0.2963622223255886,0.1117829816576829,0.2683743312126517,0.1515873822340134,0.1474388442014734,0.4368608656214335,0.1741364417665181,0.3574079502578958
all_pairs,AL_exported,shokri_auc,30,-0.2300589623758698,0.2213188687344206,-0.1223717884978031,0.5194420312534476,0.0315941708485237,0.8683643927419336,0.0020022246941045,0.991621861416074,-0.2347052280311457,0.2118711605433476,0.117476916957891,0.5364084091642578,0.196882081985049,0.2970425275353736,-0.0781737678470047,0.6813578700953107,-0.0639912404442902,0.7369116058823779
all_pairs,AL_exported,lira_tpr_at_1pct,30,0.5012235817575084,0.0047795775489858,0.5301446051167964,0.0025839926466046,0.2645161290322581,0.1577857878821356,0.6262513904338153,0.0002139247255766,0.310789766407119,0.0945991232705705,0.2302814565367749,0.2208600513730074,0.3088318735932843,0.0968057640317693,0.438801868718911,0.0152763466892315,0.1895421802337922,0.3157722760127567
robustness_excluded_near_majority,AL_exported,yeom_advantage,29,0.2113300492610837,0.2711253489012388,-0.0669950738916256,0.7298702747415983,-0.1541871921182265,0.4245267698662323,0.0763734933254299,0.693751909423196,-0.1384577524157793,0.4738176123458566,0.0120764025504265,0.950423559196497,-0.2136689457770153,0.2657331247616046,0.0360227091032843,0.852825014572044,-0.0316206151100743,0.8706504001683798
robustness_excluded_near_majority,AL_exported,lira_auc,29,-0.2566502463054186,0.1789650998258638,-0.2325123152709359,0.2248393493284126,0.0714285714285714,0.7127199331498778,0.3625615763546797,0.0532464734989715,0.2965517241379309,0.1182623980043429,0.2943712302165955,0.1211217980373506,0.2626389172909311,0.1686838213505215,0.1381012147257478,0.4749681445926323,0.1807412916981166,0.3481073372964454
robustness_excluded_near_majority,AL_exported,shokri_auc,29,-0.1677546508598339,0.3843896344167867,-0.0913905660337715,0.6372883002814166,0.0096070945426336,0.960551845887328,0.0448275862068965,0.8173916541421626,-0.2320197044334974,0.2258510361422769,0.133760316324361,0.4890912879278078,0.1935883099280572,0.3143156326356189,-0.0251541498250469,0.8969454231803207,-0.0088889159851532,0.9634987737610028
robustness_excluded_near_majority,AL_exported,lira_tpr_at_1pct,29,0.5546798029556649,0.0017920641675042,0.5541871921182264,0.001812583609021,0.2463054187192117,0.197745345972084,0.6103448275862068,0.0004383014783361,0.3113300492610837,0.1001834529082588,0.2207168387230708,0.2499082134566899,0.3394995308440204,0.0715792851470425,0.4190408302971236,0.0236592136812415,0.2447222439880533,0.2007350555727383
all_pairs,AL_balanced,yeom_advantage,30,0.021579532814238,0.9098826280658152,-0.1265850945494994,0.5050509404621224,-0.1866518353726362,0.3233444401582556,-0.0195816649262673,0.9181967294909068,-0.1793502492110395,0.342966351137535,0.1417761101958109,0.4548639654734642,-0.1092811147663157,0.5653928694922167,0.0518584516100846,0.7855034976065801,0.0385043438993332,0.8399086791192946
all_pairs,AL_balanced,lira_auc,30,-0.1604004449388209,0.3971508169232243,-0.0767519466073414,0.6868596934198999,0.1332591768631813,0.4826684930297767,0.4887652947719689,0.006131405367264,0.432258064516129,0.0170549470322497,0.4202447163515017,0.020766843045291,0.246718576195773,0.1887319429972355,0.2275862068965517,0.2264615518610066,0.3116796440489432,0.0936088724667928
all_pairs,AL_balanced,shokri_auc,30,-0.0618533767316168,0.7454077702857269,0.0088997664362038,0.9627718173293642,0.10390477314268,0.5847840272283668,0.0669632925472747,0.72515078305641,-0.0549499443826473,0.7730388113386171,0.0771968854282536,0.6851362734557048,0.1684093437152391,0.3736813316493395,0.0927697441601779,0.6258447366921264,0.0611790878754171,0.7480936237982676
all_pairs,AL_balanced,lira_tpr_at_1pct,30,0.6387096774193549,0.0001455977159443,0.603559510567297,0.0004139440209659,0.4251390433815351,0.0191814610770137,0.7174638487208009,8.116682685696065e-06,0.4540600667408231,0.0117206161457213,0.4189098998887653,0.0212174652990988,0.3675603538152195,0.0456911729218871,0.3154967201634269,0.0894501763281667,0.2712203821433127,0.1471287646458026
