artifact_path,type,referee_items,manuscript_location,source_files,generated_by,notes
revision/tables/csv/dataset_characteristics.csv,table (CSV),[48][49][50],Section 3.1 (Datasets),<DS>/data/processed_data.pkl; Results/dataset_results/consolidated_data.csv; analysis/d15/d15_majority_class_accuracy.csv,revision/src/build_tables.py,Real/synthetic is [MISSING] for all six datasets: not recorded in the repository and not derivable from the source URL. URLs reproduced verbatim.
revision/tables/tex/dataset_characteristics.tex,table (LaTeX fragment),[48][49][50],Section 3.1 (Datasets),<DS>/data/processed_data.pkl; Results/dataset_results/consolidated_data.csv; analysis/d15/d15_majority_class_accuracy.csv,revision/src/build_tables.py,"Real/synthetic is [MISSING] for all six datasets: not recorded in the repository and not derivable from the source URL. URLs reproduced verbatim. MDPI booktabs fragment: \input-able, carries \label{tab:dataset_characteristics}, no document preamble."
revision/tables/csv/baseline_accuracy_matrix.csv,table (CSV),[11][51],Section 4.1 (Non-private baselines),Results/dataset_results/consolidated_data.csv; <DS>/<FAMILY>/**/std_*_report.json; Attack/MIA_Shokri/results/<DS>/<DS>_results.csv,revision/src/build_tables.py,Carries both the 30-run mean accuracy and the exported run-0 artefact accuracy the attacks target; they differ by at most 0.0099. Neither is chosen for the reader. See gaps.md 4.1.
revision/tables/tex/baseline_accuracy_matrix.tex,table (LaTeX fragment),[11][51],Section 4.1 (Non-private baselines),Results/dataset_results/consolidated_data.csv; <DS>/<FAMILY>/**/std_*_report.json; Attack/MIA_Shokri/results/<DS>/<DS>_results.csv,revision/src/build_tables.py,"Carries both the 30-run mean accuracy and the exported run-0 artefact accuracy the attacks target; they differ by at most 0.0099. Neither is chosen for the reader. See gaps.md 4.1. MDPI booktabs fragment: \input-able, carries \label{tab:baseline_accuracy_matrix}, no document preamble."
revision/tables/csv/baseline_leakage_all_pairs.csv,table (CSV),[10],"Section 4.3 (Leakage, non-private targets)",Results/attack_results/consolidated_mia_data.csv; Attack/LiRA/results/<DS>/<DS>_lira_results.csv; Attack/MIA_Shokri/results/<DS>/<DS>_results.csv; Attack/MIA_YEOM/results/<DS>/<DS>_mia_results.csv,revision/src/build_tables.py,"All 30 dataset x family pairs, all three attacks, each metric with its SD."
revision/tables/tex/baseline_leakage_all_pairs.tex,table (LaTeX fragment),[10],"Section 4.3 (Leakage, non-private targets)",Results/attack_results/consolidated_mia_data.csv; Attack/LiRA/results/<DS>/<DS>_lira_results.csv; Attack/MIA_Shokri/results/<DS>/<DS>_results.csv; Attack/MIA_YEOM/results/<DS>/<DS>_mia_results.csv,revision/src/build_tables.py,"All 30 dataset x family pairs, all three attacks, each metric with its SD. MDPI booktabs fragment: \input-able, carries \label{tab:baseline_leakage_all_pairs}, no document preamble."
revision/tables/csv/evaluation_set_sizes.csv,table (CSV),[8],Section 3.4 (Attack protocol),Attack/LiRA/results/<DS>/<DS>_lira_results.csv; Attack/MIA_Shokri/results/<DS>/<DS>_results.csv; Attack/MIA_YEOM/results/<DS>/<DS>_mia_results.csv; <DS>/data/processed_data.pkl,revision/src/build_tables.py,"Sets are 4:1 imbalanced, not the balanced 1:1 design requested; balanced == False on all 300 LiRA rows and cannot be fixed post hoc. Gallstone's minimum resolvable FPR (0.0156) exceeds 1%. See gaps.md 1.1."
revision/tables/tex/evaluation_set_sizes.tex,table (LaTeX fragment),[8],Section 3.4 (Attack protocol),Attack/LiRA/results/<DS>/<DS>_lira_results.csv; Attack/MIA_Shokri/results/<DS>/<DS>_results.csv; Attack/MIA_YEOM/results/<DS>/<DS>_mia_results.csv; <DS>/data/processed_data.pkl,revision/src/build_tables.py,"Sets are 4:1 imbalanced, not the balanced 1:1 design requested; balanced == False on all 300 LiRA rows and cannot be fixed post hoc. Gallstone's minimum resolvable FPR (0.0156) exceeds 1%. See gaps.md 1.1. MDPI booktabs fragment: \input-able, carries \label{tab:evaluation_set_sizes}, no document preamble."
revision/tables/csv/residual_leakage_eps1.csv,table (CSV),[14][15],Section 4.4 (Residual leakage under DP),Results/attack_results/consolidated_mia_data.csv; Attack/LiRA/results/<DS>/<DS>_lira_results.csv; Attack/MIA_Shokri/results/<DS>/<DS>_results.csv; Attack/MIA_YEOM/results/<DS>/<DS>_mia_results.csv,revision/src/build_tables.py,"DP targets at eps=1.0. Clopper-Pearson exact 95% CI on the LiRA TPR@1%, n = n_members, k = round(TPR * n_members)."
revision/tables/tex/residual_leakage_eps1.tex,table (LaTeX fragment),[14][15],Section 4.4 (Residual leakage under DP),Results/attack_results/consolidated_mia_data.csv; Attack/LiRA/results/<DS>/<DS>_lira_results.csv; Attack/MIA_Shokri/results/<DS>/<DS>_results.csv; Attack/MIA_YEOM/results/<DS>/<DS>_mia_results.csv,revision/src/build_tables.py,"DP targets at eps=1.0. Clopper-Pearson exact 95% CI on the LiRA TPR@1%, n = n_members, k = round(TPR * n_members). MDPI booktabs fragment: \input-able, carries \label{tab:residual_leakage_eps1}, no document preamble."
revision/tables/csv/rho_by_epsilon.csv,table (CSV),[19],Section 4.5 (Utility-leakage association),analysis/d15/d15_rho_by_epsilon.csv,revision/src/build_tables.py,Reformat only; nothing recomputed. Significance markers are uncorrected for multiple comparisons (108 tests). Exact p-values in the CSV.
revision/tables/tex/rho_by_epsilon.tex,table (LaTeX fragment),[19],Section 4.5 (Utility-leakage association),analysis/d15/d15_rho_by_epsilon.csv,revision/src/build_tables.py,"Reformat only; nothing recomputed. Significance markers are uncorrected for multiple comparisons (108 tests). Exact p-values in the CSV. MDPI booktabs fragment: \input-able, carries \label{tab:rho_by_epsilon}, no document preamble."
revision/tables/csv/within_pair_correlations.csv,table (CSV),[18],Section 4.5 (Utility-leakage association),analysis/d14/d14_summary.csv; analysis/d14/d14_pair_correlations.csv,revision/src/build_tables.py,Reformat only; nothing recomputed. One Shokri pair is undefined. Significance counts uncorrected.
revision/tables/tex/within_pair_correlations.tex,table (LaTeX fragment),[18],Section 4.5 (Utility-leakage association),analysis/d14/d14_summary.csv; analysis/d14/d14_pair_correlations.csv,revision/src/build_tables.py,"Reformat only; nothing recomputed. One Shokri pair is undefined. Significance counts uncorrected. MDPI booktabs fragment: \input-able, carries \label{tab:within_pair_correlations}, no document preamble."
revision/tables/csv/bound_violations.csv,table (CSV),[3][33],Section 5 (Discussion) / [TBD],Results/attack_results/consolidated_mia_data.csv; Attack/LiRA/results/<DS>/<DS>_lira_results.csv,revision/src/build_tables.py,41 of 270 DP LiRA configs exceed e^eps * 0.01. NOT evidence of a broken guarantee -- see the table note and gaps.md 4.2. ci_low_exceeds_bound marks the rows that survive the exact CI.
revision/tables/tex/bound_violations.tex,table (LaTeX fragment),[3][33],Section 5 (Discussion) / [TBD],Results/attack_results/consolidated_mia_data.csv; Attack/LiRA/results/<DS>/<DS>_lira_results.csv,revision/src/build_tables.py,"41 of 270 DP LiRA configs exceed e^eps * 0.01. NOT evidence of a broken guarantee -- see the table note and gaps.md 4.2. ci_low_exceeds_bound marks the rows that survive the exact CI. MDPI booktabs fragment: \input-able, carries \label{tab:bound_violations}, no document preamble."
revision/tables/csv/config_inventory.csv,table (CSV),[9][59][61],Appendix A (Reproducibility) / [TBD],<DS>/<FAMILY>/**/std_*_report.json; <DS>/<FAMILY>/**/dp_*_report.json; Results/dataset_results/consolidated_data.csv,revision/src/build_tables.py,All software-version fields are [MISSING]: not recorded in any report and deliberately not read from the current machine. Hyperparameters missing on 11 non-private and 7 DP configs. See gaps.md 2.
revision/tables/tex/config_inventory.tex,table (LaTeX fragment),[9][59][61],Appendix A (Reproducibility) / [TBD],<DS>/<FAMILY>/**/std_*_report.json; <DS>/<FAMILY>/**/dp_*_report.json; Results/dataset_results/consolidated_data.csv,revision/src/build_tables.py,"All software-version fields are [MISSING]: not recorded in any report and deliberately not read from the current machine. Hyperparameters missing on 11 non-private and 7 DP configs. See gaps.md 2. MDPI booktabs fragment: \input-able, carries \label{tab:config_inventory}, no document preamble."
revision/figures/pdf/gap_vs_leakage.pdf,"figure (PDF, vector)",[51][65],Section 4.3 (Memorisation and leakage),revision/tables/csv/baseline_accuracy_matrix.csv; revision/tables/csv/baseline_leakage_all_pairs.csv,revision/src/build_figures.py,"Two panels: train-test gap vs baseline LiRA TPR@1% and vs baseline LiRA AUC. Spearman rho, n, p annotated on each axis. No in-image title."
revision/figures/png/gap_vs_leakage.png,"figure (PNG, 300 dpi)",[51][65],Section 4.3 (Memorisation and leakage),revision/tables/csv/baseline_accuracy_matrix.csv; revision/tables/csv/baseline_leakage_all_pairs.csv,revision/src/build_figures.py,"Two panels: train-test gap vs baseline LiRA TPR@1% and vs baseline LiRA AUC. Spearman rho, n, p annotated on each axis. No in-image title."
revision/figures/pdf/gap_vs_leakage_vs_N.pdf,"figure (PDF, vector)",[51][65],Section 4.3 (Memorisation and leakage),revision/tables/csv/baseline_accuracy_matrix.csv; revision/tables/csv/baseline_leakage_all_pairs.csv; Results/dataset_results/consolidated_data.csv,revision/src/build_figures.py,"Places the gap-based relationship beside the existing N-based one on a shared y axis, for direct comparison."
revision/figures/png/gap_vs_leakage_vs_N.png,"figure (PNG, 300 dpi)",[51][65],Section 4.3 (Memorisation and leakage),revision/tables/csv/baseline_accuracy_matrix.csv; revision/tables/csv/baseline_leakage_all_pairs.csv; Results/dataset_results/consolidated_data.csv,revision/src/build_figures.py,"Places the gap-based relationship beside the existing N-based one on a shared y axis, for direct comparison."
revision/figures/pdf/residual_floor_ci.pdf,"figure (PDF, vector)",[14][15],Section 4.4 (Residual leakage under DP),revision/tables/csv/residual_leakage_eps1.csv; revision/tables/csv/baseline_leakage_all_pairs.csv,revision/src/build_figures.py,"RQ2b common-floor figure with Clopper-Pearson error bars on every point. Floor estimator (median, with IQR) stated in the axis annotation."
revision/figures/png/residual_floor_ci.png,"figure (PNG, 300 dpi)",[14][15],Section 4.4 (Residual leakage under DP),revision/tables/csv/residual_leakage_eps1.csv; revision/tables/csv/baseline_leakage_all_pairs.csv,revision/src/build_figures.py,"RQ2b common-floor figure with Clopper-Pearson error bars on every point. Floor estimator (median, with IQR) stated in the axis annotation."
revision/figures/pdf/rq1c_utility_vs_protection.pdf,"figure (PDF, vector)",[72][73][75],Section 4.5 (RQ1c),analysis/d16/d16_figure_input.csv; analysis/d16/d16_correlations.csv,revision/src/build_figures.py,"Regenerated from the d16 input; the recorded correlation is asserted, not recomputed, and a mismatch aborts the build. Utility axis labelled ACL. All 30 pairs."
revision/figures/png/rq1c_utility_vs_protection.png,"figure (PNG, 300 dpi)",[72][73][75],Section 4.5 (RQ1c),analysis/d16/d16_figure_input.csv; analysis/d16/d16_correlations.csv,revision/src/build_figures.py,"Regenerated from the d16 input; the recorded correlation is asserted, not recomputed, and a mismatch aborts the build. Utility axis labelled ACL. All 30 pairs."
revision/figures/pdf/rq1c_utility_vs_protection_exported.pdf,"figure (PDF, vector)",[72][73][75],Section 4.5 (RQ1c),analysis/d16/d16_figure_input.csv; analysis/d16/d16_correlations.csv,revision/src/build_figures.py,"As above but on ACL_exported, which matches the artefact the attacks target. Carries 26 of 30 pairs: four DP-DNN rows have no exported accuracy. See gaps.md 3.1."
revision/figures/png/rq1c_utility_vs_protection_exported.png,"figure (PNG, 300 dpi)",[72][73][75],Section 4.5 (RQ1c),analysis/d16/d16_figure_input.csv; analysis/d16/d16_correlations.csv,revision/src/build_figures.py,"As above but on ACL_exported, which matches the artefact the attacks target. Carries 26 of 30 pairs: four DP-DNN rows have no exported accuracy. See gaps.md 3.1."
revision/figures/pdf/rq2a_benefit_vs_baseline.pdf,"figure (PDF, vector)",[72][73][75],Section 4.5 (RQ2a),analysis/d16/d16_figure_input.csv; analysis/d16/d16_correlations.csv,revision/src/build_figures.py,Regenerated from the d16 input; recorded correlation asserted.
revision/figures/png/rq2a_benefit_vs_baseline.png,"figure (PNG, 300 dpi)",[72][73][75],Section 4.5 (RQ2a),analysis/d16/d16_figure_input.csv; analysis/d16/d16_correlations.csv,revision/src/build_figures.py,Regenerated from the d16 input; recorded correlation asserted.
revision/figures/pdf/l4_avg_vs_worst_case.pdf,"figure (PDF, vector)",[72][73][75],Section 4.3 (Attack agreement),analysis/d16/d16_figure_input.csv; analysis/d16/d16_correlations.csv,revision/src/build_figures.py,Average-case (Yeom advantage) vs worst-case (LiRA AUC) on the non-private targets. Recorded correlation asserted.
revision/figures/png/l4_avg_vs_worst_case.png,"figure (PNG, 300 dpi)",[72][73][75],Section 4.3 (Attack agreement),analysis/d16/d16_figure_input.csv; analysis/d16/d16_correlations.csv,revision/src/build_figures.py,Average-case (Yeom advantage) vs worst-case (LiRA AUC) on the non-private targets. Recorded correlation asserted.
revision/figures/pdf/l6_baseline_leakage_vs_N.pdf,"figure (PDF, vector)",[72][73][75],Section 4.3 (Dataset size),analysis/d16/d16_figure_input.csv; analysis/d16/d16_correlations.csv,revision/src/build_figures.py,Non-private RF leakage against N. Six points. Recorded correlation asserted.
revision/figures/png/l6_baseline_leakage_vs_N.png,"figure (PNG, 300 dpi)",[72][73][75],Section 4.3 (Dataset size),analysis/d16/d16_figure_input.csv; analysis/d16/d16_correlations.csv,revision/src/build_figures.py,Non-private RF leakage against N. Six points. Recorded correlation asserted.
revision/figures/png/loglog_roc_GALLSTONE.png,"figure (PNG, relocated)",[62][78],Section 4.3 (LiRA ROC) / [TBD],Attack/LiRA/results/GALLSTONE/GALLSTONE_loglog_roc.png,revision/src/build_figures.py,"COVERS STANDARD (NON-PRIVATE) TARGETS ONLY -- _loglog_roc() filters to variant=='standard' and the ROC arrays are stripped before the CSV write, so DP curves cannot be produced without re-running LiRA. Copied UNCHANGED: the title crop was attempted, inspected and found unsafe (the title's lower line shares rows 77-79 with the top y-tick label), so the two-line in-image title REMAINS. See gaps.md 1.2 and 1.3."
revision/figures/png/loglog_roc_BCP.png,"figure (PNG, relocated)",[62][78],Section 4.3 (LiRA ROC) / [TBD],Attack/LiRA/results/BCP/BCP_loglog_roc.png,revision/src/build_figures.py,"COVERS STANDARD (NON-PRIVATE) TARGETS ONLY -- _loglog_roc() filters to variant=='standard' and the ROC arrays are stripped before the CSV write, so DP curves cannot be produced without re-running LiRA. Copied UNCHANGED: the title crop was attempted, inspected and found unsafe (the title's lower line shares rows 77-79 with the top y-tick label), so the two-line in-image title REMAINS. See gaps.md 1.2 and 1.3."
revision/figures/png/loglog_roc_CANCER_RISK.png,"figure (PNG, relocated)",[62][78],Section 4.3 (LiRA ROC) / [TBD],Attack/LiRA/results/CANCER_RISK/CANCER_RISK_loglog_roc.png,revision/src/build_figures.py,"COVERS STANDARD (NON-PRIVATE) TARGETS ONLY -- _loglog_roc() filters to variant=='standard' and the ROC arrays are stripped before the CSV write, so DP curves cannot be produced without re-running LiRA. Copied UNCHANGED: the title crop was attempted, inspected and found unsafe (the title's lower line shares rows 77-79 with the top y-tick label), so the two-line in-image title REMAINS. See gaps.md 1.2 and 1.3."
revision/figures/png/loglog_roc_KIDNEY_STONE.png,"figure (PNG, relocated)",[62][78],Section 4.3 (LiRA ROC) / [TBD],Attack/LiRA/results/KIDNEY_STONE/KIDNEY_STONE_loglog_roc.png,revision/src/build_figures.py,"COVERS STANDARD (NON-PRIVATE) TARGETS ONLY -- _loglog_roc() filters to variant=='standard' and the ROC arrays are stripped before the CSV write, so DP curves cannot be produced without re-running LiRA. Copied UNCHANGED: the title crop was attempted, inspected and found unsafe (the title's lower line shares rows 77-79 with the top y-tick label), so the two-line in-image title REMAINS. See gaps.md 1.2 and 1.3."
revision/figures/png/loglog_roc_LUNG_CANCER.png,"figure (PNG, relocated)",[62][78],Section 4.3 (LiRA ROC) / [TBD],Attack/LiRA/results/LUNG_CANCER/LUNG_CANCER_loglog_roc.png,revision/src/build_figures.py,"COVERS STANDARD (NON-PRIVATE) TARGETS ONLY -- _loglog_roc() filters to variant=='standard' and the ROC arrays are stripped before the CSV write, so DP curves cannot be produced without re-running LiRA. Copied UNCHANGED: the title crop was attempted, inspected and found unsafe (the title's lower line shares rows 77-79 with the top y-tick label), so the two-line in-image title REMAINS. See gaps.md 1.2 and 1.3."
revision/figures/png/loglog_roc_DIABETES.png,"figure (PNG, relocated)",[62][78],Section 4.3 (LiRA ROC) / [TBD],Attack/LiRA/results/DIABETES/DIABETES_loglog_roc.png,revision/src/build_figures.py,"COVERS STANDARD (NON-PRIVATE) TARGETS ONLY -- _loglog_roc() filters to variant=='standard' and the ROC arrays are stripped before the CSV write, so DP curves cannot be produced without re-running LiRA. Copied UNCHANGED: the title crop was attempted, inspected and found unsafe (the title's lower line shares rows 77-79 with the top y-tick label), so the two-line in-image title REMAINS. See gaps.md 1.2 and 1.3."
revision/src/config.py,source,n/a,n/a,n/a,hand-written,"Switches: INCLUDE_LUNG_CANCER, UTILITY_LABEL, RANDOM_FPR. Also holds paths, the epsilon grids and the [MISSING]/[CONFLICT] placeholder strings."
revision/src/loaders.py,source,n/a,n/a,n/a,hand-written,"Single source of truth for canonical naming (DP-RF vs RF, BCP vs Breast Cancer) and for all input loading. Reads processed_data.pkl through a restricted unpickler that stubs every non-numpy class, so no estimator is ever constructed. Run directly for a coverage report."
revision/src/build_tables.py,source,n/a,n/a,n/a,hand-written,Builds all nine tables as CSV + LaTeX.
revision/src/build_figures.py,source,n/a,n/a,n/a,hand-written,Builds the eight generated figures and relocates the six LiRA ROC PNGs.
revision/src/extract_provenance.py,source,n/a,n/a,n/a,hand-written,Parses the report JSONs (globbed -- they sit at inconsistent depths) into config_inventory.
revision/src/verify.py,source,n/a,n/a,n/a,hand-written,Re-derives every numeric table cell independently and writes logs/verification.txt. Exits non-zero on any failure.
revision/src/make_manifest.py,source,n/a,n/a,n/a,hand-written,Emits this file.
revision/logs/verification.txt,log,n/a,n/a,revision/tables/csv/*.csv and their primary sources,revision/src/verify.py,One line per checked value: table | row | column | value | source file | source row/filter. Failures listed at the top.
revision/logs/gaps.md,documentation,[3][5][6][8][9][22][48][49][50][59][61][62],Response letter,revision/logs/verification.txt; revision/logs/_figure_gaps.json,hand-written from the pipeline's recorded gaps,"Everything that could not be produced without compute, with reasons. Written to be lifted into the response letter. CONFLICTS section: none found."
revision/README.md,documentation,n/a,n/a,n/a,hand-written,What the pipeline does and does not do; how to re-run it.
revision/MANIFEST.csv,documentation,n/a,n/a,n/a,revision/src/make_manifest.py,This file. One row per generated artifact.
