epsilon,accuracy_mean,accuracy_std,f1_score_mean,f1_score_std,precision_mean,precision_std,recall_mean,recall_std,balanced_accuracy_mean,balanced_accuracy_std,roc_auc_mean,roc_auc_std,train_time_mean,train_time_std,accuracy_loss_mean,accuracy_loss_pct,ACL
0.1,0.6219298245614036,0.14448143333961888,0.30503872567727264,0.26950123918936736,0.4221999731725132,0.33520148300359576,0.3214285714285714,0.33467699706707543,0.5593253968253967,0.13122501481863638,0.5746693121693122,0.24026084683815965,0.0009963680333385128,0.0006960514405287449,0.32543859649122764,32.543859649122766,0.3435185185185182
0.2,0.6891812865497077,0.1051091303236046,0.41542326569810994,0.27117137389918156,0.5543100981169828,0.3129795021828728,0.3698412698412699,0.27676004034082174,0.6226521164021164,0.12982809707767162,0.6458057760141095,0.22120090271728735,0.0007922040666737,0.0005871505047580342,0.2581871345029235,25.818713450292353,0.2725308641975305
0.4,0.514327485380117,0.13966358276347493,0.2193159707535198,0.25583585945798165,0.15302592000921086,0.17707902135068593,0.39603174603174607,0.47206479969076265,0.48968253968253966,0.047493220001197385,0.4861166225749559,0.1627186732545902,0.002246736033320455,0.000557092086337043,0.4330409356725142,43.30409356725142,0.4570987654320985
0.6,0.7327485380116959,0.09417020637775059,0.5837416585607433,0.1620341553522522,0.6963504623198297,0.17199874773214532,0.5341269841269841,0.19024622361137028,0.6913690476190477,0.10718031324023691,0.7297619047619046,0.16889820442172687,0.0006535416666527756,7.523544160482585e-05,0.21461988304093527,21.461988304093527,0.22654320987654286
0.8,0.8228070175438595,0.07382331620144794,0.7248307488791723,0.1142208010892671,0.8479732220089005,0.12739776877887773,0.6436507936507937,0.1316336296181947,0.7854828042328044,0.08248922264782005,0.8556437389770721,0.10744945237122906,0.0007790375333229349,0.00010569538617828126,0.12456140350877165,12.456140350877165,0.1314814814814812
1.0,0.8637426900584796,0.04797817065723665,0.7870629223594867,0.07850394204326404,0.9216332280033493,0.0841563598772328,0.6928571428571428,0.09668543097260454,0.8281415343915343,0.056080220090740915,0.9202270723104057,0.06621906813163303,0.0008903124666744588,0.00011098146574435938,0.0836257309941516,8.36257309941516,0.08827160493827113
1.2,0.8780701754385966,0.0324561403508772,0.8073630073907008,0.056810670816911,0.959122784049459,0.058024482176009855,0.7007936507936507,0.07317529180545718,0.8411375661375661,0.03967322421524004,0.9509920634920636,0.04227482324574215,0.0009607208666693623,0.00013976635512723913,0.06929824561403464,6.929824561403464,0.07314814814814774
1.4,0.8885964912280703,0.025639457063085243,0.8251277342980392,0.04509934776560646,0.9716378605023803,0.040253896512225544,0.71984126984127,0.06289901603515734,0.8534391534391534,0.03254001860281573,0.9684082892416225,0.027238017883355573,0.0009487916000011865,0.00014934773246614208,0.05877192982456092,5.8771929824560925,0.06203703703703656
1.6,0.8935672514619883,0.02227601983010632,0.832600684099709,0.04033735585824024,0.982482599100246,0.028027925173930743,0.7246031746031746,0.05756567557393202,0.8583664021164024,0.0291804795484465,0.9784611992945327,0.01741728615082727,0.0009228764999988925,0.00013087214636774478,0.05380116959064285,5.380116959064285,0.05679012345678969
1.8,0.8988304093567253,0.019579729874600233,0.8409935492154107,0.03540970299579234,0.9916663808729748,0.016036501361011354,0.7317460317460316,0.05213989747827568,0.8640211640211638,0.026192396781698993,0.9841380070546737,0.011865653026805251,0.0009330027666654435,0.0001248195506627138,0.04853801169590588,4.853801169590588,0.05123456790123404
2.0,0.8991228070175441,0.016604995163158682,0.8414977163030641,0.03015732667849918,0.9938372492203137,0.014740658609562021,0.730952380952381,0.044818437788874586,0.8640873015873016,0.02230856478243774,0.9880401234567903,0.008701587368165455,0.0009449819000110438,0.00010396056894839812,0.04824561403508709,4.824561403508709,0.050925925925925264
4.0,0.90233918128655,0.008693607454572217,0.8469969321047848,0.01563215876846872,1.0,0.0,0.7349206349206351,0.023596934519553175,0.8674603174603175,0.011798467259776563,0.9962962962962963,0.002329570005417645,0.0009511375999939749,0.00013622224031936206,0.0450292397660812,4.50292397660812,0.047530864197530165
6.0,0.9046783625730995,0.0092649003027806,0.8511735246726566,0.016579739517692427,1.0,0.0,0.7412698412698411,0.025147586536118805,0.8706349206349207,0.012573793268059377,0.9968584656084657,0.001512392276676822,0.0009418888333433036,0.00015193632730430023,0.04269005847953167,4.269005847953167,0.045061728395061174
8.0,0.9038011695906434,0.007675090496144242,0.849675593401621,0.013745289820265237,1.0,0.0,0.7388888888888889,0.0208323884895344,0.8694444444444446,0.010416194244767175,0.9969686948853613,0.0011233115099639364,0.0008750390000083522,0.00015399604347847082,0.04356725146198781,4.356725146198781,0.04598765432098717
10.0,0.9035087719298248,0.007511831917348009,0.8491572668558972,0.013452813715202308,1.0,0.0,0.7380952380952382,0.020389258061373202,0.8690476190476191,0.010194629030686575,0.9970568783068782,0.0009288738032531575,0.0008564069666552617,0.00014618721732788511,0.04385964912280638,4.385964912280638,0.046296296296295614
