dataset,model,metric,rho,n,p,ci_low,ci_high,note
Breast Cancer,DP-DNN,yeom_advantage,-1.0,9,0.0,-1.0,-1.0,perfect monotone rank agreement; CI degenerate at rho
Breast Cancer,DP-DNN,lira_auc,-0.7074749701108396,9,0.03301307820972575,-0.9443500147923596,0.012579242004185837,
Breast Cancer,DP-DNN,shokri_auc,-0.5595028849441883,9,0.11725801179643583,-0.9038031776906018,0.22449792913959635,
Breast Cancer,DP-DNN,lira_tpr_at_1pct,0.7226912263862432,9,0.027837748006815696,0.014679637472477561,0.9480175564804276,
Breast Cancer,DP-GNB,yeom_advantage,0.34045327482409776,9,0.3699806113477238,-0.4369107825075652,0.8266985968188567,
Breast Cancer,DP-GNB,lira_auc,0.2203706386767634,9,0.5688380139511053,-0.5268411383994889,0.7754493643589655,
Breast Cancer,DP-GNB,shokri_auc,-0.45769286494404704,9,0.21541170296009043,-0.8705634271215743,0.3333783798216748,
Breast Cancer,DP-GNB,lira_tpr_at_1pct,0.30512857662936466,9,0.4246269982624868,-0.46478634172375477,0.8122917640530617,
Breast Cancer,DP-LR,yeom_advantage,0.4267819784654187,9,0.25195669028740064,-0.36256702134681074,0.8595839097501113,
Breast Cancer,DP-LR,lira_auc,-0.1338923854009157,9,0.7312787650945741,-0.7345006701681411,0.5843407013560225,
Breast Cancer,DP-LR,shokri_auc,0.04184137043778616,9,0.9148857180816651,-0.640272989786712,0.6870612168128701,
Breast Cancer,DP-LR,lira_tpr_at_1pct,-0.8451956828432803,9,0.0041165974193028195,-0.9743259209445725,-0.29764031077743375,
Breast Cancer,DP-RF,yeom_advantage,-0.6168897525164957,9,0.0767914836315314,-0.9205977554320541,0.15181299297625012,
Breast Cancer,DP-RF,lira_auc,-0.7278253428740509,9,0.02621983802051682,-0.9492345505343426,-0.024182151275454738,
Breast Cancer,DP-RF,shokri_auc,-0.7711482799498873,9,0.014968562414476522,-0.9590981782647867,-0.11131341484495079,
Breast Cancer,DP-RF,lira_tpr_at_1pct,-0.017401834162972505,9,0.9645582194331808,-0.6737702812317797,0.6543160033175779,
Breast Cancer,DP-SVM,yeom_advantage,0.22594340036404525,9,0.5588463751684138,-0.5229482114560563,0.7779710186899499,
Breast Cancer,DP-SVM,lira_auc,-0.54393781569122,9,0.13005468899084704,-0.8990088920903377,0.2426285293800077,
Breast Cancer,DP-SVM,shokri_auc,0.15062893357603013,9,0.6988841292948215,-0.5736149075233876,0.7426944553057333,
Breast Cancer,DP-SVM,lira_tpr_at_1pct,0.1898751079416854,9,0.6246231323438359,-0.5477239632291391,0.7614005716771168,
Cancer Risk,DP-DNN,yeom_advantage,-0.319327731092437,9,0.402244256401878,-0.8181494403807983,0.4537384711082163,
Cancer Risk,DP-DNN,lira_auc,0.7698812160552653,9,0.015240184856772946,0.10857145634959559,0.9588198844830634,
Cancer Risk,DP-DNN,shokri_auc,0.34309923758984645,9,0.366029243023804,-0.4347688290842066,0.8277554151852513,
Cancer Risk,DP-DNN,lira_tpr_at_1pct,0.6276205565667923,9,0.07036502278970762,-0.13706068677748764,0.9235859410415502,
Cancer Risk,DP-GNB,yeom_advantage,-0.326362689414732,9,0.3913604492997979,-0.8210183871751168,0.44818780050875545,
Cancer Risk,DP-GNB,lira_auc,0.02510482226267169,9,0.9488837293174807,-0.6499244599877587,0.6779918617468083,
Cancer Risk,DP-GNB,shokri_auc,0.108787563138244,9,0.7805538526280621,-0.6000952722385908,0.7219642660839113,
Cancer Risk,DP-GNB,lira_tpr_at_1pct,0.23949579831932777,9,0.5348261148175906,-0.5133776802177548,0.784044840815901,
Cancer Risk,DP-LR,yeom_advantage,-0.9532691695074738,9,6.938268647974957e-05,-0.9930782874628813,-0.7170126053010529,
Cancer Risk,DP-LR,lira_auc,-0.7119666788018509,9,0.03142525586076605,-0.9454421112133331,0.004669154536897828,
Cancer Risk,DP-LR,shokri_auc,-0.33903175181040524,9,0.3721117934172025,-0.8261295473399263,0.43805830969241133,
Cancer Risk,DP-LR,lira_tpr_at_1pct,0.7319745408718102,9,0.024958398350333106,0.03197953919594809,0.9502105710162378,
Cancer Risk,DP-RF,yeom_advantage,-0.5000000000000001,9,0.1704706607870537,-0.8849175889269288,0.29074801452819277,
Cancer Risk,DP-RF,lira_auc,-0.18646746349572288,9,0.6309668238972302,-0.759804403733726,0.5500147454083432,
Cancer Risk,DP-RF,shokri_auc,0.22129462863566354,9,0.5671768423586119,-0.5261973580436926,0.7758684388008804,
Cancer Risk,DP-RF,lira_tpr_at_1pct,-0.35598333940092547,9,0.3470801223983502,-0.8328570978274973,0.42422534398380674,
Cancer Risk,DP-SVM,yeom_advantage,-0.5858290865554853,9,0.09739836684069947,-0.9116789613443769,0.1923684791189833,
Cancer Risk,DP-SVM,lira_auc,0.13989948335653377,9,0.7196066014451042,-0.5805119187626591,0.7374565926146858,
Cancer Risk,DP-SVM,shokri_auc,0.3759798615206846,9,0.31864671185858867,-0.4074729969399534,0.8406296437572368,
Cancer Risk,DP-SVM,lira_tpr_at_1pct,0.2282898581798495,9,0.5546589995080073,-0.5213017275739668,0.7790285782348133,
Diabetes,DP-DNN,yeom_advantage,0.5166666666666667,9,0.15439012098622507,-0.2729949929181571,0.8903601408134023,
Diabetes,DP-DNN,lira_auc,-0.08333333333333334,9,0.831214097710308,-0.7089486377732402,0.6156769091154475,
Diabetes,DP-DNN,shokri_auc,-0.8333333333333333,9,0.005265691029161747,-0.9720211788120464,-0.2638221413574253,
Diabetes,DP-DNN,lira_tpr_at_1pct,-0.5333333333333333,9,0.13922686754397814,-0.8956835405976523,0.254640389802388,
Diabetes,DP-GNB,yeom_advantage,0.31666666666666665,9,0.406397014486386,-0.4558246201185339,0.8170584869066698,
Diabetes,DP-GNB,lira_auc,0.38333333333333336,9,0.3084952723803716,-0.40118808453581994,0.8434435035777011,
Diabetes,DP-GNB,shokri_auc,0.09999999999999999,9,0.797971695234851,-0.6055182390386287,0.717505794453041,
Diabetes,DP-GNB,lira_tpr_at_1pct,-0.26666666666666666,9,0.48792227483870076,-0.7959728312436334,0.49373001543893047,
Diabetes,DP-LR,yeom_advantage,-0.45379753568064973,9,0.21984567541906394,-0.8692027567496706,0.3371422528007339,
Diabetes,DP-LR,lira_auc,0.9075950713612995,9,0.0007207661476132482,0.5101654398579257,0.9856354340785372,
Diabetes,DP-LR,shokri_auc,-0.25210974204480535,9,0.5128371802316591,-0.7896236428529251,0.5043345146148401,
Diabetes,DP-LR,lira_tpr_at_1pct,-0.1176512129542425,9,0.7630703618815534,-0.7264243040883771,0.5945776806038577,
Diabetes,DP-RF,yeom_advantage,0.8595822506667449,9,0.002969521996401982,0.34113807906152044,0.9770537984642886,
Diabetes,DP-RF,lira_auc,-0.14347141033685276,9,0.7126896628339858,-0.7392062642516946,0.5782242007620358,
Diabetes,DP-RF,shokri_auc,0.7848730094898416,9,0.012231053084833868,0.1418530135340612,0.9620738267887788,
Diabetes,DP-RF,lira_tpr_at_1pct,0.4322189107537832,9,0.2453042346940975,-0.35754256649438254,0.861545345015527,
Diabetes,DP-SVM,yeom_advantage,-0.7949860383179369,9,0.010444517709683928,-0.964221240538883,-0.16539273899519,
Diabetes,DP-SVM,lira_auc,0.9121418755437382,9,0.000606850679471499,0.5284414885952452,0.9864073176783287,
Diabetes,DP-SVM,shokri_auc,-0.4100454302903043,9,0.27302974714377237,-0.8534647430950537,0.37775751389995155,
Diabetes,DP-SVM,lira_tpr_at_1pct,0.9411764705882354,9,0.0001534134477425025,0.656764699347236,0.9911742772854737,
Gallstone,DP-DNN,yeom_advantage,0.6137846542001533,9,0.07871663583387468,-0.1560075542803008,0.9197242046415541,
Gallstone,DP-DNN,lira_auc,-0.7768985960673559,9,0.01377648436154386,-0.9603535336033975,-0.123919018596683,
Gallstone,DP-DNN,shokri_auc,,9,,,,undefined: leakage series constant (zero variance)
Gallstone,DP-DNN,lira_tpr_at_1pct,-0.7990709194465474,9,0.009775862585910695,-0.9650778355023185,-0.1751656723232722,
Gallstone,DP-GNB,yeom_advantage,0.43885372573625553,9,0.23731540935901643,-0.3513492789800594,0.8639214207008648,
Gallstone,DP-GNB,lira_auc,0.10971343143406388,9,0.7787234682933726,-0.5995211750320499,0.7224318838018383,
Gallstone,DP-GNB,shokri_auc,-0.3122613048507972,9,0.4133146518907889,-0.8152454993246439,0.4592622125532576,
Gallstone,DP-GNB,lira_tpr_at_1pct,0.2616243364966139,9,0.4964952585060011,-0.4974241250928948,0.7937843272867671,
Gallstone,DP-LR,yeom_advantage,0.6272087408492496,9,0.07060520621579136,-0.13763433809530262,0.9234721401589608,
Gallstone,DP-LR,lira_auc,0.5594023904871686,9,0.11733810288497039,-0.2246169691933668,0.9037725533103791,
Gallstone,DP-LR,shokri_auc,0.38988651458196605,9,0.299588758586314,-0.3955285122739781,0.8459310418109148,
Gallstone,DP-LR,lira_tpr_at_1pct,0.8645309671165332,9,0.002632371844833852,0.3567795449637528,0.9779752417074198,
Gallstone,DP-RF,yeom_advantage,0.9139289531633575,9,0.0005657488177664984,0.5357490195928047,0.9867088004539625,
Gallstone,DP-RF,lira_auc,-0.3505426036290943,9,0.35502268778864143,-0.8307117122776102,0.4287009244015502,
Gallstone,DP-RF,shokri_auc,0.47024007803902895,9,0.20146787949139733,-0.32107711885095636,0.874901415321722,
Gallstone,DP-RF,lira_tpr_at_1pct,-0.5386386348447059,9,0.13459200563808751,-0.8973531667888169,0.2486644418771793,
Gallstone,DP-SVM,yeom_advantage,0.5941474602165634,9,0.09158336570110653,-0.1818036080162584,0.914106954322448,
Gallstone,DP-SVM,lira_auc,-0.7113032974423645,9,0.031656557033302335,-0.945281319681928,0.0058444403878531144,
Gallstone,DP-SVM,shokri_auc,-0.18410202992625907,9,0.6353826478012163,-0.7586932929555662,0.5516000009248041,
Gallstone,DP-SVM,lira_tpr_at_1pct,0.7447763937925935,9,0.02131972812332017,0.05673027254048923,0.9531798695008836,
Kidney Stone,DP-DNN,yeom_advantage,-0.8677218312746247,9,0.0024295765147508406,-0.9785648198925258,-0.36705986395368995,
Kidney Stone,DP-DNN,lira_auc,-0.7302967433402214,9,0.025463561683239266,-0.9498167077350951,-0.028813665985880588,
Kidney Stone,DP-DNN,shokri_auc,-0.59336610396393,9,0.09212027344886972,-0.9138801214753932,0.18280486543890687,
Kidney Stone,DP-DNN,lira_tpr_at_1pct,0.5958540230683373,9,0.09041738746264182,-0.17961025184025498,0.9146014937741709,
Kidney Stone,DP-GNB,yeom_advantage,-0.8181818181818182,9,0.007029018964856406,-0.9690035772156191,-0.22306523939945969,
Kidney Stone,DP-GNB,lira_auc,-0.8355727485873495,9,0.005033821845567632,-0.9724601428690166,-0.27007278666299406,
Kidney Stone,DP-GNB,shokri_auc,-0.6353834442382971,9,0.06593282386038873,-0.9257180783853431,0.12613164782047206,
Kidney Stone,DP-GNB,lira_tpr_at_1pct,-0.08703882797784893,9,0.8238015497960073,-0.710862649934473,0.6134324912345925,
Kidney Stone,DP-LR,yeom_advantage,-0.8645309671165332,9,0.002632371844833852,-0.9779752417074198,-0.3567795449637528,
Kidney Stone,DP-LR,lira_auc,-0.4407412773535268,9,0.23506870996364326,-0.8645938814960707,0.34957469866555835,
Kidney Stone,DP-LR,shokri_auc,-0.35598333940092547,9,0.3470801223983502,-0.8328570978274973,0.42422534398380674,
Kidney Stone,DP-LR,lira_tpr_at_1pct,0.5594023904871686,9,0.11733810288497039,-0.2246169691933668,0.9037725533103791,
Kidney Stone,DP-RF,yeom_advantage,0.6843158461850065,9,0.042028338225670155,-0.0516727724397115,0.938592335991078,
Kidney Stone,DP-RF,lira_auc,0.5865557254410011,9,0.09688167145319519,-0.19145383533375468,0.9118922099291257,
Kidney Stone,DP-RF,shokri_auc,0.0,9,1.0,-0.6641217079267975,0.6641217079267975,
Kidney Stone,DP-RF,lira_tpr_at_1pct,0.3811274107713804,9,0.31152314481330473,-0.40308068993344015,0.8426018947683094,
Kidney Stone,DP-SVM,yeom_advantage,-0.7592566023652966,9,0.017648307110135198,-0.9564623519332872,-0.08606793535933181,
Kidney Stone,DP-SVM,lira_auc,-0.6390096504226938,9,0.06392412293886497,-0.9267055642217179,0.12094982435228824,
Kidney Stone,DP-SVM,shokri_auc,-0.15975241260567344,9,0.6813971672244921,-0.7471063252232562,0.5676903443841156,
Kidney Stone,DP-SVM,lira_tpr_at_1pct,0.7302967433402214,9,0.025463561683239266,0.028813665985880588,0.9498167077350951,
Lung Cancer,DP-DNN,yeom_advantage,-0.16110055813220658,9,0.678824061526354,-0.7477549888252831,0.5668101530984867,
Lung Cancer,DP-DNN,lira_auc,-0.09128709291752768,9,0.8153180714600264,-0.7130489132308946,0.6108494076248272,
Lung Cancer,DP-DNN,shokri_auc,0.5249007842757842,9,0.14678430726681804,-0.26400482311913964,0.8930050077763385,
Lung Cancer,DP-DNN,lira_tpr_at_1pct,0.15975241260567344,9,0.6813971672244921,-0.5676903443841156,0.7471063252232562,
Lung Cancer,DP-GNB,yeom_advantage,0.6019820970270344,9,0.08630583364982958,-0.17165957758862668,0.9163673110991533,
Lung Cancer,DP-GNB,lira_auc,-0.6701989754294366,9,0.04822931198294204,-0.9349775943238647,0.07421432424592272,
Lung Cancer,DP-GNB,shokri_auc,-0.44389802268702944,9,0.23133718370585238,-0.8657150307948336,0.3465941871769602,
Lung Cancer,DP-GNB,lira_tpr_at_1pct,-0.5222329678670935,9,0.1492240544995434,-0.8921512638439398,0.26693398692933434,
Lung Cancer,DP-LR,yeom_advantage,-0.9532691695074738,9,6.938268647974957e-05,-0.9930782874628813,-0.7170126053010529,
Lung Cancer,DP-LR,lira_auc,0.5254992153061281,9,0.14624025831231627,-0.26334558333141816,0.8931960969527715,
Lung Cancer,DP-LR,shokri_auc,0.4746444525345673,9,0.19669605234939094,-0.3166930565243352,0.8764079448657016,
Lung Cancer,DP-LR,lira_tpr_at_1pct,0.7119666788018509,9,0.03142525586076605,-0.004669154536897828,0.9454421112133331,
Lung Cancer,DP-RF,yeom_advantage,1.0,9,0.0,1.0,1.0,perfect monotone rank agreement; CI degenerate at rho
Lung Cancer,DP-RF,lira_auc,-0.09166984970282113,9,0.8145545364084783,-0.7132454648993215,0.6106161567051613,
Lung Cancer,DP-RF,shokri_auc,0.09128709291752768,9,0.8153180714600264,-0.6108494076248272,0.7130489132308946,
Lung Cancer,DP-RF,lira_tpr_at_1pct,-0.5500190982169268,9,0.12496097654595263,-0.900894262864078,0.23561740625825092,
Lung Cancer,DP-SVM,yeom_advantage,0.4793458824562353,9,0.19167295370239645,-0.311974346122734,0.8780068037470881,
Lung Cancer,DP-SVM,lira_auc,-0.3663545909013695,9,0.33218307415500037,-0.8369104050759636,0.4155972551412793,
Lung Cancer,DP-SVM,shokri_auc,0.03960590171906697,9,0.9194209150358497,-0.6415709066657068,0.6858579472117932,
Lung Cancer,DP-SVM,lira_tpr_at_1pct,-0.11881770515720091,9,0.7607761854873133,-0.727008503334872,0.5938479365897308,
