dataset,model,variant,epsilon,n_runs,advantage_mean,advantage_std,attack_accuracy_mean,attack_accuracy_std,attack_auc_mean,attack_auc_std,attack_precision_mean,attack_precision_std,tpr_mean,tpr_std,fpr_mean,fpr_std,train_acc_mean,train_acc_std,test_acc_mean,test_acc_std,gen_gap_mean,gen_gap_std
GALLSTONE,LR,standard,,30,-0.0218484477124182,0.0555524670016258,0.4890757761437908,0.0277762335008129,0.4866748366013071,0.0299498401787428,0.7864032050909967,0.0331092622070695,0.2734640522875817,0.0555418668256788,0.2953125,0.0715288312355001,0.7411764705882355,2.220446049250313e-16,0.765625,0.0,-0.0244485294117646,0.0
GALLSTONE,LR,dp,0.1,30,-0.0277696078431372,0.0715635969586923,0.4861151960784314,0.0357817984793461,0.4879289215686275,0.0467902016102467,0.7900565685291061,0.0239873999457142,0.4909803921568628,0.0469650481778995,0.51875,0.0649769590572945,0.4235294117647059,5.551115123125783e-17,0.484375,0.0,-0.0608455882352941,1.3877787807814457e-17
GALLSTONE,LR,dp,0.2,30,-0.0010028594771241,0.056801500296413,0.499498570261438,0.0284007501482065,0.505204248366013,0.0381264150824886,0.7991848610154039,0.0175781233804547,0.5099346405228757,0.0363880340989788,0.5109375,0.0613368325824703,0.4196078431372549,5.551115123125783e-17,0.484375,0.0,-0.064767156862745,1.3877787807814457e-17
GALLSTONE,LR,dp,0.4,30,0.0155310457516339,0.0616805272355907,0.507765522875817,0.0308402636177953,0.5095322712418301,0.035796635346657,0.8040927226081576,0.0194683240259456,0.5092810457516339,0.0353627993075261,0.49375,0.0539156845608647,0.4352941176470589,5.551115123125783e-17,0.5,0.0,-0.0647058823529411,0.0
GALLSTONE,LR,dp,0.8,30,0.0143647875816993,0.0376554827383174,0.5071823937908497,0.0188277413691587,0.5086192810457517,0.0249029982546071,0.802283190365718,0.0110930046715487,0.5440522875816993,0.1429551472352938,0.5296875,0.1244355746544505,0.4745098039215686,0.0,0.4375,0.0,0.0370098039215686,6.938893903907228e-18
GALLSTONE,LR,dp,1.0,30,0.0062316176470588,0.0542885866852642,0.5031158088235294,0.0271442933426321,0.4963265931372548,0.0364767696818445,0.8021621424763453,0.0180295758618569,0.4952941176470588,0.0566948162662586,0.4890625,0.0833805204943976,0.4549019607843138,5.551115123125783e-17,0.515625,0.0,-0.0607230392156862,1.3877787807814457e-17
GALLSTONE,LR,dp,2.0,30,0.0062316176470588,0.0583949982283996,0.5031158088235295,0.0291974991141998,0.5115104166666666,0.0331321499519317,0.8013333777070558,0.0179396166832966,0.5286274509803921,0.0360471589388644,0.5223958333333333,0.0600676882370121,0.5294117647058824,0.0,0.484375,0.0,0.0450367647058823,2.0816681711721685e-17
GALLSTONE,LR,dp,4.0,30,0.0128370098039215,0.0755317948334965,0.5064185049019608,0.0377658974167482,0.5069485294117647,0.0410935931930543,0.8036122448321408,0.0234332804360243,0.5196078431372549,0.0372549019607843,0.5067708333333333,0.0750090417003547,0.5725490196078432,1.1102230246251563e-16,0.609375,0.0,-0.0368259803921569,0.0
GALLSTONE,LR,dp,8.0,30,-0.0019240196078431,0.0654493948475894,0.4990379901960784,0.0327246974237947,0.4986672794117647,0.0381202934538938,0.7994101709282259,0.0216781290873373,0.5074509803921569,0.0431562643795396,0.509375,0.0783953655092782,0.607843137254902,1.1102230246251563e-16,0.640625,0.0,-0.032781862745098,0.0
GALLSTONE,LR,dp,10.0,30,-0.0191830065359477,0.0665588627705184,0.4904084967320261,0.0332794313852592,0.4879799836601307,0.0459792644311172,0.7934776665015477,0.020848536056236,0.4891503267973857,0.0321143243803619,0.5083333333333333,0.0696126435275151,0.6352941176470589,1.1102230246251563e-16,0.65625,0.0,-0.0209558823529412,0.0
GALLSTONE,RF,standard,,30,0.1045363562091503,0.0549188667623058,0.5522681781045752,0.0274594333811529,0.581342933006536,0.0286308619296418,0.8285108349552188,0.015237551344134,0.5946405228758171,0.0391304083672258,0.4901041666666667,0.0499810076776391,0.9137254901960784,1.1102230246251563e-16,0.828125,0.0,0.0856004901960783,2.7755575615628914e-17
GALLSTONE,RF,dp,0.1,30,0.0002736928104575,0.0546997237472312,0.5001368464052288,0.0273498618736156,0.4999938725490195,0.0293816262472398,0.7996013555528856,0.0166437138394438,0.5367320261437908,0.1199672445932642,0.5364583333333334,0.1280445207947437,0.5098039215686274,0.0,0.484375,0.0,0.0254289215686274,0.0
GALLSTONE,RF,dp,0.2,30,-0.0063827614379084,0.063255842446238,0.4968086192810457,0.031627921223119,0.4958823529411764,0.0366786827207796,0.7960107112707123,0.0265530656055301,0.4660130718954249,0.1100561218237022,0.4723958333333333,0.1170438934907422,0.5254901960784314,0.0,0.5,0.0,0.0254901960784313,0.0
GALLSTONE,RF,dp,0.4,30,0.0077716503267973,0.0355410259967333,0.5038858251633987,0.0177705129983666,0.5078349673202615,0.0238946678633231,0.8014462532063246,0.0140130237934733,0.4895424836601307,0.1316272366203455,0.4817708333333333,0.1261718078130196,0.5019607843137255,0.0,0.484375,0.0,0.0175857843137254,0.0
GALLSTONE,RF,dp,0.8,30,-0.0186580882352941,0.0808452187947611,0.490670955882353,0.0404226093973805,0.4899744689542483,0.0467070517256689,0.7929619940763437,0.0278403649541236,0.5235294117647059,0.106854649810302,0.5421875,0.1216444132759495,0.5372549019607843,0.0,0.5,0.0,0.0372549019607842,6.938893903907228e-18
GALLSTONE,RF,dp,1.0,30,-0.0201674836601307,0.061536890713282,0.4899162581699346,0.030768445356641,0.4938899101307189,0.0261076570218512,0.7936182435461799,0.0194448452246706,0.5037908496732026,0.066147407480757,0.5239583333333333,0.0941599831698984,0.5411764705882353,0.0,0.59375,0.0,-0.0525735294117647,2.0816681711721685e-17
GALLSTONE,RF,dp,2.0,30,-0.0303104575163398,0.1075058173042301,0.4848447712418301,0.053752908652115,0.4857843137254901,0.0517118504253801,0.7905874148853397,0.0350882755285837,0.5071895424836602,0.0794530407267153,0.5375,0.1228725203208594,0.5686274509803921,0.0,0.546875,0.0,0.0217524509803921,0.0
GALLSTONE,RF,dp,4.0,30,-0.005563725490196,0.0815913794361213,0.497218137254902,0.0407956897180606,0.4985702614379085,0.0442747501584285,0.799278207411826,0.0264268330748787,0.5090196078431373,0.1020180834472492,0.5145833333333333,0.1379333449130009,0.5686274509803921,0.0,0.578125,0.0,-0.0094975490196078,0.0
GALLSTONE,RF,dp,8.0,30,-0.0475265522875817,0.0561768490598361,0.4762367238562092,0.028088424529918,0.485735294117647,0.0290492671364379,0.7842528646194382,0.0177626038201858,0.4998692810457516,0.1121172439432171,0.5473958333333333,0.1293188367761591,0.5686274509803921,0.0,0.546875,0.0,0.0217524509803921,0.0
GALLSTONE,RF,dp,10.0,30,-0.0448937908496732,0.0581512559685113,0.4775531045751635,0.0290756279842556,0.4844955065359476,0.0297765695228626,0.785592007457377,0.0185050167053506,0.5071895424836601,0.1052575773470086,0.5520833333333334,0.125151817527975,0.5686274509803921,0.0,0.546875,0.0,0.0217524509803921,0.0
GALLSTONE,GNB,standard,,30,0.0171650326797385,0.0307335282035179,0.5085825163398693,0.0153667641017589,0.5102563316993464,0.0190688330163579,0.8061561353127134,0.0134648314328978,0.4942483660130719,0.1905265865847893,0.4770833333333333,0.1842042523863719,0.5764705882352942,1.1102230246251563e-16,0.546875,0.0,0.029595588235294,0.0
GALLSTONE,GNB,dp,0.1,30,0.0170404411764705,0.0668365046469199,0.5085202205882353,0.0334182523234599,0.5107587826797385,0.0406030451340007,0.8047328741633704,0.0222022788007901,0.4956862745098039,0.0462634306001321,0.4786458333333333,0.0639777556015022,0.5137254901960784,0.0,0.53125,0.0,-0.0175245098039216,0.0
GALLSTONE,GNB,dp,0.2,30,0.0224571078431372,0.0730181259682239,0.5112285539215686,0.0365090629841119,0.5093831699346405,0.0395540676776164,0.8070625439207793,0.0241066988023389,0.515686274509804,0.0789768612382578,0.4932291666666666,0.1067911566023714,0.4862745098039215,0.0,0.5,0.0,-0.0137254901960784,0.0
GALLSTONE,GNB,dp,0.4,30,0.0115972222222222,0.058633321830772,0.5057986111111111,0.029316660915386,0.5016676879084966,0.0351547316171935,0.802866919930287,0.0183832411355881,0.5022222222222222,0.0421264013167255,0.490625,0.0562789277468337,0.4549019607843138,5.551115123125783e-17,0.46875,0.0,-0.0138480392156862,0.0
GALLSTONE,GNB,dp,0.8,30,-0.0122160947712418,0.0756900691537577,0.493891952614379,0.0378450345768788,0.4934732434640522,0.0410505273107667,0.7958604199587219,0.0240314574035023,0.5060130718954248,0.0278676746032978,0.5182291666666666,0.073296999166443,0.4313725490196079,5.551115123125783e-17,0.453125,0.0,-0.0217524509803921,0.0
GALLSTONE,GNB,dp,1.0,30,0.0159129901960784,0.0572508705148178,0.5079564950980392,0.0286254352574089,0.500830269607843,0.0355463366819934,0.804780677282925,0.0203278367030754,0.4737254901960784,0.066708176235184,0.4578125,0.0776181475102096,0.5137254901960784,0.0,0.515625,0.0,-0.0018995098039216,0.0
GALLSTONE,GNB,dp,2.0,30,0.0061233660130718,0.0704887091782025,0.503061683006536,0.0352443545891012,0.506437908496732,0.0379745956574971,0.8011836454745243,0.0231749007694905,0.5009150326797386,0.0422721734513103,0.4947916666666667,0.0654677348436277,0.5215686274509804,0.0,0.515625,0.0,0.0059436274509804,0.0
GALLSTONE,GNB,dp,4.0,30,-0.0090216503267973,0.0844928384134479,0.4954891748366012,0.0422464192067239,0.4880484068627452,0.0499944725672381,0.7957849412235783,0.0280150627931476,0.4904575163398693,0.0526808738261364,0.4994791666666666,0.0764916054989405,0.5254901960784314,0.0,0.53125,0.0,-0.0057598039215686,0.0
GALLSTONE,GNB,dp,8.0,30,0.0026511437908496,0.0544034973858772,0.5013255718954249,0.0272017486929386,0.4978839869281045,0.0322038842372757,0.8000290353538049,0.0175690738114597,0.5120261437908497,0.0461089686971897,0.509375,0.0604615494205477,0.5568627450980392,0.0,0.46875,0.0,0.0881127450980392,4.163336342344337e-17
GALLSTONE,GNB,dp,10.0,30,0.0139808006535947,0.065606517942292,0.5069904003267973,0.032803258971146,0.5028931781045752,0.0404307907193957,0.80373874570239,0.0209354067390517,0.5124183006535947,0.0336788449784998,0.4984375,0.0594777072208571,0.5764705882352942,1.1102230246251563e-16,0.578125,0.0,-0.0016544117647059,0.0
GALLSTONE,DNN,standard,,5,-0.0057720588235294,0.0365141667548164,0.4971139705882352,0.0182570833774082,0.5102941176470589,0.0066845968871744,0.8004672057502248,0.0587234265960356,0.1223529411764705,0.0386945768895498,0.128125,0.0553751410833417,0.8823529411764707,1.1102230246251563e-16,0.78125,0.0,0.1011029411764705,0.0
GALLSTONE,DNN,dp,0.1,5,0.0,0.0,0.5,0.0,0.5,0.0,0.0,0.0,0.0,0.0,0.0,0.0,0.4901960784313725,5.551115123125783e-17,0.5,0.0,-0.0098039215686274,0.0
GALLSTONE,DNN,dp,0.2,5,0.0,0.0,0.5,0.0,0.5,0.0,0.0,0.0,0.0,0.0,0.0,0.0,0.4901960784313725,5.551115123125783e-17,0.5,0.0,-0.0098039215686274,0.0
GALLSTONE,DNN,dp,0.4,5,0.0,0.0,0.5,0.0,0.5,0.0,0.0,0.0,0.0,0.0,0.0,0.0,0.4941176470588235,0.0,0.5,0.0,-0.0058823529411764,0.0
GALLSTONE,DNN,dp,0.8,5,0.0,0.0,0.5,0.0,0.5,0.0,0.0,0.0,0.0,0.0,0.0,0.0,0.4941176470588235,0.0,0.5,0.0,-0.0058823529411764,0.0
GALLSTONE,DNN,dp,1.0,5,0.0,0.0,0.5,0.0,0.5,0.0,0.0,0.0,0.0,0.0,0.0,0.0,0.4941176470588235,0.0,0.5,0.0,-0.0058823529411764,0.0
GALLSTONE,DNN,dp,2.0,5,0.0,0.0,0.5,0.0,0.5,0.0,0.0,0.0,0.0,0.0,0.0,0.0,0.4941176470588235,0.0,0.5,0.0,-0.0058823529411764,0.0
GALLSTONE,DNN,dp,4.0,5,0.0,0.0,0.5,0.0,0.5,0.0,0.0,0.0,0.0,0.0,0.0,0.0,0.6196078431372549,0.0,0.6875,0.0,-0.067892156862745,0.0
GALLSTONE,DNN,dp,8.0,5,0.0,0.0,0.5,0.0,0.5,0.0,0.0,0.0,0.0,0.0,0.0,0.0,0.6392156862745098,0.0,0.65625,0.0,-0.0170343137254902,0.0
GALLSTONE,DNN,dp,10.0,5,0.0,0.0,0.5,0.0,0.5,0.0,0.0,0.0,0.0,0.0,0.0,0.0,0.6196078431372549,0.0,0.65625,0.0,-0.036642156862745,0.0
KIDNEY_STONE,LR,standard,,30,-0.0030937499999999,0.0142506738693005,0.498453125,0.0071253369346503,0.5003273111979166,0.0086808540148954,0.7989625542914659,0.0047644151192412,0.4830729166666667,0.0156118868585678,0.4861666666666666,0.0181140292468449,0.925625,0.0,0.9225,1.1102230246251563e-16,0.003125,0.0
KIDNEY_STONE,LR,dp,0.1,30,-0.0026979166666666,0.0205277827699775,0.4986510416666668,0.0102638913849888,0.4977984505208333,0.0127693227004657,0.7990965374120066,0.0066502454534739,0.4926354166666666,0.0215814655924489,0.4953333333333333,0.0251224777617353,0.7456250000000001,1.1102230246251563e-16,0.7600000000000003,3.3306690738754696e-16,-0.014375,0.0
KIDNEY_STONE,LR,dp,0.2,30,-0.00459375,0.0165284929963129,0.4977031249999999,0.0082642464981564,0.49818466796875,0.0093825026688104,0.7985713183351598,0.0053133451506841,0.5007395833333333,0.0291899627946215,0.5053333333333333,0.0340219496142645,0.7893749999999999,1.1102230246251563e-16,0.7974999999999999,1.1102230246251563e-16,-0.0081249999999999,0.0
KIDNEY_STONE,LR,dp,0.4,30,-0.0041979166666666,0.0134485621456244,0.4979010416666666,0.0067242810728122,0.4998587955729166,0.0067623568434935,0.7987072496785512,0.0042636826338923,0.50984375,0.0257496649957981,0.5140416666666667,0.0292166535938362,0.8237500000000001,1.1102230246251563e-16,0.8287499999999999,1.1102230246251563e-16,-0.005,0.0
KIDNEY_STONE,LR,dp,0.8,30,-0.0057604166666666,0.0156103438207295,0.4971197916666666,0.0078051719103647,0.4971787239583333,0.0093062488510214,0.7977598936417591,0.0056887090964921,0.4739062500000001,0.1124222749442735,0.4796666666666667,0.110012751786125,0.8128124999999999,1.1102230246251563e-16,0.8174999999999998,2.220446049250313e-16,-0.0046874999999999,0.0
KIDNEY_STONE,LR,dp,1.0,30,-0.0008333333333333,0.0188513464741617,0.4995833333333333,0.0094256732370808,0.5005874479166667,0.0097660458295957,0.7997856939482024,0.0058295568760524,0.5098333333333334,0.0328795677012673,0.5106666666666666,0.0379634326980875,0.8487499999999998,2.220446049250313e-16,0.8462500000000002,2.220446049250313e-16,0.0025,0.0
KIDNEY_STONE,LR,dp,2.0,30,0.0035104166666666,0.0209857471680516,0.5017552083333333,0.0104928735840258,0.5021886653645834,0.0106914168396481,0.8009077969008539,0.0064923498595721,0.5195520833333334,0.046815217665143,0.5160416666666667,0.0432207070035751,0.9162500000000005,3.3306690738754696e-16,0.9200000000000004,3.3306690738754696e-16,-0.00375,0.0
KIDNEY_STONE,LR,dp,4.0,30,-0.0072499999999999,0.0173763114013494,0.496375,0.0086881557006747,0.49574447265625,0.0114917593336696,0.7977372472532999,0.0053181391891988,0.510375,0.019251860029185,0.517625,0.023726633241992,0.9225,1.1102230246251563e-16,0.9250000000000004,2.220446049250313e-16,-0.0025,0.0
KIDNEY_STONE,LR,dp,8.0,30,0.0045520833333333,0.0174494588870654,0.5022760416666665,0.0087247294435327,0.5005173763020834,0.0117908514334005,0.8014561981300441,0.0055291683283265,0.5056770833333333,0.013983128630057,0.501125,0.0203647724842025,0.9259375,0.0,0.9250000000000004,2.220446049250313e-16,0.0009374999999999,0.0
KIDNEY_STONE,LR,dp,10.0,30,0.0046458333333333,0.0158450614458329,0.5023229166666666,0.0079225307229164,0.5018381380208334,0.0102627941423587,0.8015084974547703,0.005101997613689,0.5016458333333333,0.0109992108302772,0.4969999999999999,0.0185646393267774,0.925625,0.0,0.9250000000000004,2.220446049250313e-16,0.0006249999999999,0.0
KIDNEY_STONE,RF,standard,,30,0.0156041666666666,0.0169221819826981,0.5078020833333333,0.008461090991349,0.51297419921875,0.0104898059763934,0.8032209932830006,0.003669832531437,0.7458958333333334,0.0811644474799294,0.7302916666666667,0.0746433766690358,0.9503124999999998,2.220446049250313e-16,0.9437500000000002,2.220446049250313e-16,0.0065625,0.0
KIDNEY_STONE,RF,dp,0.1,30,0.0045104166666666,0.0142457238040539,0.5022552083333334,0.0071228619020269,0.5022007617187499,0.0093248751975904,0.8014906478752232,0.0061007675943745,0.5434270833333333,0.2379627684919808,0.5389166666666667,0.236273969977416,0.8393750000000001,1.1102230246251563e-16,0.8299999999999996,3.3306690738754696e-16,0.009375,0.0
KIDNEY_STONE,RF,dp,0.2,30,0.00046875,0.0139483211915448,0.500234375,0.0069741605957724,0.4992670377604167,0.0063576225152117,0.7984398696250357,0.0066683537209449,0.51046875,0.2837657364166127,0.51,0.2773329076519169,0.8784375000000001,1.1102230246251563e-16,0.8612499999999996,3.3306690738754696e-16,0.0171875,0.0
KIDNEY_STONE,RF,dp,0.4,30,-0.0004583333333333,0.0081951035516473,0.4997708333333333,0.0040975517758236,0.4985202278645833,0.0061977612759846,0.799525313717833,0.0047160069886492,0.5188333333333334,0.2891661743511659,0.5192916666666666,0.2888448046625654,0.8971875000000001,1.1102230246251563e-16,0.8887500000000004,3.3306690738754696e-16,0.0084374999999999,0.0
KIDNEY_STONE,RF,dp,0.8,30,0.0079791666666666,0.0111189512270217,0.5039895833333333,0.0055594756135108,0.502484765625,0.0075174229092456,0.8024234383214296,0.0043274357453623,0.6408541666666667,0.2484623144490707,0.6328750000000001,0.2466340385233419,0.8990624999999999,1.1102230246251563e-16,0.8887500000000004,3.3306690738754696e-16,0.0103124999999999,0.0
KIDNEY_STONE,RF,dp,1.0,30,0.001125,0.0143918832014206,0.5005624999999999,0.0071959416007103,0.50141634765625,0.0089330839418098,0.8000941566575341,0.0047635170906311,0.6200416666666667,0.2797815918699898,0.6189166666666668,0.2781729328233708,0.8996874999999999,1.1102230246251563e-16,0.8887500000000004,3.3306690738754696e-16,0.0109374999999999,0.0
KIDNEY_STONE,RF,dp,2.0,30,0.001,0.0155892090081568,0.5005000000000001,0.0077946045040784,0.5025755794270834,0.0091271829882251,0.8005121137022307,0.0060876323120045,0.5809583333333332,0.2777129078768016,0.5799583333333332,0.277597483503043,0.8996874999999999,1.1102230246251563e-16,0.8900000000000001,1.1102230246251563e-16,0.0096874999999999,0.0
KIDNEY_STONE,RF,dp,4.0,30,-0.0016249999999999,0.0125624481756808,0.4991874999999999,0.0062812240878404,0.5015557942708334,0.0049698762420896,0.7988933126158789,0.0066973805774701,0.6865416666666667,0.2684198181668452,0.6881666666666668,0.2657920030566926,0.8999999999999998,2.220446049250313e-16,0.8912499999999999,1.1102230246251563e-16,0.00875,0.0
KIDNEY_STONE,RF,dp,8.0,30,0.0013645833333333,0.0127387315741425,0.5006822916666666,0.0063693657870712,0.5013042187500001,0.007079950887973,0.8010669747188529,0.0069737527682289,0.7016145833333333,0.2508095626973808,0.70025,0.2507599698915279,0.8999999999999998,2.220446049250313e-16,0.8912499999999999,1.1102230246251563e-16,0.00875,0.0
KIDNEY_STONE,RF,dp,10.0,30,0.0013124999999999,0.0127190187318047,0.5006562499999999,0.0063595093659023,0.5013027473958335,0.0070786593932234,0.8010586138855178,0.0069737076200283,0.7007291666666667,0.2502666199803499,0.6994166666666667,0.2502687583157132,0.8999999999999998,2.220446049250313e-16,0.8912499999999999,1.1102230246251563e-16,0.00875,0.0
KIDNEY_STONE,GNB,standard,,30,0.0014270833333333,0.0064006242235729,0.5007135416666666,0.0032003121117864,0.5016489518229166,0.0047370561544427,0.7462306661998966,0.1994944071405332,0.6546770833333331,0.337996331450187,0.6532500000000001,0.3350627428805934,0.8996874999999999,1.1102230246251563e-16,0.8900000000000001,1.1102230246251563e-16,0.0096874999999999,0.0
KIDNEY_STONE,GNB,dp,0.1,30,-0.00203125,0.0208023858682724,0.4989843750000001,0.0104011929341362,0.4988417317708332,0.0105468672939947,0.7992606122287129,0.0064714177590512,0.50709375,0.045921209554836,0.5091249999999999,0.0460605918872087,0.7856249999999999,1.1102230246251563e-16,0.785,0.0,0.0006249999999999,0.0
KIDNEY_STONE,GNB,dp,0.2,30,0.0025416666666666,0.0191501967280292,0.5012708333333333,0.0095750983640146,0.500443828125,0.0098369890067341,0.8011890596159195,0.0063923906184655,0.4922916666666666,0.0654907025313941,0.48975,0.0738335684721613,0.7606250000000002,2.220446049250313e-16,0.7662499999999999,1.1102230246251563e-16,-0.0056249999999999,0.0
KIDNEY_STONE,GNB,dp,0.4,30,0.003,0.0192080508836789,0.5015000000000001,0.0096040254418394,0.5007968424479167,0.0115832278022349,0.8006336219690501,0.0059240622248901,0.5016666666666667,0.0976819327339446,0.4986666666666667,0.0937227367765628,0.8996874999999999,1.1102230246251563e-16,0.8887500000000004,3.3306690738754696e-16,0.0109374999999999,0.0
KIDNEY_STONE,GNB,dp,0.8,30,-0.0019166666666666,0.0173505023142142,0.4990416666666667,0.0086752511571071,0.5003918098958333,0.0081128543786049,0.7991713009239197,0.0059912401559549,0.5020833333333333,0.0994414522749721,0.504,0.0980132856640704,0.8928125000000003,3.3306690738754696e-16,0.8850000000000003,3.3306690738754696e-16,0.0078125,0.0
KIDNEY_STONE,GNB,dp,1.0,30,-0.0011145833333333,0.0186012648212799,0.4994427083333333,0.0093006324106399,0.4995167057291667,0.0114306075910712,0.7987012890087404,0.0066975418049891,0.49446875,0.1458994675192333,0.4955833333333333,0.1382934430437281,0.8178124999999998,2.220446049250313e-16,0.8125,0.0,0.0053125,0.0
KIDNEY_STONE,GNB,dp,2.0,30,0.0031875,0.0186141607161501,0.50159375,0.009307080358075,0.5000654361979167,0.0086658714381709,0.7999569810424835,0.006427322462774,0.5136041666666666,0.1832536829817859,0.5104166666666667,0.1758243481116563,0.8996874999999999,1.1102230246251563e-16,0.8900000000000001,1.1102230246251563e-16,0.0096874999999999,0.0
KIDNEY_STONE,GNB,dp,4.0,30,0.0015520833333333,0.0206619749588801,0.5007760416666666,0.01033098747944,0.5021537304687498,0.0122038715833,0.7999151894039048,0.0072122489416808,0.50746875,0.1349203167131591,0.5059166666666667,0.1290877178080428,0.8996874999999999,1.1102230246251563e-16,0.8900000000000001,1.1102230246251563e-16,0.0096874999999999,0.0
KIDNEY_STONE,GNB,dp,8.0,30,0.0046249999999999,0.0154743571487369,0.5023124999999999,0.0077371785743684,0.5030238020833333,0.0111367030417228,0.8006174241661114,0.0063450261570778,0.4960833333333333,0.2016538025339192,0.4914583333333333,0.1981458541425706,0.8996874999999999,1.1102230246251563e-16,0.8900000000000001,1.1102230246251563e-16,0.0096874999999999,0.0
KIDNEY_STONE,GNB,dp,10.0,30,0.0036874999999999,0.0164802201517455,0.50184375,0.0082401100758727,0.50221390625,0.0088137963947334,0.7990285853700735,0.0102666238935723,0.4856041666666666,0.2004338057900219,0.4819166666666666,0.1939229693861858,0.8996874999999999,1.1102230246251563e-16,0.8900000000000001,1.1102230246251563e-16,0.0096874999999999,0.0
KIDNEY_STONE,DNN,standard,,5,0.022625,0.0133061898190278,0.5113125000000001,0.0066530949095139,0.5174514453125001,0.0077462723279811,0.8105655124972699,0.0077465718870791,0.524375,0.3078767382208341,0.50175,0.3039496257605855,0.99625,1.1102230246251563e-16,0.97375,1.1102230246251563e-16,0.0224999999999999,0.0
KIDNEY_STONE,DNN,dp,0.1,5,0.0,0.0,0.5,0.0,0.5001249999999999,0.0001530931089239,0.0,0.0,0.0,0.0,0.0,0.0,0.608125,0.0,0.60875,0.0,-0.0006249999999999,0.0
KIDNEY_STONE,DNN,dp,0.2,5,0.0004374999999999,0.0055501970685733,0.5002187499999999,0.0027750985342866,0.4976584375,0.0045117575103178,0.4844460494005488,0.3959518700025639,0.0489375,0.0486941186130316,0.0485,0.0499462210782757,0.645,0.0,0.645,0.0,0.0,0.0
KIDNEY_STONE,DNN,dp,0.4,5,0.0009375,0.011296777748544,0.5004687499999999,0.005648388874272,0.5014009765624999,0.0025074021337242,0.8008914985367351,0.0060716360088991,0.3304375,0.0431714423838259,0.3295,0.0488722825331496,0.8996875,0.0,0.89,0.0,0.0096874999999999,0.0
KIDNEY_STONE,DNN,dp,0.8,5,0.0023749999999999,0.018078172266576,0.5011875,0.009039086133288,0.5029075390625001,0.0088407414959931,0.8006828275393054,0.0052753480366168,0.541625,0.034615860707196,0.53925,0.0358346898968025,0.8996875,0.0,0.89,0.0,0.0096874999999999,0.0
KIDNEY_STONE,DNN,dp,1.0,5,6.249999999998756e-05,0.0173783719749578,0.5000312499999999,0.0086891859874789,0.4996392578125,0.0081249568959193,0.800090805057722,0.0051877868111179,0.5333125,0.0204276543562886,0.53325,0.0291182932192118,0.8996875,0.0,0.89,0.0,0.0096874999999999,0.0
KIDNEY_STONE,DNN,dp,2.0,5,0.0223124999999999,0.0238473334463206,0.51115625,0.0119236667231602,0.51637703125,0.0116528716033694,0.8069466445799458,0.007301749624586,0.5250625,0.017161229923872,0.50275,0.0306227039955651,0.8996875,0.0,0.89,0.0,0.0096874999999999,0.0
KIDNEY_STONE,DNN,dp,4.0,5,0.0001249999999999,0.0208140952842058,0.5000625,0.0104070476421029,0.5011448828124999,0.0119489848639612,0.8000390912280123,0.0069439300837863,0.476875,0.0095953276390126,0.47675,0.018449254727495,0.8996875,0.0,0.89,0.0,0.0096874999999999,0.0
KIDNEY_STONE,DNN,dp,8.0,5,0.0184374999999999,0.0175044637164353,0.50921875,0.0087522318582176,0.5176117578125,0.0092120505056052,0.8059432857469717,0.005710825120845,0.5059375,0.0138293166859393,0.4875,0.0241479812820865,0.8996875,0.0,0.89,0.0,0.0096874999999999,0.0
KIDNEY_STONE,DNN,dp,10.0,5,0.0061249999999999,0.0223655706388189,0.5030625,0.0111827853194094,0.5026215625,0.0101089366728715,0.8020563564563258,0.007158219828894,0.5051249999999999,0.0162663379406675,0.499,0.0298789223366573,0.8996875,0.0,0.89,0.0,0.0096874999999999,0.0
LUNG_CANCER,LR,standard,,30,-0.0011741666666666,0.005346418128575,0.4994129166666666,0.0026732090642875,0.4996573894583333,0.0029725584835288,0.7998518327905707,0.0018355489956758,0.4759624999999999,0.135747489042155,0.4771366666666666,0.138459017964001,1.0,0.0,1.0,0.0,0.0,0.0
LUNG_CANCER,LR,dp,0.1,30,0.0001325,0.005047429832763,0.50006625,0.0025237149163815,0.5000973474583333,0.0028258166023373,0.8000589705429128,0.0016742228414617,0.5075258333333335,0.104958944847365,0.5073933333333334,0.1049648510481273,0.8292250000000002,2.220446049250313e-16,0.8340999999999998,1.1102230246251563e-16,-0.0048749999999999,0.0
LUNG_CANCER,LR,dp,0.2,30,0.0014941666666666,0.0052376309980965,0.5007470833333333,0.0026188154990482,0.5010520521666667,0.0027489770878925,0.8006647617286357,0.0018555590498391,0.5288141666666666,0.130697589668436,0.52732,0.1327739994627462,0.87425,0.0,0.8781,0.0,-0.00385,0.0
LUNG_CANCER,LR,dp,0.4,30,0.0002291666666666,0.0051570828451967,0.5001145833333334,0.0025785414225983,0.5000035630833334,0.0032018210105075,0.8000060536357031,0.0018627538814782,0.5107924999999999,0.1317061443691346,0.5105633333333333,0.1314929972364392,0.9433250000000004,3.3306690738754696e-16,0.9439999999999996,2.220446049250313e-16,-0.0006749999999999,0.0
LUNG_CANCER,LR,dp,0.8,30,0.0020383333333333,0.0055840574157347,0.5010191666666667,0.0027920287078673,0.5008748104166667,0.0032613063661044,0.8005837901804543,0.0017327709433503,0.5021083333333334,0.1214113006707182,0.5000699999999999,0.1202166631544895,0.9814499999999998,2.220446049250313e-16,0.9786,0.0,0.00285,0.0
LUNG_CANCER,LR,dp,1.0,30,0.0009441666666666,0.0045929868791693,0.5004720833333334,0.0022964934395846,0.5001426730416668,0.0031912800107757,0.8003368112055046,0.0015694805452819,0.4754675,0.1308830359121583,0.4745233333333333,0.1312664076940055,0.98235,1.1102230246251563e-16,0.9793999999999996,3.3306690738754696e-16,0.0029499999999998,0.0
LUNG_CANCER,LR,dp,2.0,30,0.0001091666666666,0.0050779239661061,0.5000545833333334,0.002538961983053,0.5004574930000001,0.0033521325846547,0.799895203444325,0.0017983551533284,0.4605891666666667,0.1502859722167671,0.46048,0.1489812256628331,0.9265000000000002,2.220446049250313e-16,0.9267,1.1102230246251563e-16,-0.0001999999999999,0.0
LUNG_CANCER,LR,dp,4.0,30,-0.0001841666666666,0.0052785946809312,0.4999079166666666,0.0026392973404656,0.4997492395833333,0.0028179137392652,0.799838087736911,0.001699013297965,0.5297991666666667,0.1124172502116062,0.5299833333333334,0.1114265709883518,1.0,0.0,1.0,0.0,0.0,0.0
LUNG_CANCER,LR,dp,8.0,30,0.0009683333333333,0.0053795559502827,0.5004841666666667,0.0026897779751413,0.5001970289166666,0.0029557659353395,0.8003246494391938,0.0015977016631482,0.5549250000000001,0.0804394378813444,0.5539566666666665,0.0817470557403887,1.0,0.0,1.0,0.0,0.0,0.0
LUNG_CANCER,LR,dp,10.0,30,-0.0008008333333333,0.0051865189165973,0.4995995833333334,0.0025932594582986,0.49983812725,0.0030724874491382,0.7997408593314538,0.0016691753561154,0.5287091666666667,0.0817099344947656,0.52951,0.0816088816653351,1.0,0.0,1.0,0.0,0.0,0.0
LUNG_CANCER,RF,standard,,30,2.50000000000102e-05,0.0023220142118428,0.5000125,0.0011610071059214,0.4992729835416666,0.0018697346023359,0.800055160543505,0.0005392103584472,0.8162149999999999,0.2160952609768818,0.81619,0.2166941582815128,1.0,0.0,1.0,0.0,0.0,0.0
LUNG_CANCER,RF,dp,0.1,30,0.0004291666666666,0.0036141163242977,0.5002145833333332,0.0018070581621488,0.500273452625,0.0022032817888213,0.8002917964338825,0.0019983963160911,0.4697558333333332,0.2027761180961379,0.4693266666666667,0.2035552340002312,0.8719499999999997,3.3306690738754696e-16,0.8697000000000004,3.3306690738754696e-16,0.0022499999999999,0.0
LUNG_CANCER,RF,dp,0.2,30,0.0003383333333333,0.0033910220517648,0.5001691666666667,0.0016955110258824,0.5000892203333333,0.0024293732130812,0.8001953698916845,0.0013483088286114,0.5020450000000001,0.1748132016610873,0.5017066666666666,0.1748861113855401,0.9010500000000002,2.220446049250313e-16,0.8991000000000002,2.220446049250313e-16,0.00195,0.0
LUNG_CANCER,RF,dp,0.4,30,0.0008308333333333,0.0044374574332856,0.5004154166666667,0.0022187287166428,0.5003722888750001,0.0029173290335491,0.8005379385569993,0.0019204292583247,0.5756308333333333,0.1485490026729863,0.5748,0.1507296453920064,0.882275,0.0,0.8798999999999998,2.220446049250313e-16,0.002375,0.0
LUNG_CANCER,RF,dp,0.8,30,0.0003866666666666,0.0041317759162643,0.5001933333333333,0.0020658879581321,0.5003419460000001,0.0020457779361753,0.8000837234396448,0.0012961941528657,0.5630866666666667,0.1719891796176595,0.5627,0.1718552821416903,0.882275,0.0,0.8798999999999998,2.220446049250313e-16,0.002375,0.0
LUNG_CANCER,RF,dp,1.0,30,-0.0006425,0.00448615067922,0.49967875,0.00224307533961,0.4996910435833333,0.0026493864286009,0.7997664869894349,0.0015751143390236,0.5520041666666666,0.2032662843090451,0.5526466666666667,0.2035811611017963,0.882275,0.0,0.8798999999999998,2.220446049250313e-16,0.002375,0.0
LUNG_CANCER,RF,dp,2.0,30,0.000775,0.0045005277468314,0.5003875000000001,0.0022502638734157,0.5003567208333334,0.0030122406365912,0.800323468429436,0.0013333061185548,0.6213316666666666,0.1603374650715033,0.6205566666666668,0.1617179286769267,0.882275,0.0,0.8798999999999998,2.220446049250313e-16,0.002375,0.0
LUNG_CANCER,RF,dp,4.0,30,0.0007416666666666,0.0039611779252585,0.5003708333333333,0.0019805889626292,0.4994440644999999,0.002442464628205,0.8002805425539592,0.0015048464128938,0.5866116666666666,0.1749923827786671,0.58587,0.1750732516215236,0.882275,0.0,0.8798999999999998,2.220446049250313e-16,0.002375,0.0
LUNG_CANCER,RF,dp,8.0,30,-5.91666666666546e-05,0.0043604065336719,0.4999704166666666,0.0021802032668359,0.4992370810416666,0.0025369755740853,0.8001542916469565,0.001541556276362,0.6276375000000002,0.1757723079429275,0.6276966666666667,0.1772195427209488,0.882275,0.0,0.8798999999999998,2.220446049250313e-16,0.002375,0.0
LUNG_CANCER,RF,dp,10.0,30,-0.0001441666666666,0.0042681215781131,0.4999279166666666,0.0021340607890565,0.4992524907083333,0.0025445810117503,0.8001293732412976,0.0015289833470141,0.6249991666666668,0.176300601658471,0.6251433333333333,0.1776919782157377,0.882275,0.0,0.8798999999999998,2.220446049250313e-16,0.002375,0.0
LUNG_CANCER,GNB,standard,,30,-0.0013291666666666,0.0031256871466749,0.4993354166666667,0.0015628435733374,0.4988896306666666,0.0019146877655461,0.7997134908155178,0.0008369180403578,0.6680674999999999,0.1627400044485579,0.6693966666666665,0.1633767210739917,0.890625,0.0,0.8931000000000001,1.1102230246251563e-16,-0.002475,0.0
LUNG_CANCER,GNB,dp,0.1,30,-0.0007775,0.0055199613147799,0.49961125,0.0027599806573899,0.5000281905416667,0.0030898346313073,0.7998336278653286,0.0018604365407309,0.5117691666666666,0.1216945877808002,0.5125466666666667,0.122553826904299,0.6176250000000001,1.1102230246251563e-16,0.6150999999999999,1.1102230246251563e-16,0.0025249999999999,0.0
LUNG_CANCER,GNB,dp,0.2,30,0.0008574999999999,0.0050308678426291,0.50042875,0.0025154339213145,0.5004872490833333,0.0030105940496837,0.8003543115735461,0.0015382161559558,0.5639075000000001,0.154947414890504,0.56305,0.1557602875147149,0.8717000000000001,1.1102230246251563e-16,0.8720999999999999,1.1102230246251563e-16,-0.0003999999999999,0.0
LUNG_CANCER,GNB,dp,0.4,30,-0.0007583333333333,0.0039024422552493,0.4996208333333333,0.0019512211276246,0.4992416314999999,0.0029085343299838,0.7998209001805171,0.0012869392127979,0.4766683333333334,0.1669154585078592,0.4774266666666666,0.1678035635961154,0.6781499999999998,2.220446049250313e-16,0.6782000000000001,1.1102230246251563e-16,-4.999999999999449e-05,0.0
LUNG_CANCER,GNB,dp,0.8,30,-0.000365,0.0040199792702616,0.4998174999999999,0.0020099896351308,0.4998697554583333,0.002584246033304,0.800028890857049,0.0014208768815995,0.5158683333333333,0.1628500321017946,0.5162333333333333,0.1639436434334135,0.8507250000000002,2.220446049250313e-16,0.8531000000000002,2.220446049250313e-16,-0.002375,0.0
LUNG_CANCER,GNB,dp,1.0,30,-0.0002541666666666,0.0040696902182134,0.4998729166666667,0.0020348451091067,0.500455313125,0.0027485582907419,0.8001005318740719,0.001875403454952,0.4655891666666666,0.1601677626588412,0.4658433333333334,0.1612737583186496,0.9100749999999996,2.220446049250313e-16,0.9147,0.0,-0.0046249999999999,0.0
LUNG_CANCER,GNB,dp,2.0,30,0.0004766666666666,0.0041821093827025,0.5002383333333333,0.0020910546913512,0.5002223280833333,0.0026836645052239,0.8005135012688108,0.0020025624327242,0.48756,0.1467993215810845,0.4870833333333333,0.1480607107086669,0.890625,0.0,0.8931000000000001,1.1102230246251563e-16,-0.002475,0.0
LUNG_CANCER,GNB,dp,4.0,30,0.0005399999999999,0.0048358065511349,0.50027,0.0024179032755675,0.5004705050416667,0.0024468439672607,0.8003026882126427,0.0015216101610546,0.5169733333333332,0.1404175508280769,0.5164333333333333,0.1416930257830481,0.890625,0.0,0.8931000000000001,1.1102230246251563e-16,-0.002475,0.0
LUNG_CANCER,GNB,dp,8.0,30,-0.0002724999999999,0.0046171706253216,0.49986375,0.0023085853126608,0.500529197375,0.0025215911871837,0.8000934172037353,0.001791268990348,0.5029608333333333,0.1408519772200786,0.5032333333333334,0.1424548731665185,0.890625,0.0,0.8931000000000001,1.1102230246251563e-16,-0.002475,0.0
LUNG_CANCER,GNB,dp,10.0,30,0.0007683333333333,0.0049257695394278,0.5003841666666666,0.0024628847697139,0.4998649083333333,0.0025054652904351,0.8003048965474515,0.0015863643984937,0.5080016666666667,0.1085972868240986,0.5072333333333333,0.1091536755628911,0.890625,0.0,0.8931000000000001,1.1102230246251563e-16,-0.002475,0.0
LUNG_CANCER,DNN,standard,,5,-4.999999999988347e-06,1.870828693388545e-05,0.4999975,9.354143466913051e-06,0.499989933,1.1919217088418387e-05,0.7999962845521303,7.201901395162581e-06,0.6711750000000001,0.3003403015747304,0.67118,0.300328469512965,1.0,0.0,1.0,0.0,0.0,0.0
LUNG_CANCER,DNN,dp,0.1,5,0.00159,0.0059231241756356,0.500795,0.0029615620878178,0.500780572,0.0028839781357591,0.8004597316596138,0.001733881364425,0.53137,0.0567369068596447,0.5297799999999999,0.0559664327968113,0.97055,0.0,0.9679,0.0,0.00265,0.0
LUNG_CANCER,DNN,dp,0.2,5,0.0021,0.003269365381844,0.50105,0.001634682690922,0.5003162187499999,0.0025622916565246,0.8005969875946801,0.0010298489683943,0.60208,0.1765995451579646,0.59998,0.1760978409861972,0.990525,1.1102230246251563e-16,0.9886,1.1102230246251563e-16,0.0019249999999999,0.0
LUNG_CANCER,DNN,dp,0.4,5,-0.001905,0.0062485078218723,0.4990475,0.0031242539109362,0.4982105477499999,0.0032029149326407,0.7996741850638857,0.0016722337837667,0.6277950000000001,0.1062634690286365,0.6296999999999999,0.1103362678361018,1.0,0.0,1.0,0.0,0.0,0.0
LUNG_CANCER,DNN,dp,0.8,5,-0.00265,0.002396768658006,0.498675,0.001198384329003,0.49827928825,0.0017576087461547,0.799353096379987,0.000910903954189,0.5010899999999999,0.159164389547411,0.50374,0.1610161060266953,1.0,0.0,1.0,0.0,0.0,0.0
LUNG_CANCER,DNN,dp,1.0,5,-0.00169,0.0013046647078847,0.499155,0.0006523323539423,0.49945506225,0.0015714798443086,0.7994622213732485,0.0004246769722298,0.5629299999999999,0.1164512402252548,0.56462,0.115882896063224,1.0,0.0,1.0,0.0,0.0,0.0
LUNG_CANCER,DNN,dp,2.0,5,0.0008,0.0025816177098865,0.5004000000000001,0.0012908088549432,0.4996172905,0.0012943447035099,0.8005632396043894,0.0010100503762304,0.5181199999999999,0.1657193300432994,0.51732,0.1680332871784635,1.0,0.0,1.0,0.0,0.0,0.0
LUNG_CANCER,DNN,dp,4.0,5,0.00198,0.0042363132556504,0.50099,0.0021181566278252,0.502284377,0.0009640346240795,0.8012400668807425,0.0017002242056353,0.6555799999999999,0.2987255970786567,0.6536000000000001,0.3028097554571186,1.0,0.0,1.0,0.0,0.0,0.0
LUNG_CANCER,DNN,dp,8.0,5,-9.500000000000342e-05,0.0026759764572955,0.4999525,0.0013379882286477,0.499992545,0.000517075624449,0.8006393565192745,0.0017576764985149,0.5843849999999999,0.3461998724003231,0.5844799999999999,0.3471769082182742,1.0,0.0,1.0,0.0,0.0,0.0
LUNG_CANCER,DNN,dp,10.0,5,0.0010149999999999,0.0038772606309094,0.5005075,0.0019386303154547,0.49985262075,0.0025401506003168,0.8017270491098829,0.0026831508446402,0.4382549999999999,0.2385672470185293,0.4372399999999999,0.2401125452782507,1.0,0.0,1.0,0.0,0.0,0.0
BCP,LR,standard,,30,-0.0022093695777906,0.0374655362070644,0.4988953152111046,0.0187327681035321,0.5009555941134889,0.0208585160305774,0.7991001166922455,0.0122857679752661,0.4925274725274725,0.0240713694164804,0.4947368421052632,0.0439531167815521,0.9406593406593406,0.0,0.912280701754386,1.1102230246251563e-16,0.0283786389049547,0.0
BCP,LR,dp,0.1,30,0.0008148576569629,0.0396282048796448,0.5004074288284815,0.0198141024398224,0.5015027954501639,0.0244621436733396,0.7999036811899304,0.0125614021233136,0.5049084249084249,0.0312311395674378,0.504093567251462,0.0436094226608237,0.6945054945054946,1.1102230246251563e-16,0.6578947368421055,2.220446049250313e-16,0.0366107576633891,0.0
BCP,LR,dp,0.2,30,0.0089537947432684,0.0456123642902998,0.5044768973716341,0.0228061821451499,0.5024892359102885,0.02912227886863,0.8024668518916265,0.0147577509678568,0.5162637362637362,0.0437664408933189,0.5073099415204678,0.0565356756117194,0.7054945054945058,2.220446049250313e-16,0.6754385964912283,2.220446049250313e-16,0.0300559090032774,0.0
BCP,LR,dp,0.4,30,0.0106317074738127,0.0650328851754122,0.5053158537369064,0.0325164425877061,0.5071055844740056,0.0346344197756068,0.8028670015288853,0.0202809210466403,0.5147252747252746,0.0459559686287906,0.504093567251462,0.0655544861173861,0.7340659340659342,2.220446049250313e-16,0.6929824561403506,3.3306690738754696e-16,0.041083477925583,0.0
BCP,LR,dp,0.8,30,-0.0103547329863119,0.0487224322764239,0.494822633506844,0.0243612161382119,0.4926675663517768,0.0298719135086688,0.7948510910565183,0.016662659763943,0.5115750915750915,0.0970899418862108,0.5219298245614036,0.0829322449873611,0.7120879120879123,2.220446049250313e-16,0.6666666666666669,2.220446049250313e-16,0.0454212454212454,0.0
BCP,LR,dp,1.0,30,0.0027119079750658,0.0547366546328203,0.501355953987533,0.0273683273164101,0.5055218173639227,0.0348533870525973,0.8006641926296286,0.0173918655391501,0.5032967032967033,0.0438570313423568,0.5005847953216375,0.0646562571278842,0.7516483516483519,2.220446049250313e-16,0.7192982456140349,2.220446049250313e-16,0.0323501060343165,0.0
BCP,LR,dp,2.0,30,-0.0110249983934194,0.0480741676476194,0.4944875008032903,0.0240370838238097,0.4903177816335711,0.0263906346341711,0.7963983816257407,0.0154554713745676,0.5059340659340659,0.0461377959184516,0.5169590643274854,0.0657576271198624,0.8461538461538463,1.1102230246251563e-16,0.8508771929824559,2.220446049250313e-16,-0.0047233468286099,0.0
BCP,LR,dp,4.0,30,0.0066261808367071,0.0577289531272999,0.5033130904183536,0.0288644765636499,0.5063180386864597,0.0310936349294744,0.8014691371254135,0.0184912872347154,0.5215384615384615,0.0419050820961665,0.5149122807017543,0.055300275291513,0.9032967032967034,1.1102230246251563e-16,0.9035087719298248,2.220446049250313e-16,-0.0002120686331212,0.0
BCP,LR,dp,8.0,30,-0.0015905147484094,0.0664535207722365,0.4992047426257952,0.0332267603861182,0.495585437953859,0.040779783900194,0.7993048933880442,0.0214036640410048,0.508058608058608,0.0285154895241774,0.5096491228070176,0.0622889377636463,0.9274725274725276,0.0,0.9035087719298248,2.220446049250313e-16,0.0239637555427029,0.0
BCP,LR,dp,10.0,30,8.354218880533559e-05,0.0542182182469737,0.5000417710944026,0.0271091091234868,0.498982070561018,0.0293902326047058,0.8001339979741678,0.0173597027833486,0.5047619047619047,0.0313309960151547,0.5046783625730994,0.0648463919327677,0.9296703296703296,0.0,0.912280701754386,1.1102230246251563e-16,0.0173896279159437,0.0
BCP,RF,standard,,30,0.0346558704453441,0.0396288544320011,0.5173279352226722,0.0198144272160005,0.5302525544630806,0.0219282650423447,0.8060758211916549,0.0081726453565821,0.8030769230769231,0.1725982449742063,0.7684210526315789,0.1547377703490212,0.989010989010989,0.0,0.9473684210526312,2.220446049250313e-16,0.0416425679583575,2.0816681711721685e-17
BCP,RF,dp,0.1,30,0.0065066512434933,0.0538291209956773,0.5032533256217467,0.0269145604978387,0.5005523423944476,0.0321738635647243,0.8031936069743502,0.0190035202440303,0.5336996336996337,0.1706208861886331,0.5271929824561404,0.1851736171620287,0.7406593406593409,2.220446049250313e-16,0.7105263157894736,1.1102230246251563e-16,0.030133024869867,0.0
BCP,RF,dp,0.2,30,-0.0049630486472591,0.0427748394794497,0.4975184756763705,0.0213874197397248,0.5013183600025706,0.0235609245347662,0.796618532496119,0.0159193929603753,0.5368498168498167,0.2103216960325991,0.5418128654970761,0.207305817393962,0.7208791208791211,2.220446049250313e-16,0.7105263157894736,1.1102230246251563e-16,0.0103528050896471,0.0
BCP,RF,dp,0.4,30,0.0075490007068954,0.0428495764981035,0.5037745003534477,0.0214247882490517,0.5017961570593149,0.0242916964173478,0.8048967121993306,0.0196418683165458,0.5423443223443223,0.2115443571479157,0.5347953216374269,0.2270160449589125,0.7670329670329673,2.220446049250313e-16,0.7456140350877193,0.0,0.0214189319452478,0.0
BCP,RF,dp,0.8,30,0.0056898656898656,0.0333572221184799,0.5028449328449329,0.0166786110592399,0.5026682089839984,0.0175462099366982,0.80149821598002,0.0123583113749103,0.5945787545787545,0.2483495304997924,0.5888888888888889,0.251890699422166,0.7846153846153848,2.220446049250313e-16,0.7456140350877193,0.0,0.0390013495276653,0.0
BCP,RF,dp,1.0,30,0.0165233596812544,0.0359764172547258,0.5082616798406272,0.0179882086273629,0.507228648544438,0.0203665923211386,0.8090687644209142,0.0159007862828142,0.5346520146520145,0.2645384219508935,0.5181286549707601,0.2763824604735979,0.786813186813187,2.220446049250313e-16,0.7456140350877193,0.0,0.0411991517254675,0.0
BCP,RF,dp,2.0,30,0.0093682925261872,0.0328388390046087,0.5046841462630937,0.0164194195023043,0.5027038750722961,0.0151037897144238,0.804736429266034,0.0188497992932046,0.5386080586080586,0.2457780578244376,0.5292397660818714,0.2530650656069747,0.81978021978022,2.220446049250313e-16,0.798245614035088,2.220446049250313e-16,0.0215346057451319,0.0
BCP,RF,dp,4.0,30,0.0172893772893772,0.029223133871266,0.5086446886446886,0.014611566935633,0.5104116059379217,0.0163653172526224,0.8041543805183226,0.0110362533609965,0.5506227106227107,0.26243496628128,0.5333333333333333,0.2535113013087357,0.7978021978021981,2.220446049250313e-16,0.7631578947368423,1.1102230246251563e-16,0.0346443030653557,6.938893903907228e-18
BCP,RF,dp,8.0,30,0.025563909774436,0.0325990448398971,0.5127819548872181,0.0162995224199485,0.5098187777135145,0.0126024715501143,0.8110803391310812,0.0156465244703744,0.5571428571428572,0.2634661314996094,0.531578947368421,0.2708486334670142,0.7978021978021981,2.220446049250313e-16,0.7631578947368423,1.1102230246251563e-16,0.0346443030653557,6.938893903907228e-18
BCP,RF,dp,10.0,30,0.0249765439239123,0.0331357423566635,0.5124882719619562,0.0165678711783317,0.5094891073838441,0.0125922548889459,0.8109656871805763,0.0157365928763121,0.555970695970696,0.2622531456830755,0.5309941520467837,0.270195690489299,0.7978021978021981,2.220446049250313e-16,0.7631578947368423,1.1102230246251563e-16,0.0346443030653557,6.938893903907228e-18
BCP,GNB,standard,,30,0.002745324850588,0.0324758823947348,0.501372662425294,0.0162379411973674,0.5009154295996402,0.0201796983844295,0.7991770844431428,0.0140331521268179,0.5852014652014652,0.2544487611823822,0.5824561403508771,0.2492175093863054,0.945054945054945,0.0,0.9210526315789476,2.220446049250313e-16,0.0240023134759976,0.0
BCP,GNB,dp,0.1,30,0.0013887282308334,0.0453343812304646,0.5006943641154167,0.0226671906152323,0.497794164899428,0.0246236152890552,0.8000488013491031,0.014585294150623,0.4999267399267399,0.0969090939276494,0.4985380116959064,0.1051432878234121,0.3736263736263737,1.1102230246251563e-16,0.3684210526315788,5.551115123125783e-17,0.0052053209947947,0.0
BCP,GNB,dp,0.2,30,0.0065066512434933,0.0620448227181768,0.5032533256217466,0.0310224113590884,0.5021907332433648,0.0354325522484991,0.8025276839074206,0.0196827303449091,0.5003663003663004,0.0412122912636534,0.4938596491228069,0.0799529845431368,0.687912087912088,1.1102230246251563e-16,0.6842105263157898,3.3306690738754696e-16,0.0037015615962984,0.0
BCP,GNB,dp,0.4,30,-0.0157798342008868,0.0441491012682049,0.4921100828995566,0.0220745506341024,0.4953528050896472,0.026372062301114,0.7944447578731988,0.0151275057262622,0.5043956043956044,0.0750772790822898,0.5201754385964913,0.0806556568063521,0.6285714285714287,1.1102230246251563e-16,0.6228070175438597,0.0,0.0057644110275688,0.0
BCP,GNB,dp,0.8,30,0.0021418931945247,0.0366797181001684,0.5010709465972624,0.0183398590500842,0.5013922627080523,0.0203783046773039,0.8001309712679436,0.0113132046798248,0.51003663003663,0.0650463644804875,0.5078947368421053,0.0656177095008933,0.6263736263736265,1.1102230246251563e-16,0.631578947368421,0.0,-0.0052053209947946,0.0
BCP,GNB,dp,1.0,30,0.0071068697384486,0.0504385629738373,0.5035534348692243,0.0252192814869186,0.5031832787095946,0.0291725842239101,0.8024521416342598,0.0165658272780521,0.5073992673992674,0.0647357114749107,0.5002923976608187,0.0837243315170229,0.6263736263736265,1.1102230246251563e-16,0.631578947368421,0.0,-0.0052053209947946,0.0
BCP,GNB,dp,2.0,30,-0.0082655356339566,0.0522462085129495,0.4958672321830217,0.0261231042564747,0.4915355696934644,0.0312511660196691,0.7971530016310454,0.0174301060375585,0.4975824175824176,0.0438114839014147,0.5058479532163743,0.0637131752045139,0.6307692307692309,1.1102230246251563e-16,0.631578947368421,0.0,-0.0008097165991902,0.0
BCP,GNB,dp,4.0,30,-0.0001118180065548,0.0529848743858364,0.4999440909967225,0.0264924371929182,0.4996018893387314,0.0323909859813999,0.7992395885120206,0.0167980429455225,0.5156776556776557,0.04141164560661,0.5157894736842106,0.0471513327375467,0.6901098901098902,1.1102230246251563e-16,0.6929824561403506,3.3306690738754696e-16,-0.0028725660304608,0.0
BCP,GNB,dp,8.0,30,-0.0075952702268491,0.0490537141731447,0.4962023648865754,0.0245268570865723,0.4922112974744553,0.0292105436683175,0.7965907826972256,0.016570073903772,0.5032234432234433,0.0622498994420431,0.5108187134502924,0.0606335744834413,0.6857142857142858,1.1102230246251563e-16,0.6578947368421055,2.220446049250313e-16,0.0278195488721804,0.0
BCP,GNB,dp,10.0,30,0.0112010796221322,0.0614469438220362,0.5056005398110661,0.0307234719110181,0.5088715378189063,0.0349668978916729,0.8033449790813847,0.0193075159522366,0.5076923076923077,0.0508922917469446,0.4964912280701755,0.0720011057448464,0.7362637362637365,2.220446049250313e-16,0.7456140350877193,0.0,-0.0093502988239829,0.0
BCP,DNN,standard,,5,0.0103797956429535,0.0476654125824229,0.5051898978214767,0.0238327062912114,0.5091575091575091,0.0253886914306558,0.8026180627961844,0.0145568136158325,0.5331868131868132,0.0187831741707441,0.5228070175438596,0.0340188060169566,0.9846153846153848,0.0,0.9736842105263156,1.1102230246251563e-16,0.0109311740890688,0.0
BCP,DNN,dp,0.1,5,0.0,0.0,0.5,0.0,0.5,0.0,0.0,0.0,0.0,0.0,0.0,0.0,0.6263736263736264,0.0,0.631578947368421,0.0,-0.0052053209947946,0.0
BCP,DNN,dp,0.2,5,0.0,0.0,0.5,0.0,0.5,0.0,0.0,0.0,0.0,0.0,0.0,0.0,0.6263736263736264,0.0,0.631578947368421,0.0,-0.0052053209947946,0.0
BCP,DNN,dp,0.4,5,0.0,0.0,0.5,0.0,0.5,0.0,0.0,0.0,0.0,0.0,0.0,0.0,0.6263736263736264,0.0,0.631578947368421,0.0,-0.0052053209947946,0.0
BCP,DNN,dp,0.8,5,0.0,0.0,0.5,0.0,0.5005205320994794,0.0010410641989589,0.0,0.0,0.0,0.0,0.0,0.0,0.6263736263736264,0.0,0.631578947368421,0.0,-0.0052053209947946,0.0
BCP,DNN,dp,1.0,5,0.0,0.0,0.5,0.0,0.5010410641989589,0.0012750380384643,0.0,0.0,0.0,0.0,0.0,0.0,0.6263736263736264,0.0,0.631578947368421,0.0,-0.0052053209947946,0.0
BCP,DNN,dp,2.0,5,0.0,0.0,0.5,0.0,0.5005205320994794,0.0010410641989589,0.0,0.0,0.0,0.0,0.0,0.0,0.6263736263736264,0.0,0.631578947368421,0.0,-0.0052053209947946,0.0
BCP,DNN,dp,4.0,5,-0.0103335261229998,0.0204735691058927,0.4948332369385001,0.0102367845529463,0.5042722190090612,0.0093654005433903,0.7858645580248014,0.0489763226321789,0.0879120879120879,0.0622253656938422,0.0982456140350877,0.0687128281668987,0.6351648351648351,0.0,0.631578947368421,0.0,0.0035858877964141,0.0
BCP,DNN,dp,8.0,5,0.0065394254867939,0.0469275415907115,0.5032697127433969,0.0234637707953558,0.5007653749759013,0.0213500899756135,0.8049291606738415,0.0451267785373771,0.181978021978022,0.0299224130551516,0.175438596491228,0.0433301369657139,0.8065934065934066,0.0,0.7631578947368421,0.0,0.0434355118565644,0.0
BCP,DNN,dp,10.0,5,0.0092192018507808,0.0360476165518981,0.5046096009253904,0.018023808275949,0.5066030460767303,0.011184511016192,0.8038506447758337,0.0277459163451442,0.2039560439560439,0.0386063209011806,0.1947368421052631,0.0244357689073405,0.8373626373626374,0.0,0.8421052631578947,0.0,-0.0047426257952573,0.0
CANCER_RISK,LR,standard,,30,0.0014166666666666,0.0233453837930423,0.5007083333333333,0.0116726918965211,0.5027111111111112,0.0104432604234312,0.8005748307547863,0.0082183760074556,0.4561944444444444,0.0297136669930326,0.4547777777777778,0.0379344789256162,0.8591666666666666,0.0,0.8500000000000002,2.220446049250313e-16,0.0091666666666666,0.0
CANCER_RISK,LR,dp,0.1,30,0.0010833333333333,0.033615575920166,0.5005416666666667,0.016807787960083,0.5013859722222221,0.0172808259166294,0.8005071216433814,0.0105284334676434,0.5088611111111112,0.0247819036176315,0.5077777777777778,0.0431477507532168,0.6683333333333332,1.1102230246251563e-16,0.6833333333333333,0.0,-0.015,0.0
CANCER_RISK,LR,dp,0.2,30,-0.0068333333333333,0.0336026619315923,0.4965833333333333,0.0168013309657962,0.4968348611111111,0.0195746577984308,0.7979724783985314,0.0108864755720983,0.4946111111111111,0.0247044880213102,0.5014444444444444,0.0432621923155844,0.7175000000000001,1.1102230246251563e-16,0.7433333333333331,2.220446049250313e-16,-0.0258333333333332,0.0
CANCER_RISK,LR,dp,0.4,30,0.0096111111111111,0.0226759920904014,0.5048055555555556,0.0113379960452007,0.501661712962963,0.0156014052662345,0.8030859402711145,0.0071863106114851,0.5051666666666667,0.0221374075902038,0.4955555555555556,0.0296314814236147,0.7733333333333333,0.0,0.8033333333333336,2.220446049250313e-16,-0.03,0.0
CANCER_RISK,LR,dp,0.8,30,5.555555555554574e-05,0.0282940359287218,0.5000277777777777,0.0141470179643609,0.5024409259259259,0.0155204846540224,0.7998799159815158,0.0091432934378389,0.5005,0.030406657409436,0.5004444444444444,0.0306078340653637,0.7699999999999999,1.1102230246251563e-16,0.7933333333333332,1.1102230246251563e-16,-0.0233333333333333,0.0
CANCER_RISK,LR,dp,1.0,30,0.0004444444444444,0.0336524539123224,0.5002222222222223,0.0168262269561612,0.5022174537037036,0.018803778804009,0.8003077192848177,0.0106100629120597,0.5154444444444445,0.0308863907862746,0.515,0.0464100084991253,0.8275000000000001,1.1102230246251563e-16,0.8433333333333335,1.1102230246251563e-16,-0.0158333333333333,0.0
CANCER_RISK,LR,dp,2.0,30,-0.0070555555555555,0.0333192562868106,0.4964722222222221,0.0166596281434053,0.494981574074074,0.0216089228455498,0.7978195774750101,0.0104973168243248,0.5080555555555556,0.0205224959375357,0.5151111111111111,0.0349468732595247,0.8583333333333335,2.220446049250313e-16,0.8466666666666669,2.220446049250313e-16,0.0116666666666666,0.0
CANCER_RISK,LR,dp,4.0,30,0.0092499999999999,0.0293212964571133,0.504625,0.0146606482285566,0.502782037037037,0.0147547904438121,0.8030372199583903,0.0097867309909922,0.4908055555555555,0.0181716141750917,0.4815555555555555,0.0297985002522601,0.8550000000000001,1.1102230246251563e-16,0.8500000000000002,2.220446049250313e-16,0.005,0.0
CANCER_RISK,LR,dp,8.0,30,-0.0080833333333333,0.0332465188932393,0.4959583333333333,0.0166232594466196,0.4987139814814815,0.0203890257177431,0.7973714443766864,0.01137255499526,0.4706944444444444,0.0216881126056432,0.4787777777777778,0.0382533787743556,0.8541666666666669,2.220446049250313e-16,0.8500000000000002,2.220446049250313e-16,0.0041666666666666,0.0
CANCER_RISK,LR,dp,10.0,30,0.0027222222222222,0.0208054628391347,0.501361111111111,0.0104027314195673,0.5026918981481481,0.0138450186964911,0.8009327695457458,0.00693349130874,0.4777222222222221,0.02536213031906,0.4749999999999999,0.0307649391593983,0.8550000000000001,1.1102230246251563e-16,0.8500000000000002,2.220446049250313e-16,0.005,0.0
CANCER_RISK,RF,standard,,30,0.0073055555555555,0.0249413045536817,0.5036527777777777,0.0124706522768408,0.5072407407407407,0.0130168362474002,0.8027489196449167,0.0101766576879654,0.4091944444444443,0.03299795401439,0.4018888888888889,0.0344015862396266,0.8599999999999999,1.1102230246251563e-16,0.8500000000000002,2.220446049250313e-16,0.01,0.0
CANCER_RISK,RF,dp,0.1,30,0.0014444444444444,0.0336745956926245,0.5007222222222223,0.0168372978463122,0.5025952777777778,0.0199271449482116,0.8002846218469268,0.0110437469272922,0.5074444444444445,0.0985078332412024,0.506,0.0979848816758842,0.6675000000000001,1.1102230246251563e-16,0.6400000000000001,1.1102230246251563e-16,0.0274999999999999,0.0
CANCER_RISK,RF,dp,0.2,30,0.0044444444444444,0.0216734319922108,0.5022222222222222,0.0108367159961054,0.503528425925926,0.0121188004320221,0.8024641555065081,0.008795245444567,0.4704444444444444,0.1652675627095366,0.4660000000000001,0.1720172256662858,0.6675000000000001,1.1102230246251563e-16,0.6666666666666669,2.220446049250313e-16,0.0008333333333333,0.0
CANCER_RISK,RF,dp,0.4,30,0.0038611111111111,0.0260621438010416,0.5019305555555555,0.0130310719005208,0.5024833796296296,0.0116985300743569,0.8011563329105329,0.0080117163933108,0.5756388888888889,0.1480488350569783,0.5717777777777777,0.1482783501924757,0.6883333333333331,2.220446049250313e-16,0.6866666666666669,2.220446049250313e-16,0.0016666666666667,0.0
CANCER_RISK,RF,dp,0.8,30,0.0029722222222222,0.0261359367798061,0.501486111111111,0.013067968389903,0.5017524074074075,0.0136964781420083,0.800970456729185,0.0085511407706711,0.5326388888888888,0.1303668405588014,0.5296666666666667,0.1319128500184875,0.7158333333333331,2.220446049250313e-16,0.7333333333333335,2.220446049250313e-16,-0.0174999999999999,0.0
CANCER_RISK,RF,dp,1.0,30,0.0009722222222222,0.0268285738820237,0.5004861111111112,0.0134142869410118,0.5006869907407407,0.0104785643034501,0.7996598702745926,0.00927261231348,0.5331944444444445,0.1260487639568977,0.5322222222222223,0.1199485486406053,0.7124999999999998,2.220446049250313e-16,0.7100000000000002,2.220446049250313e-16,0.0025,0.0
CANCER_RISK,RF,dp,2.0,30,0.0056111111111111,0.0182268794861454,0.5028055555555555,0.0091134397430727,0.5011776851851852,0.0107896680124838,0.8022347174419637,0.0069526525082413,0.5243888888888889,0.1450459590850899,0.5187777777777778,0.1479801871956821,0.7216666666666669,2.220446049250313e-16,0.7233333333333332,2.220446049250313e-16,-0.0016666666666667,0.0
CANCER_RISK,RF,dp,4.0,30,0.0143611111111111,0.0227869392145025,0.5071805555555556,0.0113934696072512,0.503894212962963,0.0121809588338754,0.8048978344058424,0.0083562014836301,0.5216944444444443,0.1341282697529256,0.5073333333333333,0.1362769511230986,0.7349999999999999,1.1102230246251563e-16,0.7266666666666667,0.0,0.0083333333333333,0.0
CANCER_RISK,RF,dp,8.0,30,0.0082222222222222,0.0262385189472121,0.5041111111111111,0.013119259473606,0.501627037037037,0.0119103497066819,0.8027746415195481,0.0086607572644653,0.538888888888889,0.1234797054350267,0.5306666666666665,0.127070700647171,0.7349999999999999,1.1102230246251563e-16,0.7266666666666667,0.0,0.0083333333333333,0.0
CANCER_RISK,RF,dp,10.0,30,0.0082222222222222,0.0262385189472121,0.5041111111111111,0.013119259473606,0.501627037037037,0.0119103497066819,0.8027746415195481,0.0086607572644653,0.538888888888889,0.1234797054350267,0.5306666666666665,0.127070700647171,0.7349999999999999,1.1102230246251563e-16,0.7266666666666667,0.0,0.0083333333333333,0.0
CANCER_RISK,GNB,standard,,30,-0.0024999999999999,0.0289051770321383,0.49875,0.0144525885160691,0.4958700462962963,0.0147681040578816,0.7991867068978796,0.0093899396218676,0.4875,0.0224629324295233,0.49,0.0325007122429078,0.8299999999999996,3.3306690738754696e-16,0.8299999999999996,3.3306690738754696e-16,0.0,0.0
CANCER_RISK,GNB,dp,0.1,30,-0.0028055555555555,0.0293269274360527,0.4985972222222222,0.0146634637180263,0.5001376851851852,0.0177264919379614,0.7990579159148853,0.0095205898904416,0.4925277777777778,0.0508107797569194,0.4953333333333333,0.0549787837867178,0.6766666666666664,2.220446049250313e-16,0.6900000000000002,2.220446049250313e-16,-0.0133333333333333,0.0
CANCER_RISK,GNB,dp,0.2,30,-0.0018611111111111,0.0295331603748802,0.4990694444444445,0.0147665801874401,0.4973488425925926,0.0204583237160324,0.7995541450450528,0.0093993862615951,0.4961388888888889,0.0291265464804281,0.498,0.0430641210117949,0.4933333333333334,1.1102230246251563e-16,0.5399999999999998,2.220446049250313e-16,-0.0466666666666666,1.3877787807814457e-17
CANCER_RISK,GNB,dp,0.4,30,0.0046111111111111,0.0283192230659975,0.5023055555555556,0.0141596115329987,0.5027752314814814,0.0172274779841943,0.801523879440183,0.0090161285503407,0.4957222222222223,0.0348613213805079,0.4911111111111111,0.0421754126488261,0.7225,0.0,0.7300000000000001,1.1102230246251563e-16,-0.0074999999999999,0.0
CANCER_RISK,GNB,dp,0.8,30,0.0028888888888888,0.0345545283877347,0.5014444444444445,0.0172772641938673,0.5014419444444446,0.0181618981962386,0.8008928366520675,0.0110009685149014,0.5014444444444444,0.0258646166617974,0.4985555555555556,0.0357012639400005,0.8133333333333331,2.220446049250313e-16,0.8233333333333336,2.220446049250313e-16,-0.01,0.0
CANCER_RISK,GNB,dp,1.0,30,0.0021666666666666,0.0359208234253553,0.5010833333333333,0.0179604117126776,0.4993707870370371,0.0192556173477993,0.8007642099029483,0.0113935650198898,0.5086111111111111,0.0192574340303192,0.5064444444444445,0.0375147707535493,0.7016666666666669,2.220446049250313e-16,0.7100000000000002,2.220446049250313e-16,-0.0083333333333333,0.0
CANCER_RISK,GNB,dp,2.0,30,-0.0026388888888888,0.0323358270325121,0.4986805555555555,0.016167913516256,0.500317175925926,0.0196599116664843,0.799330116390532,0.0099910080074713,0.5118055555555555,0.0432547810102757,0.5144444444444445,0.0544421768235248,0.7958333333333335,2.220446049250313e-16,0.7800000000000001,1.1102230246251563e-16,0.0158333333333332,0.0
CANCER_RISK,GNB,dp,4.0,30,-0.0028611111111111,0.0302004747121548,0.4985694444444445,0.0151002373560774,0.4992493981481481,0.0197140767565092,0.7991115611459817,0.0098093698382867,0.4999166666666667,0.0218934181721187,0.5027777777777778,0.033456254836044,0.8324999999999999,1.1102230246251563e-16,0.84,0.0,-0.0074999999999999,0.0
CANCER_RISK,GNB,dp,8.0,30,-0.0011111111111111,0.0295603066356738,0.4994444444444444,0.0147801533178369,0.4993239814814815,0.0175496423246138,0.799332449793965,0.0099026918176724,0.4953333333333333,0.0447164937670074,0.4964444444444444,0.0400918698078719,0.8049999999999999,1.1102230246251563e-16,0.8066666666666663,3.3306690738754696e-16,-0.0016666666666665,0.0
CANCER_RISK,GNB,dp,10.0,30,-0.01325,0.0334265017391667,0.493375,0.0167132508695833,0.4945208796296297,0.0178814860871976,0.7955622332667729,0.0110140475340947,0.48375,0.0281519932193481,0.497,0.0361821523426695,0.8183333333333337,3.3306690738754696e-16,0.8233333333333336,2.220446049250313e-16,-0.005,0.0
CANCER_RISK,DNN,standard,,5,0.0096666666666666,0.0149313242696166,0.5048333333333332,0.0074656621348083,0.5041580555555556,0.0079601757805208,0.8030159635876322,0.0050917966333781,0.4863333333333333,0.0262815947427515,0.4766666666666665,0.0180123414481417,0.9033333333333332,0.0,0.89,0.0,0.0133333333333333,0.0
CANCER_RISK,DNN,dp,0.1,5,0.0023333333333333,0.0159373774505092,0.5011666666666666,0.0079686887252546,0.5036138888888889,0.0136773050848007,0.8018883491699166,0.0175725421164502,0.1776666666666666,0.1107579944443439,0.1753333333333333,0.1106064092979144,0.5666666666666667,0.0,0.59,0.0,-0.0233333333333333,0.0
CANCER_RISK,DNN,dp,0.2,5,-0.0055,0.0398001954210724,0.49725,0.0199000977105362,0.4899783333333333,0.0146909668642812,0.7933552347742432,0.0187821420448611,0.4158333333333333,0.1128039104917122,0.4213333333333333,0.0769877335106776,0.6766666666666666,0.0,0.67,0.0,0.0066666666666665,0.0
CANCER_RISK,DNN,dp,0.4,5,-0.001,0.0102116491213602,0.4995,0.0051058245606801,0.4992194444444444,0.0031072778964756,0.7984714614818035,0.0084344293740486,0.2743333333333333,0.096648561522893,0.2753333333333333,0.0965309391968306,0.6291666666666667,0.0,0.6366666666666667,0.0,-0.0075,0.0
CANCER_RISK,DNN,dp,0.8,5,-0.0125,0.0157674066070204,0.49375,0.0078837033035102,0.4957702777777777,0.0056689255846192,0.7921722895397709,0.0123879334531904,0.1635,0.1094245046697595,0.176,0.1244257922529641,0.6283333333333333,0.0,0.63,0.0,-0.0016666666666667,0.0
CANCER_RISK,DNN,dp,1.0,5,-0.013,0.026846270173382,0.4934999999999999,0.013423135086691,0.4919847222222221,0.0182850921703723,0.7871486315373566,0.0243252657775202,0.2303333333333333,0.0583252375334497,0.2433333333333333,0.0516827931821714,0.6291666666666667,0.0,0.63,0.0,-0.0008333333333333,0.0
CANCER_RISK,DNN,dp,2.0,5,-0.0225,0.0144048602908879,0.4887499999999999,0.0072024301454439,0.4885030555555555,0.0072106025329988,0.7891758276839365,0.0095489680621333,0.3801666666666666,0.0852144353968269,0.4026666666666666,0.0772125493542194,0.6616666666666666,0.0,0.6633333333333333,0.0,-0.0016666666666667,0.0
CANCER_RISK,DNN,dp,4.0,5,-0.0116666666666666,0.0091287092917527,0.4941666666666666,0.0045643546458763,0.5007647222222222,0.0038070108328557,0.794261723751108,0.0045398589332157,0.3263333333333333,0.0155062711328173,0.338,0.0149962958389359,0.7375,0.0,0.7366666666666667,0.0,0.0008333333333333,0.0
CANCER_RISK,DNN,dp,8.0,5,0.0055,0.0116141675934562,0.50275,0.0058070837967281,0.5007519444444444,0.0115781638677893,0.8024291386535316,0.0051597188239611,0.3648333333333333,0.0095219045713904,0.3593333333333333,0.0135646599662505,0.8108333333333333,0.0,0.8233333333333335,1.1102230246251563e-16,-0.0125,0.0
CANCER_RISK,DNN,dp,10.0,5,-0.0326666666666666,0.017347750414519,0.4836666666666667,0.0086738752072594,0.4877044444444444,0.0106914040916344,0.7866383835674168,0.0071673433482438,0.3853333333333333,0.0149313242696166,0.418,0.0196185852927495,0.8225,0.0,0.8299999999999998,1.1102230246251563e-16,-0.0074999999999999,0.0
DIABETES,LR,standard,,30,0.0001747625049473,0.0048936138594797,0.5000873812524737,0.0024468069297398,0.5007049309391733,0.002244020017175,0.8000755798999736,0.0020071258179752,0.3946227432673775,0.0178182891227371,0.3944479807624301,0.018959417164336,0.7475995968383639,1.1102230246251563e-16,0.7455265577480726,1.1102230246251563e-16,0.0020730390902912,0.0
DIABETES,LR,dp,0.1,30,-0.0018135495254546,0.0055193566768407,0.4990932252372727,0.0027596783384203,0.4988218099398085,0.0037236943433791,0.7993410572912728,0.0019538542055905,0.4998532350184783,0.093754471701297,0.5016667845439329,0.0929512123568031,0.7196788852934414,2.220446049250313e-16,0.7163872975457957,3.3306690738754696e-16,0.0032915877476462,0.0
DIABETES,LR,dp,0.2,30,0.0011386772578943,0.0045166791839433,0.5005693386289471,0.0022583395919716,0.5003398866836062,0.0026373940558614,0.8003526800297209,0.0014517942562479,0.4996769991571327,0.0569625576197367,0.4985383218992384,0.0568287571743863,0.7388467455307409,1.1102230246251563e-16,0.7337152556757902,1.1102230246251563e-16,0.0051314898549507,0.0
DIABETES,LR,dp,0.4,30,-0.0002366165853179,0.0037332469086389,0.4998816917073408,0.0018666234543194,0.4999760375629902,0.0018942061651978,0.7998955852642233,0.0011739512159156,0.5170819113633819,0.073278871238351,0.5173185279486998,0.0729939766224228,0.745866709104734,3.3306690738754696e-16,0.7427682297192165,2.220446049250313e-16,0.0030984793855173,0.0
DIABETES,LR,dp,0.8,30,-2.964984366421175e-05,0.0020565157607994,0.4999851750781678,0.0010282578803997,0.4998088754768475,0.0014848770451707,0.7999313297239987,0.000734277090979,0.5188189250201876,0.138761267110364,0.5188485748638517,0.1385409578847123,0.7443283291779392,0.0,0.7400099016903601,1.1102230246251563e-16,0.0043184274875792,0.0
DIABETES,LR,dp,1.0,30,0.0008785067300165,0.0040932669007796,0.5004392533650083,0.0020466334503898,0.5007079572331415,0.0019323918919135,0.8003123988624952,0.0012767819960377,0.5282755409379992,0.0696545135328956,0.5273970342079826,0.0708594563800595,0.7478294697009884,0.0,0.7449607468703585,1.1102230246251563e-16,0.0028687228306297,0.0
DIABETES,LR,dp,2.0,30,0.000629956845815,0.004080724670303,0.5003149784229075,0.0020403623351515,0.500386065315763,0.0023806807316772,0.8001852145706416,0.0012481369286355,0.5203909017499808,0.0390313172628424,0.5197609449041657,0.0391341389873068,0.7481300726751894,2.220446049250313e-16,0.7454558313883586,1.1102230246251563e-16,0.0026742412868311,0.0
DIABETES,LR,dp,4.0,30,-0.0021485305654863,0.0037242135549168,0.4989257347172569,0.0018621067774584,0.4993549690669964,0.0023916637248097,0.7993184471466365,0.0012192197497004,0.5070128905628348,0.0252197035132372,0.5091614211283212,0.0257827831853682,0.7480770250915073,2.220446049250313e-16,0.7456680104675011,1.1102230246251563e-16,0.0024090146240058,0.0
DIABETES,LR,dp,8.0,30,0.00092430108808,0.004361725542799,0.50046215054404,0.0021808627713995,0.5002896865551134,0.0025519538524107,0.8002929147743549,0.0014767742938165,0.4804796680400097,0.0184426271961615,0.4795553669519296,0.0181870069457113,0.7477764221173057,2.220446049250313e-16,0.7456680104675011,1.1102230246251563e-16,0.0021084116498046,0.0
DIABETES,LR,dp,10.0,30,0.0007925308001678,0.0040525004552118,0.500396265400084,0.0020262502276059,0.5006350562939307,0.0025583640427522,0.8002610369800723,0.0013833415562362,0.4741239780972421,0.0201865366525768,0.4733314472970742,0.0205949498980533,0.7477764221173057,2.220446049250313e-16,0.7454558313883586,1.1102230246251563e-16,0.0023205907289474,0.0
DIABETES,RF,standard,,30,0.0015385805263752,0.0048178915795219,0.5007692902631876,0.0024089457897609,0.5011969168981648,0.0025544496445909,0.8007236072883757,0.0022006150318964,0.349764527670209,0.0188628616310522,0.3482259471438338,0.0201785389240355,0.741021696461726,2.220446049250313e-16,0.7373223000212181,2.220446049250313e-16,0.0036993964405083,0.0
DIABETES,RF,dp,0.1,30,-0.0002942780844231,0.0033799937421907,0.4998528609577884,0.0016899968710953,0.5000205232297313,0.0019248978584464,0.7998980443659858,0.0011287020982102,0.5300473302329968,0.0872372282909411,0.5303416083174198,0.0870697537828204,0.6761621841458454,1.1102230246251563e-16,0.6757903670698072,3.3306690738754696e-16,0.0003718170760386,0.0
DIABETES,RF,dp,0.2,30,0.0011473017892518,0.0036200468667147,0.5005736508946259,0.0018100234333573,0.5007508868982915,0.0019717164393768,0.800344065860039,0.0011613400111833,0.5178222198645518,0.099880493933498,0.5166749180752999,0.0995253331302898,0.6859583045992255,0.0,0.6863285946672328,3.3306690738754696e-16,-0.000370290068007,0.0
DIABETES,RF,dp,0.4,30,-1.6877878453127234e-05,0.004090991295842,0.4999915610607734,0.002045495647921,0.4995855476132671,0.0021908549501875,0.7999543998388122,0.0013429592162548,0.5262626798460441,0.0796800551307814,0.5262795577244972,0.0791223406084084,0.6859229395434373,2.220446049250313e-16,0.687813848221232,0.0,-0.0018909086777949,0.0
DIABETES,RF,dp,0.8,30,9.80638054665713e-05,0.0032096411347355,0.5000490319027333,0.0016048205673677,0.5000393166215765,0.0018250386588113,0.7999948164589836,0.0009069222642924,0.5709210828780082,0.0904561966349029,0.5708230190725416,0.0899208268116526,0.6862589075734263,3.3306690738754696e-16,0.6876723955018034,1.1102230246251563e-16,-0.0014134879283768,0.0
DIABETES,RF,dp,1.0,30,0.0003482991513586,0.0035127094347813,0.5001741495756794,0.0017563547173906,0.4999012094170826,0.0017892285608419,0.8000022241799967,0.0011142398006993,0.5216911569678001,0.1001856669382059,0.5213428578164415,0.0985730606760629,0.6863296376850033,1.1102230246251563e-16,0.6876723955018034,1.1102230246251563e-16,-0.0013427578168,0.0
DIABETES,RF,dp,2.0,30,-0.0006581367097574,0.0038240169219206,0.4996709316451212,0.0019120084609603,0.4997991043137834,0.0016335202499727,0.799769161880883,0.0013029259144934,0.5483623032082,0.0860028027834071,0.5490204399179573,0.0857101655741703,0.686365002740792,2.220446049250313e-16,0.6877431218615181,3.3306690738754696e-16,-0.0013781191207259,0.0
DIABETES,RF,dp,4.0,30,-0.0006552395215461,0.0020186344759696,0.4996723802392269,0.0010093172379848,0.4992679445332703,0.0015452070884938,0.7997577987802447,0.0005976496304058,0.5696467620344339,0.1171771613632534,0.5703020015559799,0.1166283558388282,0.686365002740792,2.220446049250313e-16,0.6877431218615181,3.3306690738754696e-16,-0.0013781191207259,0.0
DIABETES,RF,dp,8.0,30,0.0005998425215751,0.0029034722541263,0.5002999212607876,0.0014517361270631,0.500173739538797,0.0015227385481971,0.8001400706798923,0.0009078459006711,0.5304534389569666,0.0911081853727417,0.5298535964353914,0.0903347190368747,0.6863826852686861,0.0,0.6874602164226608,0.0,-0.0010775311539746,0.0
DIABETES,RF,dp,10.0,30,0.0007771551674538,0.0027977622659408,0.500388577583727,0.0013988811329704,0.500222436879615,0.0015571328753879,0.8001963244501732,0.0008698303578671,0.5287069946186173,0.0949546120975452,0.5279298394511635,0.0941985683260611,0.6863826852686861,0.0,0.6874602164226608,0.0,-0.0010775311539746,0.0
DIABETES,GNB,standard,,30,-0.0008177274331858,0.0050644522143878,0.499591136283407,0.0025322261071939,0.4999803785929479,0.0028530560225369,0.7999433758485343,0.0019846078992419,0.4730913184682215,0.0943023698623295,0.4739090459014074,0.0972597903227287,0.7197142503492302,2.220446049250313e-16,0.7153264021500817,3.3306690738754696e-16,0.0043878481991486,0.0
DIABETES,GNB,dp,0.1,30,0.0008866495222308,0.0041055333301144,0.5004433247611154,0.0020527666650572,0.50058419181481,0.0023124163114011,0.8002793881447255,0.001301112988773,0.50400568198563,0.0180930919735368,0.5031190324633991,0.01885537513328,0.6502749633087545,2.220446049250313e-16,0.6490558030978142,3.3306690738754696e-16,0.0012191602109401,0.0
DIABETES,GNB,dp,0.2,30,-7.310078841925767e-05,0.004508570467419,0.4999634496057904,0.0022542852337095,0.4999823367525103,0.0028865063951292,0.799978980540065,0.0014690276275926,0.4996817144979045,0.0243561203279976,0.4997548152863239,0.0253039469064054,0.7021731826781955,2.220446049250313e-16,0.7004738666100856,0.0,0.0016993160681101,0.0
DIABETES,GNB,dp,0.4,30,0.0002358564579784,0.0045936922953334,0.5001179282289892,0.0022968461476667,0.5002776488293909,0.002596876550808,0.8000959162393121,0.0014524548981774,0.5019215013645018,0.0269550857102765,0.5016856449065233,0.0288380857084573,0.7035701023818363,2.220446049250313e-16,0.7025249310417995,2.220446049250313e-16,0.0010451713400372,0.0
DIABETES,GNB,dp,0.8,30,0.0011463747040316,0.0046500485425057,0.5005731873520158,0.0023250242712528,0.5006259366834745,0.0029149448404436,0.8003415552886046,0.001501093572497,0.5003448092939368,0.0216867920659828,0.499198434589905,0.0208445359877992,0.7202447261860557,2.220446049250313e-16,0.7143362331140817,1.1102230246251563e-16,0.0059084930719739,0.0
DIABETES,GNB,dp,1.0,30,0.0006802784512777,0.0032719008833953,0.5003401392256388,0.0016359504416976,0.5005606298474331,0.0017990578935026,0.8002063222575407,0.0010295218445794,0.5023871412657154,0.0194618921842234,0.5017068628144375,0.0194156029812108,0.7118278429084224,2.220446049250313e-16,0.7071928707829406,2.220446049250313e-16,0.0046349721254813,0.0
DIABETES,GNB,dp,2.0,30,6.292261080650952e-05,0.0045233649388895,0.5000314613054032,0.0022616824694447,0.500403177060311,0.0023529037512412,0.800015365524224,0.0014594412300204,0.4973281700351882,0.01581413865699,0.4972652474243817,0.016549656685408,0.7220129789754743,0.0,0.7159629393875097,1.1102230246251563e-16,0.0060500395879645,0.0
DIABETES,GNB,dp,4.0,30,-0.0014052232006316,0.0050104039622901,0.4992973883996842,0.002505201981145,0.4992977879105077,0.0032415775845179,0.7995421589555185,0.0015726212371486,0.5087322216917464,0.0116941936558204,0.510137444892378,0.0113370344419884,0.719784980460807,3.3306690738754696e-16,0.7153971285097958,1.1102230246251563e-16,0.0043878519510109,0.0
DIABETES,GNB,dp,8.0,30,-0.0014530410631956,0.0042774791604695,0.4992734794684021,0.0021387395802347,0.4990697337215358,0.0028698424759329,0.7995292501424539,0.0013559867552005,0.5072698766348972,0.0150856397833991,0.5087229176980927,0.0150380727510825,0.7185118384524252,0.0,0.7146191385529383,3.3306690738754696e-16,0.0038926998994864,0.0
DIABETES,GNB,dp,10.0,30,0.0009266541311688,0.0032990503637883,0.5004633270655845,0.0016495251818941,0.5008072121090414,0.0023091302595273,0.800287797419621,0.0010490925677182,0.5026170141283398,0.0158229682919751,0.501690359997171,0.0160993619948885,0.7200679009071139,2.220446049250313e-16,0.7153264021500817,3.3306690738754696e-16,0.0047414987570323,0.0
DIABETES,DNN,standard,,5,0.0003424527491095,0.0032216479495225,0.5001712263745548,0.0016108239747612,0.5018045251706182,0.0018940315950845,0.8001109747310642,0.0009808668060241,0.522585892879246,0.0358451287336892,0.5222434401301366,0.0367372347451227,0.7571658444291196,0.0,0.7508310347266426,0.0,0.006334809702477,0.0
DIABETES,DNN,dp,0.1,5,0.0002860787641473,0.0051191121141019,0.5001430393820736,0.002559556057051,0.4998012638441428,0.0014251106481067,0.8001221740620277,0.002491100363305,0.3264901950382827,0.0061069317955634,0.3262041162741353,0.0062966959505285,0.7327109083514579,0.0,0.7310276540066483,0.0,0.0016832543448096,0.0
DIABETES,DNN,dp,0.2,5,-0.002391486672846,0.0031547191304003,0.498804256663577,0.0015773595652001,0.4999543733501895,0.0009555180738258,0.7987037731784496,0.00169776950705,0.3156932435060916,0.0159436465786237,0.3180847301789377,0.0130031600078154,0.739218078616519,0.0,0.7371808473017893,0.0,0.0020372313147296,0.0
DIABETES,DNN,dp,0.4,5,0.0019618631507483,0.0038782888551438,0.5009809315753742,0.0019391444275719,0.5017009021054448,0.0017684044243207,0.8009351806948132,0.0019193046632502,0.3183774512404293,0.0159240933450469,0.3164155880896809,0.014345523624181,0.7431966473927113,0.0,0.74000990169036,0.0,0.0031867457023513,0.0
DIABETES,DNN,dp,0.8,5,0.0010389439986837,0.002579850543004,0.5005194719993418,0.001289925271502,0.5014636739665417,0.000514663237638,0.8004884634510478,0.0011871496329304,0.3195055965200785,0.026990139317524,0.3184666525213947,0.0264066655344334,0.7463087723020883,0.0,0.7437583987552161,0.0,0.0025503735468721,0.0
DIABETES,DNN,dp,1.0,5,0.0010097852738189,0.0014682323873277,0.5005048926369093,0.0007341161936638,0.5016936438773424,0.0012118445198891,0.8005466291653015,0.0008001116378404,0.3031386487012183,0.0152377786499262,0.3021288634273994,0.0160151342159689,0.7474404540873163,0.0,0.7453143786689299,0.0,0.0021260754183863,0.0
DIABETES,DNN,dp,2.0,5,0.0034571041626842,0.0044593352390186,0.5017285520813421,0.0022296676195093,0.5026448475703127,0.001765616523243,0.8018952753113586,0.0024941589862172,0.3066610082577405,0.0207672767852199,0.3032039040950562,0.0231403419837955,0.7497038176577724,0.0,0.7478605276186435,0.0,0.0018432900391288,0.0
DIABETES,DNN,dp,4.0,5,0.0026875078725799,0.0009572831638293,0.5013437539362899,0.0004786415819146,0.5022232741694259,0.0007853877314014,0.8012932063951894,0.0004649773273295,0.3315650805439146,0.029437210504361,0.3288775726713345,0.0292157913692118,0.7506233091082701,0.0,0.7485677912157861,0.0,0.002055517892484,0.0
DIABETES,DNN,dp,8.0,5,0.0023109326845372,0.0038458136129254,0.5011554663422686,0.0019229068064626,0.501904981913978,0.0013755733667555,0.8011811716120023,0.0021330661909963,0.2990363022297667,0.022290257169488,0.2967253695452295,0.0210873508833582,0.751365975279826,0.0,0.7495579602517859,0.0,0.00180801502804,0.0
DIABETES,DNN,dp,10.0,5,0.0029207904278312,0.0031466151085996,0.5014603952139156,0.0015733075542998,0.5024903531267604,0.0012747622625651,0.8013529595919302,0.0014955240862586,0.3294078121408236,0.0205964123550336,0.3264870217129924,0.0184989874135613,0.7516135306703446,0.0,0.7501237711295,0.0,0.0014897595408446,0.0
GALLSTONE,SVM,standard,,30,0.0863827614379085,0.0370701050597827,0.5431913807189542,0.0185350525298913,0.5390594362745098,0.0062493859732178,0.8717217766616999,0.0346652679444502,0.2139869281045751,0.0283636034035688,0.1276041666666666,0.0421360282712101,0.831372549019608,1.1102230246251563e-16,0.78125,0.0,0.0501225490196079,2.0816681711721685e-17
GALLSTONE,SVM,dp,0.1,30,-0.0089562908496732,0.0779443301867491,0.4955218545751633,0.0389721650933745,0.4938163807189543,0.0404658312362598,0.7967246116450389,0.0246455396146538,0.5071895424836601,0.0350804473871787,0.5161458333333333,0.0742237754146577,0.4431372549019608,5.551115123125783e-17,0.40625,0.0,0.0368872549019607,0.0
GALLSTONE,SVM,dp,0.2,30,-0.0263419117647058,0.0712366680689033,0.4868290441176471,0.0356183340344516,0.4905300245098038,0.0360274225026489,0.7904804584761678,0.0227705430133613,0.4898039215686275,0.0306008018429794,0.5161458333333333,0.0538980720447298,0.4627450980392157,0.0,0.375,0.0,0.0877450980392157,2.7755575615628914e-17
GALLSTONE,SVM,dp,0.4,30,-0.0086662581699346,0.0754264919252198,0.4956668709150327,0.0377132459626099,0.4967054738562091,0.0410097227669832,0.7966086009218415,0.0236928868343446,0.5147712418300653,0.0338094915771549,0.5234375,0.0655195084656725,0.4705882352941176,0.0,0.34375,0.0,0.1268382352941176,2.7755575615628914e-17
GALLSTONE,SVM,dp,0.8,30,0.0098549836601307,0.0641185501709152,0.5049274918300655,0.0320592750854576,0.5066125408496732,0.0381827541467196,0.8026058953137676,0.0200924639491029,0.4895424836601307,0.1029966651984053,0.4796875,0.1099057065075179,0.4627450980392157,0.0,0.359375,0.0,0.1033700980392157,2.7755575615628914e-17
GALLSTONE,SVM,dp,1.0,30,-0.0086437908496732,0.0667629448043212,0.4956781045751634,0.0333814724021606,0.4989450571895425,0.0375676943597327,0.7969903215093179,0.0218147725901674,0.4871895424836602,0.0327896191931464,0.4958333333333333,0.0715951678226649,0.5098039215686274,0.0,0.359375,0.0,0.1504289215686274,0.0
GALLSTONE,SVM,dp,2.0,30,0.0055147058823529,0.0761659623759247,0.5027573529411764,0.0380829811879623,0.507796160130719,0.0378388800222257,0.8012584559764468,0.0244853270355775,0.511764705882353,0.035101142740794,0.50625,0.0712152693130717,0.5686274509803921,0.0,0.484375,0.0,0.0842524509803921,4.163336342344337e-17
GALLSTONE,SVM,dp,4.0,30,-0.015422794117647,0.0703106655676516,0.4922886029411765,0.0351553327838258,0.4973059640522875,0.0385142115684133,0.79404334092481,0.0232384653915308,0.4850980392156863,0.0361004479568981,0.5005208333333333,0.0601759753013793,0.6862745098039217,1.1102230246251563e-16,0.609375,0.0,0.0768995098039215,1.3877787807814457e-17
GALLSTONE,SVM,dp,8.0,30,-0.0042483660130718,0.05767919539196,0.4978758169934639,0.02883959769598,0.5000714869281047,0.0329796573696331,0.7977686974061291,0.0209572278785971,0.4457516339869282,0.0363154100222414,0.45,0.0561051375395634,0.6862745098039217,1.1102230246251563e-16,0.765625,0.0,-0.0793504901960784,1.3877787807814457e-17
GALLSTONE,SVM,dp,10.0,30,-0.0054595588235294,0.0771366733026757,0.4972702205882351,0.0385683366513379,0.4968239379084966,0.0441960373917643,0.7970966229580712,0.0284586108115267,0.4356862745098039,0.0294918300200941,0.4411458333333333,0.0627188010366287,0.6862745098039217,1.1102230246251563e-16,0.75,0.0,-0.0637254901960784,0.0
KIDNEY_STONE,SVM,standard,,30,0.0514270833333333,0.0210164375359238,0.5257135416666667,0.0105082187679619,0.5448704817708333,0.0101646001263147,0.8184271800441014,0.0064955802674427,0.4610104166666667,0.0934454666103964,0.4095833333333333,0.0859986272500258,0.9534375,1.1102230246251563e-16,0.9325000000000002,2.220446049250313e-16,0.0209375,0.0
KIDNEY_STONE,SVM,dp,0.1,30,-0.0035937499999999,0.0173630710699221,0.4982031249999999,0.008681535534961,0.4986774088541666,0.0115751428962311,0.7988314120952668,0.0054210442277182,0.50640625,0.021262059996917,0.51,0.0231683152890609,0.7862499999999998,2.220446049250313e-16,0.7899999999999998,2.220446049250313e-16,-0.00375,0.0
KIDNEY_STONE,SVM,dp,0.2,30,-0.0006145833333333,0.0194838146192693,0.4996927083333332,0.0097419073096346,0.5023319921874999,0.0117686407739422,0.7997079434967366,0.006165112290434,0.5041354166666666,0.0280170013643749,0.50475,0.025883150890106,0.8896875000000002,2.220446049250313e-16,0.8862500000000001,1.1102230246251563e-16,0.0034374999999999,0.0
KIDNEY_STONE,SVM,dp,0.4,30,-0.0029374999999999,0.0205217745131035,0.49853125,0.0102608872565517,0.4982781901041667,0.0103275529773668,0.7990207821467038,0.0065677998612951,0.5007291666666667,0.0416157501400878,0.5036666666666666,0.0436808183175279,0.8996874999999999,1.1102230246251563e-16,0.8900000000000001,1.1102230246251563e-16,0.0096874999999999,0.0
KIDNEY_STONE,SVM,dp,0.8,30,-0.0022291666666666,0.0176654628127566,0.4988854166666667,0.0088327314063783,0.4997416927083333,0.0094325111147295,0.7992857036379942,0.0055886720341515,0.5286041666666667,0.0562274105876207,0.5308333333333333,0.0570300846532385,0.8996874999999999,1.1102230246251563e-16,0.8900000000000001,1.1102230246251563e-16,0.0096874999999999,0.0
KIDNEY_STONE,SVM,dp,1.0,30,0.0084791666666666,0.0145070325378953,0.5042395833333333,0.0072535162689476,0.5030478059895833,0.0093889153120856,0.8024486039102086,0.004176168694987,0.5670625000000001,0.1173694864697237,0.5585833333333333,0.1156182355378635,0.8996874999999999,1.1102230246251563e-16,0.8900000000000001,1.1102230246251563e-16,0.0096874999999999,0.0
KIDNEY_STONE,SVM,dp,2.0,30,0.00115625,0.015086372420582,0.500578125,0.007543186210291,0.4996937955729166,0.008095190770045,0.8004203072535934,0.004580377356942,0.5400729166666666,0.040248550968137,0.5389166666666668,0.0446674440230863,0.8996874999999999,1.1102230246251563e-16,0.8900000000000001,1.1102230246251563e-16,0.0096874999999999,0.0
KIDNEY_STONE,SVM,dp,4.0,30,-0.0011354166666666,0.0234332611907673,0.4994322916666667,0.0117166305953836,0.5002438151041667,0.0129942809276196,0.7996249118402171,0.0074294641970294,0.51653125,0.0363617485527374,0.5176666666666667,0.039930582125595,0.8996874999999999,1.1102230246251563e-16,0.8900000000000001,1.1102230246251563e-16,0.0096874999999999,0.0
KIDNEY_STONE,SVM,dp,8.0,30,-0.0021354166666666,0.017358070914363,0.4989322916666667,0.0086790354571815,0.4988192708333334,0.0084791583845768,0.7993937371353173,0.0054585163936073,0.5035312500000001,0.0366185601206887,0.5056666666666668,0.0419954527961725,0.8996874999999999,1.1102230246251563e-16,0.8900000000000001,1.1102230246251563e-16,0.0096874999999999,0.0
KIDNEY_STONE,SVM,dp,10.0,30,0.0040833333333333,0.0151811829569445,0.5020416666666666,0.0075905914784722,0.5040198697916668,0.0090656205306704,0.8012708147020088,0.0047169512966322,0.5155000000000001,0.0411186830254812,0.5114166666666667,0.0426782210917413,0.8996874999999999,1.1102230246251563e-16,0.8900000000000001,1.1102230246251563e-16,0.0096874999999999,0.0
LUNG_CANCER,SVM,standard,,30,-0.00107,0.0035703547909603,0.499465,0.0017851773954801,0.4993610709583333,0.0016049894683031,0.7994540326703758,0.0019108790310828,0.3280566666666666,0.0525971034267942,0.3291266666666665,0.0525819926928939,1.0,0.0,1.0,0.0,0.0,0.0
LUNG_CANCER,SVM,dp,0.1,30,0.0002083333333333,0.0059027265357253,0.5001041666666667,0.0029513632678626,0.5000951511666666,0.0031435416034967,0.8000023674673794,0.0019582474184814,0.5116583333333333,0.1204026661411153,0.5114500000000001,0.1193967943455769,0.9219000000000004,2.220446049250313e-16,0.9228999999999996,3.3306690738754696e-16,-0.001,0.0
LUNG_CANCER,SVM,dp,0.2,30,-0.0016133333333333,0.0053639876853781,0.4991933333333333,0.002681993842689,0.4990793255,0.0031687588892902,0.7993413871931058,0.0018805206418353,0.4816833333333334,0.1004339041221749,0.4832966666666666,0.0991224814167917,0.93225,0.0,0.9325000000000002,2.220446049250313e-16,-0.0002499999999999,0.0
LUNG_CANCER,SVM,dp,0.4,30,-0.0001558333333333,0.0057288039885205,0.4999220833333332,0.0028644019942602,0.4999233494166667,0.0028775457200104,0.7998231231199096,0.001995480572545,0.5047008333333334,0.1072977266541043,0.5048566666666666,0.1060516530857592,0.9406250000000004,2.220446049250313e-16,0.9387000000000002,2.220446049250313e-16,0.001925,0.0
LUNG_CANCER,SVM,dp,0.8,30,0.0018916666666666,0.0055575149322536,0.5009458333333334,0.0027787574661268,0.5009687872499999,0.0031623811160451,0.8005890711396522,0.0017437318170344,0.5103816666666667,0.1147727263140313,0.50849,0.1141919155048494,0.9406250000000004,2.220446049250313e-16,0.9387000000000002,2.220446049250313e-16,0.001925,0.0
LUNG_CANCER,SVM,dp,1.0,30,-0.0001675,0.0041897203068939,0.49991625,0.0020948601534469,0.4997146817083333,0.0025493138784306,0.7999204614063111,0.0013977034771787,0.5172825,0.1004845303496181,0.51745,0.1003062103427964,0.9406250000000004,2.220446049250313e-16,0.9387000000000002,2.220446049250313e-16,0.001925,0.0
LUNG_CANCER,SVM,dp,2.0,30,-8.333333333345368e-06,0.003199018946837,0.4999958333333333,0.0015995094734185,0.4996032272916667,0.0017111123032948,0.7996457068284538,0.0027814817413353,0.510945,0.2493845242458588,0.5109533333333334,0.2485052913364668,0.9406250000000004,2.220446049250313e-16,0.9387000000000002,2.220446049250313e-16,0.001925,0.0
LUNG_CANCER,SVM,dp,4.0,30,-0.0007833333333333,0.0045833318181815,0.4996083333333334,0.0022916659090907,0.4996963561250001,0.00292336471107,0.7997434206544066,0.0014387198198059,0.5214899999999999,0.101686524549716,0.5222733333333334,0.1014598013446157,0.9406250000000004,2.220446049250313e-16,0.9387000000000002,2.220446049250313e-16,0.001925,0.0
LUNG_CANCER,SVM,dp,8.0,30,-0.0005616666666666,0.0053185748926652,0.4997191666666667,0.0026592874463325,0.5003178212083333,0.0025159479735483,0.7998772258922674,0.0017251910892207,0.5179349999999999,0.0677335944466751,0.5184966666666666,0.069059010917395,0.9406250000000004,2.220446049250313e-16,0.9387000000000002,2.220446049250313e-16,0.001925,0.0
LUNG_CANCER,SVM,dp,10.0,30,-0.0009725,0.0048360381081349,0.4995137499999999,0.0024180190540674,0.4996855246666667,0.0028249365122883,0.7996622542408329,0.0015352269484138,0.5202175,0.0654956821572994,0.52119,0.0646297214909673,0.9416249999999996,3.3306690738754696e-16,0.9397999999999996,3.3306690738754696e-16,0.001825,0.0
BCP,SVM,standard,,30,0.1024715635241951,0.0219199507449723,0.5512357817620974,0.0109599753724861,0.5852834008097166,0.0129855979564288,0.8585186275814922,0.0416912684813894,0.4603663003663004,0.2659199786377657,0.3578947368421052,0.2666089503560829,0.9802197802197802,0.0,0.9473684210526312,2.220446049250313e-16,0.0328513591671486,0.0
BCP,SVM,dp,0.1,30,-0.0091459417775207,0.0469144190981331,0.4954270291112397,0.0234572095490665,0.4975936636462952,0.0262346657599829,0.7967298031330985,0.0150410524238667,0.4961172161172161,0.0295571485746983,0.5052631578947369,0.047541377980591,0.6439560439560442,2.220446049250313e-16,0.6666666666666669,2.220446049250313e-16,-0.0227106227106226,0.0
BCP,SVM,dp,0.2,30,0.0042298052824368,0.0632224673727893,0.5021149026412185,0.0316112336863946,0.5011750530171583,0.0320466794449274,0.801112663580606,0.0206954942761139,0.4954578754578754,0.0344510119479074,0.4912280701754385,0.0617367731395927,0.7142857142857145,2.220446049250313e-16,0.6929824561403506,3.3306690738754696e-16,0.0213032581453633,0.0
BCP,SVM,dp,0.4,30,0.0022807017543859,0.0138352041440917,0.501140350877193,0.0069176020720458,0.4992956750851487,0.0104381593519155,0.805608945873744,0.0242297266886648,0.44,0.2491616341760027,0.437719298245614,0.2447074957776972,0.4395604395604396,5.551115123125783e-17,0.456140350877193,5.551115123125783e-17,-0.0165799113167534,0.0
BCP,SVM,dp,0.8,30,-0.014590321958743,0.0541879697891169,0.4927048390206285,0.0270939848945584,0.4918350363087205,0.0328492160925822,0.7952866497124159,0.0171129653431456,0.5134798534798535,0.0242389009526515,0.5280701754385965,0.0535686559738239,0.8021978021978025,2.220446049250313e-16,0.8157894736842102,3.3306690738754696e-16,-0.0135916714864082,0.0
BCP,SVM,dp,1.0,30,-0.0004935415461731,0.045739050375504,0.4997532292269135,0.022869525187752,0.5027858106805475,0.0253641899893189,0.7993827408942563,0.01436499510398,0.5082783882783883,0.0453973705420263,0.5087719298245614,0.0528261510673039,0.8527472527472528,1.1102230246251563e-16,0.868421052631579,0.0,-0.0156737998843262,0.0
BCP,SVM,dp,2.0,30,0.0044084570400359,0.0546653496008911,0.502204228520018,0.0273326748004455,0.4981479339374076,0.0321457411961528,0.8011378817440271,0.0164251681831504,0.5435897435897435,0.0271339329745597,0.5391812865497075,0.056155577857016,0.9054945054945056,1.1102230246251563e-16,0.8859649122807018,1.1102230246251563e-16,0.0195295932138037,0.0
BCP,SVM,dp,4.0,30,-0.0068793779320095,0.0460183331559611,0.4965603110339953,0.0230091665779805,0.4959382430435061,0.0254559970681946,0.7977002586402727,0.0139310093234255,0.5296703296703297,0.0235140870368387,0.5365497076023392,0.0475134952633439,0.9208791208791208,1.1102230246251563e-16,0.8947368421052633,1.1102230246251563e-16,0.0261422787738576,0.0
BCP,SVM,dp,8.0,30,0.0098952509478825,0.0547994351937,0.5049476254739412,0.02739971759685,0.5010066833751045,0.0371453443227444,0.802574028940462,0.0169674108627009,0.5122344322344322,0.0296658975570886,0.5023391812865496,0.0454638402937469,0.9230769230769232,0.0,0.9035087719298248,2.220446049250313e-16,0.0195681511470985,0.0
BCP,SVM,dp,10.0,30,0.000961377803483,0.057503407727894,0.5004806889017416,0.028751703863947,0.4974677077308655,0.0326239405358999,0.8000889229124513,0.0183991628698408,0.5050549450549451,0.0347336198068367,0.504093567251462,0.0595257294975347,0.9252747252747252,0.0,0.9035087719298248,2.220446049250313e-16,0.0217659533449007,0.0
CANCER_RISK,SVM,standard,,30,0.024,0.0296205946873054,0.512,0.0148102973436527,0.5228964351851852,0.015707791832053,0.8082648013756412,0.0103645218841671,0.4580000000000001,0.0214978465760505,0.434,0.0206988995950133,0.8908333333333334,0.0,0.8833333333333332,1.1102230246251563e-16,0.0075,0.0
CANCER_RISK,SVM,dp,0.1,30,0.0100555555555555,0.0344432795501944,0.5050277777777777,0.0172216397750972,0.5034562962962963,0.0195730787267955,0.8032215573575046,0.0107915142992728,0.5122777777777778,0.0189601596596913,0.5022222222222221,0.0359354702862138,0.7158333333333331,2.220446049250313e-16,0.7300000000000001,1.1102230246251563e-16,-0.0141666666666666,0.0
CANCER_RISK,SVM,dp,0.2,30,0.0026388888888888,0.036393606564415,0.5013194444444443,0.0181968032822075,0.502398287037037,0.0220844829763741,0.8034118894461951,0.0135020027438158,0.4921944444444444,0.1445842512512221,0.4895555555555556,0.168328896164475,0.6641666666666667,0.0,0.7166666666666663,3.3306690738754696e-16,-0.0524999999999999,0.0
CANCER_RISK,SVM,dp,0.4,30,-0.0001388888888888,0.0317696303658107,0.4999305555555555,0.0158848151829054,0.4998627777777777,0.0163601531207304,0.7998376441332192,0.0101028883283369,0.5015277777777778,0.0240399776350012,0.5016666666666666,0.0281760339453388,0.7916666666666669,2.220446049250313e-16,0.7833333333333337,3.3306690738754696e-16,0.0083333333333333,0.0
CANCER_RISK,SVM,dp,0.8,30,-0.0007222222222222,0.0301567919176664,0.4996388888888889,0.0150783959588332,0.4983043518518519,0.0169860403368098,0.7998214598188981,0.0097795411543179,0.5021666666666668,0.0210967787606087,0.5028888888888888,0.0337280335464963,0.8033333333333336,2.220446049250313e-16,0.8000000000000003,2.220446049250313e-16,0.0033333333333332,0.0
CANCER_RISK,SVM,dp,1.0,30,0.0016666666666666,0.0350224795534821,0.5008333333333334,0.017511239776741,0.498023611111111,0.0186928422246924,0.8004837816115798,0.0114567787997109,0.5062222222222222,0.0384356926454539,0.5045555555555556,0.0457649658446877,0.8016666666666664,2.220446049250313e-16,0.8000000000000003,2.220446049250313e-16,0.0016666666666665,0.0
CANCER_RISK,SVM,dp,2.0,30,0.0087777777777777,0.0314162122965472,0.5043888888888889,0.0157081061482736,0.5030349537037038,0.0177885124964637,0.8029083400979662,0.010142573991556,0.493,0.0246198880762868,0.4842222222222222,0.0362085863904552,0.8024999999999997,3.3306690738754696e-16,0.8000000000000003,2.220446049250313e-16,0.0024999999999999,0.0
CANCER_RISK,SVM,dp,4.0,30,-0.0037777777777777,0.0302296253187759,0.4981111111111111,0.0151148126593879,0.5002153703703704,0.0142231661874474,0.7987975765907553,0.0106775687035393,0.4718888888888888,0.0455348530194857,0.4756666666666666,0.0534938556527064,0.8024999999999997,3.3306690738754696e-16,0.7966666666666666,0.0,0.0058333333333333,0.0
CANCER_RISK,SVM,dp,8.0,30,0.0054722222222222,0.031082836854341,0.5027361111111112,0.0155414184271705,0.5006291666666667,0.0178604991291102,0.8014710916680678,0.0109627030870615,0.4634722222222223,0.0596234648584632,0.4580000000000001,0.0529192256599097,0.8008333333333333,0.0,0.8000000000000003,2.220446049250313e-16,0.0008333333333332,0.0
CANCER_RISK,SVM,dp,10.0,30,-0.0041944444444444,0.0338108048512802,0.4979027777777777,0.0169054024256401,0.4981970833333333,0.0201087314537174,0.7986463978263267,0.0117397617356382,0.4629166666666667,0.0575988482073627,0.4671111111111111,0.066291909641755,0.8000000000000003,2.220446049250313e-16,0.7966666666666666,0.0,0.0033333333333334,0.0
DIABETES,SVM,standard,,30,0.0173434563235501,0.0042835479080534,0.5086717281617751,0.0021417739540267,0.5133010155902805,0.0023369600397411,0.8078285572183591,0.0019868615896551,0.3588386115679096,0.017899504917647,0.3414951552443596,0.0185463935579925,0.7545134652449913,1.1102230246251563e-16,0.7475776221797864,0.0,0.006935843065205,0.0
DIABETES,SVM,dp,0.1,30,-0.000384739115749,0.0051276515553997,0.4998076304421254,0.0025638257776998,0.4998933698378881,0.0026800984004264,0.7998607568656836,0.0015918017037756,0.513564856565228,0.0317905354451426,0.5139495956809771,0.0315897680841579,0.7267342139232225,0.0,0.7272084305820778,1.1102230246251563e-16,-0.0004742166588554,0.0
DIABETES,SVM,dp,0.2,30,0.0015957744183525,0.0049782624433664,0.5007978872091763,0.0024891312216832,0.5008993908680753,0.0030469067644498,0.8005222008111038,0.0015565464753719,0.5057615570055228,0.0291487725094755,0.5041657825871703,0.0306770729494119,0.7252665641080047,1.1102230246251563e-16,0.726642619704364,1.1102230246251563e-16,-0.001376055596359,0.0
DIABETES,SVM,dp,0.4,30,0.0014831834013421,0.0056006411748139,0.500741591700671,0.0028003205874069,0.5009519946689569,0.0032607749222839,0.8004451320826667,0.0017685310568421,0.5054179265467792,0.0217183692904111,0.5039347431454371,0.0209833538414236,0.724789135854862,2.220446049250313e-16,0.7263597142655065,2.220446049250313e-16,-0.0015705784106448,0.0
DIABETES,SVM,dp,0.8,30,-0.0004826539722749,0.0057714091446148,0.4997586730138625,0.0028857045723074,0.4996355644007463,0.0032093882758664,0.7998217109481621,0.0017535028561915,0.5121184257834833,0.0278825024446886,0.5126010797557582,0.0270224391365833,0.7244178027690835,3.3306690738754696e-16,0.7260060824669352,2.220446049250313e-16,-0.0015882796978515,0.0
DIABETES,SVM,dp,1.0,30,0.0005475049153369,0.0040669756647723,0.5002737524576685,0.0020334878323861,0.5004000144486725,0.0020028357888248,0.8001943706287683,0.0011316975846131,0.5548959972651023,0.0615721345902329,0.5543484923497655,0.0629971956190253,0.7243470726575073,2.220446049250313e-16,0.7260768088266499,2.220446049250313e-16,-0.0017297361691426,0.0
DIABETES,SVM,dp,2.0,30,-0.0014901916303409,0.0042142485545281,0.4992549041848295,0.002107124277264,0.4995949151593024,0.0021857641113747,0.7995211703524073,0.001300780607295,0.5180184959241773,0.0189051307611559,0.5195086875545182,0.0182973556400665,0.7242763425459304,1.1102230246251563e-16,0.7257939033877926,0.0,-0.0015175608418622,0.0
DIABETES,SVM,dp,4.0,30,-0.0008868403669693,0.0042550482198353,0.4995565798165153,0.0021275241099176,0.4995568841967814,0.0027378022210637,0.7996925409652579,0.0014103830369205,0.481285401894388,0.0157935080585563,0.4821722422613575,0.0157572095087023,0.7242056124343537,0.0,0.7256524506683639,2.220446049250313e-16,-0.0014468382340104,0.0
DIABETES,SVM,dp,8.0,30,0.0005947241057103,0.0047192847707234,0.5002973620528551,0.0023596423853617,0.5004365065639516,0.0027829007057915,0.8002198589806558,0.0016560395214384,0.4561832852957992,0.0364815499805999,0.4555885611900888,0.0373663973422382,0.7241348823227767,2.220446049250313e-16,0.7257231770280785,2.220446049250313e-16,-0.0015882947053014,0.0
DIABETES,SVM,dp,10.0,30,0.00019476743572,0.0044999353285305,0.5000973837178601,0.0022499676642652,0.5004129021379976,0.002572021177345,0.8000162282745645,0.0016722568143963,0.4495334759723917,0.0460618650838386,0.4493387085366717,0.0450287147768275,0.7240995172669886,1.1102230246251563e-16,0.7257231770280785,2.220446049250313e-16,-0.0016236597610898,0.0
