epsilon,accuracy_mean,accuracy_std,f1_score_mean,f1_score_std,precision_mean,recall_mean,balanced_accuracy_mean,balanced_accuracy_std,roc_auc_mean,roc_auc_std,train_time_mean,train_time_std,ACL,accuracy_loss_pct
0.1,0.7305773628498009,0.0014931453331986986,0.745924957116274,0.002727594882488199,0.7056980952894918,0.791120856321026,0.7305816445678682,0.0014932360175764483,0.8044320094863396,0.0012257383469964954,22.939234511132234,2.392614037481279,0.02750632347310855,2.750632347310855
0.2,0.7358889124643421,0.001448876083202195,0.7535898489126474,0.0018545199757660682,0.70621993693516,0.8078087423963787,0.7358939987323712,0.0014488893781312772,0.8109600406820385,0.0010034700720483454,20.920075562465353,1.6184070757559417,0.020435958751498506,2.0435958751498506
0.4,0.73981186788316,0.0010454431002199945,0.7576711171880653,0.0010274602669376291,0.7089704742359532,0.8135757061347667,0.7398170845619614,0.001045337813525948,0.815562059550538,0.0007810522262625886,20.831723362536287,1.2519195127863376,0.015213993861680652,1.5213993861680652
0.8,0.7431077162458448,0.0009484367039528271,0.7591788564046101,0.0011065734374805657,0.7144517230312223,0.8099165369925024,0.7431124410563644,0.0009482682937875831,0.8194196440034844,0.000546601646238873,20.42444506510025,0.5960776443165012,0.01082679018622068,1.082679018622068
1.0,0.7442181200933587,0.0009757076651276479,0.7597238254817635,0.0012966694723530018,0.716273452775608,0.80883198943745,0.7442226896739347,0.0009755528624531642,0.8205274211918898,0.0004903900577634655,20.68990745130189,1.1010142193986068,0.009348697960797514,0.9348697960797514
2.0,0.7465120116934248,0.0007753994883437003,0.7607242320120118,0.0017258263236280332,0.7203160427435257,0.8060168812184656,0.7465162199585962,0.0007752669184406237,0.8231276671409435,0.000496042642950793,20.19456202349878,0.8722372113143851,0.00629522930827775,0.629522930827775
4.0,0.7472947167409295,0.0009219780755181587,0.7607665453138133,0.002259355214622914,0.7222444319411742,0.8037440467770075,0.7472987089141991,0.0009219849352319833,0.8242221821155501,0.0005248600810749043,17.961909534799634,2.237955536545831,0.00525334689035728,0.525334689035728
8.0,0.7477827286229577,0.0009363967032905977,0.7609921135443904,0.0023327095766716645,0.7231177536223907,0.8032017729994814,0.747786647933027,0.0009362359631905389,0.8247090353195943,0.0005264552350505011,18.524243629164992,0.2901552215238582,0.0046037394791843544,0.46037394791843544
10.0,0.7477874437136055,0.0008707261015265868,0.7608495099719818,0.0023128574354996344,0.7233874890214477,0.8025604753147546,0.7477913173367737,0.0008704958862106662,0.8247969573042019,0.0005209501696297799,19.371360701268227,0.3633076349640309,0.004597463079076158,0.45974630790761584
