epsilon,accuracy_mean,accuracy_std,f1_score_mean,f1_score_std,precision_mean,precision_std,recall_mean,recall_std,roc_auc_mean,roc_auc_std,balanced_accuracy_mean,balanced_accuracy_std,train_time_mean,train_time_std,accuracy_loss_mean,accuracy_loss_pct
0.1,0.5567251461988305,0.22036853829721081,0.3958702992396146,0.25689570489200403,0.4869820929183006,0.3230817468709516,0.4150793650793651,0.270471952049659,0.5158730158730159,0.29404078108359377,0.5272156084656084,0.20082931148173602,0.000726648532145191,0.00011904180906274917,0.3555555555555554,35.55555555555554
0.2,0.5897660818713449,0.20395046005747414,0.426095252549623,0.25471381882858063,0.49216183371169875,0.3036271400288166,0.4222222222222222,0.2472015201910823,0.5451609347442681,0.283670460127255,0.554861111111111,0.1972525856110239,0.0006692179008193004,7.587918307177212e-05,0.322514619883041,32.2514619883041
0.4,0.6283625730994152,0.17861859680824976,0.4766018377757371,0.2346530725845635,0.5348945337638775,0.2673814819809532,0.4619047619047619,0.23195250641141318,0.5979497354497353,0.2604451448553406,0.5936838624338623,0.1808321917298345,0.0006935222350875847,8.648308168875723e-05,0.2839181286549707,28.39181286549707
0.6,0.6619883040935671,0.1641192412172039,0.5321450373258618,0.21828054336970276,0.5672258271185374,0.24880736869198272,0.5190476190476191,0.21423279769908554,0.6444223985890651,0.2367224308210268,0.6322089947089947,0.16819771332124553,0.0007534679001158414,9.110973638795177e-05,0.2502923976608188,25.02923976608188
0.8,0.62046783625731,0.1700025246394188,0.45975788697504905,0.2425753814352111,0.5146962415028594,0.28652931974768836,0.4746031746031746,0.2745114077330132,0.5894290123456791,0.2602909075048428,0.5900793650793651,0.16974675026540442,0.0008104153001719775,0.00030030313673541073,0.29181286549707597,29.181286549707597
1.0,0.6789473684210526,0.15118288086182824,0.5593410187154239,0.2063807235024663,0.5880737856783934,0.231793321679374,0.5587301587301587,0.218713801309716,0.6834160052910054,0.2143298233579799,0.6539021164021164,0.156191826605302,0.000853034734124473,0.00024011700398986468,0.23333333333333328,23.33333333333333
1.2,0.7248538011695905,0.12235680494307781,0.6250319229012958,0.16411888057536075,0.6449448820657808,0.18586637278547788,0.6214285714285714,0.17271890926455014,0.7443287037037039,0.16979201552710282,0.7033068783068782,0.12607742320840454,0.0008217306351677204,9.792122115645156e-05,0.1874269005847954,18.74269005847954
1.4,0.7625730994152048,0.10098350191206884,0.6712094046669006,0.14017344589712663,0.6974757208125931,0.16059598784561688,0.657936507936508,0.14721954817235228,0.7900132275132276,0.13627452513112803,0.7407738095238094,0.10562258868763194,0.0024657805678240646,0.008727209447808483,0.14970760233918112,14.970760233918112
1.6,0.7897660818713451,0.08409114751417054,0.7050134176224129,0.11917849585719764,0.7395769577376058,0.14008573796956275,0.6825396825396826,0.12663642874151232,0.8237764550264549,0.11213696502648905,0.7674272486772487,0.08852211810985887,0.0008394499653756308,8.197841151180373e-05,0.1225146198830408,12.25146198830408
1.8,0.8096491228070177,0.07711153331922735,0.7291266781328524,0.1130429514050813,0.7717134984724054,0.12863482462474662,0.6984126984126985,0.1217678629460995,0.8506283068783067,0.09409538650237992,0.7864748677248676,0.08272551836409937,0.000873019566157988,9.142947734960141e-05,0.10263157894736818,10.263157894736818
2.0,0.8277777777777777,0.0726706724936254,0.7523113065184241,0.10664322368308984,0.8064521293541588,0.12580905115946275,0.7111111111111111,0.1106111199376784,0.8725970017636684,0.07945651393321307,0.8034722222222224,0.07744848074379596,0.0009669888677308336,0.0003689691862670519,0.08450292397660819,8.450292397660819
4.0,0.8964912280701756,0.022467102587483676,0.8424743401071874,0.03739524826872336,0.9565252080750144,0.044671697746669306,0.7555555555555554,0.055305559968839194,0.9635802469135801,0.023247101005221888,0.8671296296296297,0.02761898743633086,0.0008686500669379409,0.00014238891903391588,0.015789473684210353,1.5789473684210353
6.0,0.909356725146199,0.013462999337100968,0.861050865871729,0.024075035324466372,0.9857930468766382,0.022632507434245854,0.7658730158730158,0.041277471822050285,0.9844356261022928,0.012478791547423733,0.8794642857142858,0.018703751646361677,0.0008313319655523325,8.565383132051576e-05,0.0029239766081868845,0.29239766081868845
8.0,0.9114035087719299,0.012059409723567994,0.8638354311995262,0.021643955356804894,0.9923250463130493,0.014455712645500817,0.7658730158730159,0.03692822261629155,0.9910493827160495,0.007251511544819814,0.8810846560846561,0.01700790235380054,0.0008534418331691996,7.589782059842245e-05,0.0008771929824560321,0.0877192982456032
10.0,0.9149122807017546,0.010897453306189606,0.8695965820753495,0.01874028256707066,0.9960966481187068,0.009966680856520891,0.7722222222222223,0.030542668896656907,0.994135802469136,0.004269958372613921,0.8851851851851852,0.014858742979751934,0.0008417846993931259,8.736980484136212e-05,-0.0026315789473686513,-0.26315789473686513
