al_definition,description,metric,analysis,n_pairs_total,n_computable,n_undefined,median_rho,iqr_low,iqr_high,min_rho,max_rho,n_significant_p05,n_significant_negative,n_significant_positive,pooled_rho,pooled_n,pooled_p,pooled_ci_low,pooled_ci_high
AL,accuracy-based AL,yeom_advantage,"within-pair Spearman, n=9 per pair",30.0,30.0,0.0,0.13393771142592356,-0.6099775421896525,0.47500000000000003,-1.0,0.9052038109696288,10.0,7.0,3.0,,,,,
AL,accuracy-based AL,lira_auc,"within-pair Spearman, n=9 per pair",30.0,30.0,0.0,-0.21666666666666667,-0.7,0.13551275374078237,-1.0,0.9166666666666666,10.0,8.0,2.0,,,,,
AL,accuracy-based AL,shokri_auc,"within-pair Spearman, n=9 per pair",30.0,29.0,1.0,-0.05085476277156078,-0.43333333333333335,0.2881769890388444,-0.9492889050691345,0.6780635036208105,4.0,3.0,1.0,,,,,
AL,accuracy-based AL,lira_tpr_at_1pct,"within-pair Spearman, n=9 per pair",30.0,30.0,0.0,0.004061624649859942,-0.34337395172988067,0.49107626970453966,-0.9036961141150639,0.9500000000000001,7.0,3.0,4.0,,,,,
AL,accuracy-based AL,yeom_advantage,pooled Spearman over all paired points,,,,,,,,,,,,-0.0707085617790197,270.0,0.24689683691367875,-0.18863790296356364,0.04923109133021953
AL,accuracy-based AL,lira_auc,pooled Spearman over all paired points,,,,,,,,,,,,0.11125897668540016,270.0,0.06794659806249483,-0.008596766902272516,0.22796320095018094
AL,accuracy-based AL,shokri_auc,pooled Spearman over all paired points,,,,,,,,,,,,0.0287046521717913,270.0,0.6386593750423859,-0.0910075049687998,0.14759902302967923
AL,accuracy-based AL,lira_tpr_at_1pct,pooled Spearman over all paired points,,,,,,,,,,,,0.4203068844601944,270.0,5.552209621631601e-13,0.3121551854128615,0.517703955173348
AL_balanced,balanced-accuracy AL,yeom_advantage,"within-pair Spearman, n=9 per pair",30.0,30.0,0.0,0.11720116325080909,-0.6605234431730562,0.47500000000000003,-1.0,0.9052038109696288,11.0,8.0,3.0,,,,,
AL_balanced,balanced-accuracy AL,lira_auc,"within-pair Spearman, n=9 per pair",30.0,30.0,0.0,-0.21666666666666667,-0.6458333333333334,0.1625,-1.0,0.9333333333333332,9.0,7.0,2.0,,,,,
AL_balanced,balanced-accuracy AL,shokri_auc,"within-pair Spearman, n=9 per pair",30.0,29.0,1.0,-0.06666666666666667,-0.4171157000717869,0.22773393488463511,-0.9153857298880941,0.6780635036208105,4.0,3.0,1.0,,,,,
AL_balanced,balanced-accuracy AL,lira_tpr_at_1pct,"within-pair Spearman, n=9 per pair",30.0,30.0,0.0,0.04178873955231527,-0.4208333333333333,0.5178921568627451,-0.9036961141150639,0.9500000000000001,8.0,3.0,5.0,,,,,
AL_balanced,balanced-accuracy AL,yeom_advantage,pooled Spearman over all paired points,,,,,,,,,,,,-0.061630551607799004,270.0,0.31299653785637066,-0.17979463491585834,0.058286791481999584
AL_balanced,balanced-accuracy AL,lira_auc,pooled Spearman over all paired points,,,,,,,,,,,,0.14013847162547566,270.0,0.02125608881150661,0.020528617333688094,0.2557934527774321
AL_balanced,balanced-accuracy AL,shokri_auc,pooled Spearman over all paired points,,,,,,,,,,,,0.047961687747696935,270.0,0.4325201788064847,-0.07189404033723554,0.1664519958798828
AL_balanced,balanced-accuracy AL,lira_tpr_at_1pct,pooled Spearman over all paired points,,,,,,,,,,,,0.4549690780997993,270.0,3.3601909109456254e-15,0.3495635330314342,0.5490015395147079
