analysis,subset,al_definition,dataset,model,metric,epsilon,rho,n,p,ci_low,ci_high,note
D-14 within-pair (n=9 across epsilons),all_pairs,AL,Breast Cancer,DP-DNN,yeom_advantage,,-0.7302967433402214,9,0.025463561683239266,-0.9498167077350951,-0.028813665985880588,
D-14 within-pair (n=9 across epsilons),all_pairs,AL,Breast Cancer,DP-DNN,lira_auc,,-0.7666666666666667,9,0.01594401657897403,-0.9581111222167468,-0.10167163014604846,
D-14 within-pair (n=9 across epsilons),all_pairs,AL,Breast Cancer,DP-DNN,shokri_auc,,-0.5873670062235365,9,0.096306769323659,-0.9121300371370583,0.1904308072508462,
D-14 within-pair (n=9 across epsilons),all_pairs,AL,Breast Cancer,DP-DNN,lira_tpr_at_1pct,,0.5788544409159491,9,0.10244334387436962,-0.20106939223858375,0.9096208261044312,
D-14 within-pair (n=9 across epsilons),all_pairs,AL,Breast Cancer,DP-GNB,yeom_advantage,,0.10878756313824399,9,0.7805538526280621,-0.6000952722385909,0.7219642660839112,
D-14 within-pair (n=9 across epsilons),all_pairs,AL,Breast Cancer,DP-GNB,lira_auc,,0.016666666666666666,9,0.9660548039946862,-0.6547334814763652,0.6733658013184856,
D-14 within-pair (n=9 across epsilons),all_pairs,AL,Breast Cancer,DP-GNB,shokri_auc,,0.08333333333333334,9,0.831214097710308,-0.6156769091154475,0.7089486377732402,
D-14 within-pair (n=9 across epsilons),all_pairs,AL,Breast Cancer,DP-GNB,lira_tpr_at_1pct,,0.03333333333333333,9,0.9321567355405039,-0.6451982485056751,0.6824683452206413,
D-14 within-pair (n=9 across epsilons),all_pairs,AL,Breast Cancer,DP-LR,yeom_advantage,,0.35,9,0.35581957250178897,-0.42914539519876416,0.8304970346595542,
D-14 within-pair (n=9 across epsilons),all_pairs,AL,Breast Cancer,DP-LR,lira_auc,,-0.16666666666666669,9,0.668231040071504,-0.750424258414512,0.5631630243270963,
D-14 within-pair (n=9 across epsilons),all_pairs,AL,Breast Cancer,DP-LR,shokri_auc,,0.15,9,0.7000942309691418,-0.574021279039974,0.742388899825438,
D-14 within-pair (n=9 across epsilons),all_pairs,AL,Breast Cancer,DP-LR,lira_tpr_at_1pct,,-0.8833333333333333,9,0.0015905004234978695,-0.9813982498625006,-0.4196988870958978,
D-14 within-pair (n=9 across epsilons),all_pairs,AL,Breast Cancer,DP-RF,yeom_advantage,,-0.4482758620689656,9,0.22621589342518864,-0.8672626685016636,0.34243412512346355,
D-14 within-pair (n=9 across epsilons),all_pairs,AL,Breast Cancer,DP-RF,lira_auc,,-0.8984341422975738,9,0.0009941951576176483,-0.9840590671875897,-0.474662938272341,
D-14 within-pair (n=9 across epsilons),all_pairs,AL,Breast Cancer,DP-RF,shokri_auc,,-0.9492889050691345,9,9.200022809995662e-05,-0.9924568066550952,-0.6966882221814273,
D-14 within-pair (n=9 across epsilons),all_pairs,AL,Breast Cancer,DP-RF,lira_tpr_at_1pct,,-0.37449860230650756,9,0.3207115739773333,-0.8400599427792858,0.40873073715000585,
D-14 within-pair (n=9 across epsilons),all_pairs,AL,Breast Cancer,DP-SVM,yeom_advantage,,0.65,9,0.058073058017148654,-0.10493522273444046,0.9296655817141054,
D-14 within-pair (n=9 across epsilons),all_pairs,AL,Breast Cancer,DP-SVM,lira_auc,,-0.25,9,0.5164895523012261,-0.7886955505569053,0.5058563153143267,
D-14 within-pair (n=9 across epsilons),all_pairs,AL,Breast Cancer,DP-SVM,shokri_auc,,0.25,9,0.5164895523012261,-0.5058563153143267,0.7886955505569053,
D-14 within-pair (n=9 across epsilons),all_pairs,AL,Breast Cancer,DP-SVM,lira_tpr_at_1pct,,-0.4666666666666666,9,0.2053863511058121,-0.8736729341451432,0.3246085407704431,
D-14 within-pair (n=9 across epsilons),all_pairs,AL,Cancer Risk,DP-DNN,yeom_advantage,,-0.32636268941473195,9,0.39136044929979785,-0.8210183871751168,0.44818780050875556,
D-14 within-pair (n=9 across epsilons),all_pairs,AL,Cancer Risk,DP-DNN,lira_auc,,0.7833333333333333,9,0.012519873019449885,0.13834831853875343,0.9617435373970705,
D-14 within-pair (n=9 across epsilons),all_pairs,AL,Cancer Risk,DP-DNN,shokri_auc,,0.35,9,0.35581957250178897,-0.42914539519876416,0.8304970346595542,
D-14 within-pair (n=9 across epsilons),all_pairs,AL,Cancer Risk,DP-DNN,lira_tpr_at_1pct,,0.6333333333333333,9,0.06708578689234572,-0.1290394418631173,0.925157406408218,
D-14 within-pair (n=9 across epsilons),all_pairs,AL,Cancer Risk,DP-GNB,yeom_advantage,,-0.06666666666666667,9,0.8646897846262036,-0.7002578050228124,0.6256736731201111,
D-14 within-pair (n=9 across epsilons),all_pairs,AL,Cancer Risk,DP-GNB,lira_auc,,-0.03333333333333333,9,0.9321567355405039,-0.6824683452206413,0.6451982485056751,
D-14 within-pair (n=9 across epsilons),all_pairs,AL,Cancer Risk,DP-GNB,shokri_auc,,0.43333333333333335,9,0.24395243588005172,-0.35650709397049735,0.8619457890476541,
D-14 within-pair (n=9 across epsilons),all_pairs,AL,Cancer Risk,DP-GNB,lira_tpr_at_1pct,,0.10878756313824399,9,0.7805538526280621,-0.6000952722385909,0.7219642660839112,
D-14 within-pair (n=9 across epsilons),all_pairs,AL,Cancer Risk,DP-LR,yeom_advantage,,-0.9623515200690814,9,3.285856459769502e-05,-0.9944773869689011,-0.7653328083343095,
D-14 within-pair (n=9 across epsilons),all_pairs,AL,Cancer Risk,DP-LR,lira_auc,,-0.7166666666666667,9,0.02981803569584528,-0.9465763448947222,-0.0037287466283677734,
D-14 within-pair (n=9 across epsilons),all_pairs,AL,Cancer Risk,DP-LR,shokri_auc,,-0.43333333333333335,9,0.24395243588005172,-0.8619457890476541,0.35650709397049735,
D-14 within-pair (n=9 across epsilons),all_pairs,AL,Cancer Risk,DP-LR,lira_tpr_at_1pct,,0.6945667492672501,9,0.03786405384345162,-0.034707146971786174,0.9411671558068503,
D-14 within-pair (n=9 across epsilons),all_pairs,AL,Cancer Risk,DP-RF,yeom_advantage,,-0.6950150912113306,9,0.03768829245270158,-0.9412788143824347,0.03395313780308903,
D-14 within-pair (n=9 across epsilons),all_pairs,AL,Cancer Risk,DP-RF,lira_auc,,0.15,9,0.7000942309691418,-0.574021279039974,0.742388899825438,
D-14 within-pair (n=9 across epsilons),all_pairs,AL,Cancer Risk,DP-RF,shokri_auc,,0.2928895930645031,9,0.4443546956852246,-0.47414798589084745,0.8071706241794132,
D-14 within-pair (n=9 across epsilons),all_pairs,AL,Cancer Risk,DP-RF,lira_tpr_at_1pct,,-0.2333333333333333,9,0.5456987782182728,-0.7812932725705493,0.517747896868221,
D-14 within-pair (n=9 across epsilons),all_pairs,AL,Cancer Risk,DP-SVM,yeom_advantage,,-0.6276205565667923,9,0.07036502278970762,-0.9235859410415502,0.13706068677748764,
D-14 within-pair (n=9 across epsilons),all_pairs,AL,Cancer Risk,DP-SVM,lira_auc,,-0.5833333333333334,9,0.09918581647988327,-0.9109448400796804,0.19549815979195748,
D-14 within-pair (n=9 across epsilons),all_pairs,AL,Cancer Risk,DP-SVM,shokri_auc,,-0.13333333333333333,9,0.7323675052362973,-0.7342247198359427,0.5846958499554477,
D-14 within-pair (n=9 across epsilons),all_pairs,AL,Cancer Risk,DP-SVM,lira_tpr_at_1pct,,-0.21666666666666667,9,0.5755148957119259,-0.7737655492788502,0.5294151709399537,
D-14 within-pair (n=9 across epsilons),all_pairs,AL,Diabetes,DP-DNN,yeom_advantage,,0.5166666666666667,9,0.15439012098622507,-0.2729949929181571,0.8903601408134023,
D-14 within-pair (n=9 across epsilons),all_pairs,AL,Diabetes,DP-DNN,lira_auc,,-0.08333333333333334,9,0.831214097710308,-0.7089486377732402,0.6156769091154475,
D-14 within-pair (n=9 across epsilons),all_pairs,AL,Diabetes,DP-DNN,shokri_auc,,-0.8333333333333333,9,0.005265691029161747,-0.9720211788120464,-0.2638221413574253,
D-14 within-pair (n=9 across epsilons),all_pairs,AL,Diabetes,DP-DNN,lira_tpr_at_1pct,,-0.5333333333333333,9,0.13922686754397814,-0.8956835405976523,0.254640389802388,
D-14 within-pair (n=9 across epsilons),all_pairs,AL,Diabetes,DP-GNB,yeom_advantage,,0.31666666666666665,9,0.406397014486386,-0.4558246201185339,0.8170584869066698,
D-14 within-pair (n=9 across epsilons),all_pairs,AL,Diabetes,DP-GNB,lira_auc,,0.16666666666666669,9,0.668231040071504,-0.5631630243270963,0.750424258414512,
D-14 within-pair (n=9 across epsilons),all_pairs,AL,Diabetes,DP-GNB,shokri_auc,,0.03333333333333333,9,0.9321567355405039,-0.6451982485056751,0.6824683452206413,
D-14 within-pair (n=9 across epsilons),all_pairs,AL,Diabetes,DP-GNB,lira_tpr_at_1pct,,-0.06666666666666667,9,0.8646897846262036,-0.7002578050228124,0.6256736731201111,
D-14 within-pair (n=9 across epsilons),all_pairs,AL,Diabetes,DP-LR,yeom_advantage,,-0.45,9,0.22421610749233675,-0.8678698858696136,0.34078716035057216,
D-14 within-pair (n=9 across epsilons),all_pairs,AL,Diabetes,DP-LR,lira_auc,,0.9166666666666666,9,0.0005066190663052083,0.5470834089274791,0.9871685853445952,
D-14 within-pair (n=9 across epsilons),all_pairs,AL,Diabetes,DP-LR,shokri_auc,,-0.2333333333333333,9,0.5456987782182728,-0.7812932725705493,0.517747896868221,
D-14 within-pair (n=9 across epsilons),all_pairs,AL,Diabetes,DP-LR,lira_tpr_at_1pct,,-0.09999999999999999,9,0.797971695234851,-0.717505794453041,0.6055182390386287,
D-14 within-pair (n=9 across epsilons),all_pairs,AL,Diabetes,DP-RF,yeom_advantage,,0.23932498098297525,9,0.5351263598613137,-0.5134992358536418,0.7839688009936743,
D-14 within-pair (n=9 across epsilons),all_pairs,AL,Diabetes,DP-RF,lira_auc,,-0.6272087408492496,9,0.07060520621579136,-0.9234721401589608,0.13763433809530262,
D-14 within-pair (n=9 across epsilons),all_pairs,AL,Diabetes,DP-RF,shokri_auc,,0.2881769890388444,9,0.45205561454796317,-0.47771416084104074,0.80518090597204,
D-14 within-pair (n=9 across epsilons),all_pairs,AL,Diabetes,DP-RF,lira_tpr_at_1pct,,0.49365724849494175,9,0.17683169504161358,-0.2973547616384526,0.8828149300046781,
D-14 within-pair (n=9 across epsilons),all_pairs,AL,Diabetes,DP-SVM,yeom_advantage,,0.6166666666666666,9,0.07692880993776312,-0.1521154422339326,0.9205351282692075,
D-14 within-pair (n=9 across epsilons),all_pairs,AL,Diabetes,DP-SVM,lira_auc,,-0.18333333333333335,9,0.6368198117628943,-0.7583316631960848,0.5521143020484701,
D-14 within-pair (n=9 across epsilons),all_pairs,AL,Diabetes,DP-SVM,shokri_auc,,-0.25,9,0.5164895523012261,-0.7886955505569053,0.5058563153143267,
D-14 within-pair (n=9 across epsilons),all_pairs,AL,Diabetes,DP-SVM,lira_tpr_at_1pct,,-0.5,9,0.1704706607870538,-0.8849175889269288,0.2907480145281928,
D-14 within-pair (n=9 across epsilons),all_pairs,AL,Gallstone,DP-DNN,yeom_advantage,,0.9052038109696288,9,0.0007862938555142691,0.5007314157619589,0.9852266933015028,
D-14 within-pair (n=9 across epsilons),all_pairs,AL,Gallstone,DP-DNN,lira_auc,,-1.0,9,0.0,-1.0,-1.0,perfect monotone rank agreement; CI degenerate at rho
D-14 within-pair (n=9 across epsilons),all_pairs,AL,Gallstone,DP-DNN,shokri_auc,,,9,,,,undefined: leakage series constant (zero variance)
D-14 within-pair (n=9 across epsilons),all_pairs,AL,Gallstone,DP-DNN,lira_tpr_at_1pct,,-0.9036961141150639,9,0.0008296808246244144,-0.9849679894089769,-0.4948447239737843,
D-14 within-pair (n=9 across epsilons),all_pairs,AL,Gallstone,DP-GNB,yeom_advantage,,0.25,9,0.5164895523012261,-0.5058563153143267,0.7886955505569053,
D-14 within-pair (n=9 across epsilons),all_pairs,AL,Gallstone,DP-GNB,lira_auc,,-0.38333333333333336,9,0.3084952723803716,-0.8434435035777011,0.40118808453581994,
D-14 within-pair (n=9 across epsilons),all_pairs,AL,Gallstone,DP-GNB,shokri_auc,,0.35,9,0.35581957250178897,-0.42914539519876416,0.8304970346595542,
D-14 within-pair (n=9 across epsilons),all_pairs,AL,Gallstone,DP-GNB,lira_tpr_at_1pct,,-0.16666666666666669,9,0.668231040071504,-0.750424258414512,0.5631630243270963,
D-14 within-pair (n=9 across epsilons),all_pairs,AL,Gallstone,DP-LR,yeom_advantage,,0.65,9,0.058073058017148654,-0.10493522273444046,0.9296655817141054,
D-14 within-pair (n=9 across epsilons),all_pairs,AL,Gallstone,DP-LR,lira_auc,,0.33333333333333337,9,0.38071318167686347,-0.4426360103413414,0.8238394151981814,
D-14 within-pair (n=9 across epsilons),all_pairs,AL,Gallstone,DP-LR,shokri_auc,,0.06666666666666667,9,0.8646897846262036,-0.6256736731201111,0.7002578050228124,
D-14 within-pair (n=9 across epsilons),all_pairs,AL,Gallstone,DP-LR,lira_tpr_at_1pct,,0.9500000000000001,9,8.762523965086185e-05,0.7002827081716563,0.9925682118389675,
D-14 within-pair (n=9 across epsilons),all_pairs,AL,Gallstone,DP-RF,yeom_advantage,,0.6837856599513579,9,0.042251381883015075,-0.052536253391897346,0.9384580224707949,
D-14 within-pair (n=9 across epsilons),all_pairs,AL,Gallstone,DP-RF,lira_auc,,-0.7458698539828915,9,0.021026303106069583,-0.9534305541207035,-0.05889458390355147,
D-14 within-pair (n=9 across epsilons),all_pairs,AL,Gallstone,DP-RF,shokri_auc,,0.6780635036208105,9,0.0447072359709457,-0.06177051714989139,0.9370012464185359,
D-14 within-pair (n=9 across epsilons),all_pairs,AL,Gallstone,DP-RF,lira_tpr_at_1pct,,-0.5085476277156078,9,0.16210889894108835,-0.88772376161489,0.28171578209730014,
D-14 within-pair (n=9 across epsilons),all_pairs,AL,Gallstone,DP-SVM,yeom_advantage,,0.33333333333333337,9,0.38071318167686347,-0.4426360103413414,0.8238394151981814,
D-14 within-pair (n=9 across epsilons),all_pairs,AL,Gallstone,DP-SVM,lira_auc,,-0.65,9,0.058073058017148654,-0.9296655817141054,0.10493522273444046,
D-14 within-pair (n=9 across epsilons),all_pairs,AL,Gallstone,DP-SVM,shokri_auc,,-0.09999999999999999,9,0.797971695234851,-0.717505794453041,0.6055182390386287,
D-14 within-pair (n=9 across epsilons),all_pairs,AL,Gallstone,DP-SVM,lira_tpr_at_1pct,,0.2677847708018314,9,0.4860296141888536,-0.49290783243154485,0.7964565727000404,
D-14 within-pair (n=9 across epsilons),all_pairs,AL,Kidney Stone,DP-DNN,yeom_advantage,,-1.0,9,0.0,-1.0,-1.0,perfect monotone rank agreement; CI degenerate at rho
D-14 within-pair (n=9 across epsilons),all_pairs,AL,Kidney Stone,DP-DNN,lira_auc,,-0.8416254115301731,9,0.004442222838201251,-0.9736375542145369,-0.2872755873547186,
D-14 within-pair (n=9 across epsilons),all_pairs,AL,Kidney Stone,DP-DNN,shokri_auc,,-0.5742855749264711,9,0.10583238712021263,-0.9082615267972693,0.20669363906971625,
D-14 within-pair (n=9 across epsilons),all_pairs,AL,Kidney Stone,DP-DNN,lira_tpr_at_1pct,,0.7854963073359155,9,0.012115415988321165,0.14327762555153079,0.9622072833333609,
D-14 within-pair (n=9 across epsilons),all_pairs,AL,Kidney Stone,DP-GNB,yeom_advantage,,-0.5570484990582331,9,0.11922346278102963,-0.9030540124089613,0.22739774564493365,
D-14 within-pair (n=9 across epsilons),all_pairs,AL,Kidney Stone,DP-GNB,lira_auc,,-0.8833333333333333,9,0.0015905004234978695,-0.9813982498625006,-0.4196988870958978,
D-14 within-pair (n=9 across epsilons),all_pairs,AL,Kidney Stone,DP-GNB,shokri_auc,,-0.65,9,0.058073058017148654,-0.9296655817141054,0.10493522273444046,
D-14 within-pair (n=9 across epsilons),all_pairs,AL,Kidney Stone,DP-GNB,lira_tpr_at_1pct,,-0.25,9,0.5164895523012261,-0.7886955505569053,0.5058563153143267,
D-14 within-pair (n=9 across epsilons),all_pairs,AL,Kidney Stone,DP-LR,yeom_advantage,,-0.8166666666666667,9,0.0072247852463587885,-0.9686972272167684,-0.21913024606359227,
D-14 within-pair (n=9 across epsilons),all_pairs,AL,Kidney Stone,DP-LR,lira_auc,,-0.4666666666666666,9,0.2053863511058121,-0.8736729341451432,0.3246085407704431,
D-14 within-pair (n=9 across epsilons),all_pairs,AL,Kidney Stone,DP-LR,shokri_auc,,-0.4666666666666666,9,0.2053863511058121,-0.8736729341451432,0.3246085407704431,
D-14 within-pair (n=9 across epsilons),all_pairs,AL,Kidney Stone,DP-LR,lira_tpr_at_1pct,,0.48333333333333334,9,0.18746985521554216,-0.30794014681079274,0.8793553508028455,
D-14 within-pair (n=9 across epsilons),all_pairs,AL,Kidney Stone,DP-RF,yeom_advantage,,0.7758620689655173,9,0.013986487853532084,0.12162695349689795,0.9601281706385802,
D-14 within-pair (n=9 across epsilons),all_pairs,AL,Kidney Stone,DP-RF,lira_auc,,0.5085476277156078,9,0.16210889894108835,-0.28171578209730014,0.88772376161489,
D-14 within-pair (n=9 across epsilons),all_pairs,AL,Kidney Stone,DP-RF,shokri_auc,,-0.05085476277156078,9,0.896622545113034,-0.6918876321457654,0.6350119845401837,
D-14 within-pair (n=9 across epsilons),all_pairs,AL,Kidney Stone,DP-RF,lira_tpr_at_1pct,,0.4766345847537369,9,0.1945608573072786,-0.3147005624812336,0.8770859166036568,
D-14 within-pair (n=9 across epsilons),all_pairs,AL,Kidney Stone,DP-SVM,yeom_advantage,,-0.7592566023652966,9,0.017648307110135198,-0.9564623519332872,-0.08606793535933181,
D-14 within-pair (n=9 across epsilons),all_pairs,AL,Kidney Stone,DP-SVM,lira_auc,,-0.7302967433402214,9,0.025463561683239266,-0.9498167077350951,-0.028813665985880588,
D-14 within-pair (n=9 across epsilons),all_pairs,AL,Kidney Stone,DP-SVM,shokri_auc,,-0.7074749701108396,9,0.03301307820972575,-0.9443500147923596,0.012579242004185837,
D-14 within-pair (n=9 across epsilons),all_pairs,AL,Kidney Stone,DP-SVM,lira_tpr_at_1pct,,0.641688947919748,9,0.0624649883411736,-0.11708903417839191,0.9274317274225836,
D-14 within-pair (n=9 across epsilons),all_pairs,AL,Lung Cancer,DP-DNN,yeom_advantage,,-0.4293564476313732,9,0.2487947811524876,-0.8605142907723291,0.360193487063896,
D-14 within-pair (n=9 across epsilons),all_pairs,AL,Lung Cancer,DP-DNN,lira_auc,,-0.019802950859533486,9,0.9596709411933118,-0.67508942959201,0.6529504902587642,
D-14 within-pair (n=9 across epsilons),all_pairs,AL,Lung Cancer,DP-DNN,shokri_auc,,0.22773393488463511,9,0.5556500092057025,-0.5216922083156658,0.7787782460660188,
D-14 within-pair (n=9 across epsilons),all_pairs,AL,Lung Cancer,DP-DNN,lira_tpr_at_1pct,,0.28714278746323557,9,0.453753297696265,-0.47849396005175776,0.8047429258202309,
D-14 within-pair (n=9 across epsilons),all_pairs,AL,Lung Cancer,DP-GNB,yeom_advantage,,0.33903175181040524,9,0.3721117934172025,-0.43805830969241133,0.8261295473399263,
D-14 within-pair (n=9 across epsilons),all_pairs,AL,Lung Cancer,DP-GNB,lira_auc,,-0.25,9,0.5164895523012261,-0.7886955505569053,0.5058563153143267,
D-14 within-pair (n=9 across epsilons),all_pairs,AL,Lung Cancer,DP-GNB,shokri_auc,,-0.25,9,0.5164895523012261,-0.7886955505569053,0.5058563153143267,
D-14 within-pair (n=9 across epsilons),all_pairs,AL,Lung Cancer,DP-GNB,lira_tpr_at_1pct,,-0.6833333333333333,9,0.04244227208707231,-0.9383433444029518,0.053271862837085925,
D-14 within-pair (n=9 across epsilons),all_pairs,AL,Lung Cancer,DP-LR,yeom_advantage,,-0.9623515200690814,9,3.285856459769502e-05,-0.9944773869689011,-0.7653328083343095,
D-14 within-pair (n=9 across epsilons),all_pairs,AL,Lung Cancer,DP-LR,lira_auc,,0.45,9,0.22421610749233675,-0.34078716035057216,0.8678698858696136,
D-14 within-pair (n=9 across epsilons),all_pairs,AL,Lung Cancer,DP-LR,shokri_auc,,0.45,9,0.22421610749233675,-0.34078716035057216,0.8678698858696136,
D-14 within-pair (n=9 across epsilons),all_pairs,AL,Lung Cancer,DP-LR,lira_tpr_at_1pct,,0.75,9,0.01994212613199253,0.06714339622647121,0.9543732720143068,
D-14 within-pair (n=9 across epsilons),all_pairs,AL,Lung Cancer,DP-RF,yeom_advantage,,0.5500190982169268,9,0.12496097654595263,-0.23561740625825092,0.900894262864078,
D-14 within-pair (n=9 across epsilons),all_pairs,AL,Lung Cancer,DP-RF,lira_auc,,0.22689075630252106,9,0.5571543537016607,-0.5222839882617821,0.77839829617025,
D-14 within-pair (n=9 across epsilons),all_pairs,AL,Lung Cancer,DP-RF,shokri_auc,,-0.15899720766358738,9,0.6828398157150526,-0.7467425896888753,0.568182874023227,
D-14 within-pair (n=9 across epsilons),all_pairs,AL,Lung Cancer,DP-RF,lira_tpr_at_1pct,,-0.02521008403361345,9,0.948669630930436,-0.6780493417586444,0.6498642302320757,
D-14 within-pair (n=9 across epsilons),all_pairs,AL,Lung Cancer,DP-SVM,yeom_advantage,,0.15908785971360312,9,0.6826665984244105,-0.5681237728740061,0.7467862650914326,
D-14 within-pair (n=9 across epsilons),all_pairs,AL,Lung Cancer,DP-SVM,lira_auc,,0.09205101496312953,9,0.8137943104130291,-0.6103837896090716,0.7134411296317944,
D-14 within-pair (n=9 across epsilons),all_pairs,AL,Lung Cancer,DP-SVM,shokri_auc,,0.34309923758984645,9,0.366029243023804,-0.4347688290842066,0.8277554151852513,
D-14 within-pair (n=9 across epsilons),all_pairs,AL,Lung Cancer,DP-SVM,lira_tpr_at_1pct,,0.2761530448893886,9,0.4719617926023864,-0.4867188265610641,0.8000592668562002,
"D-15c within-pair, robustness subset",robustness_excluded_near_majority,AL,Breast Cancer,DP-DNN,yeom_advantage,,-0.7302967433402214,9,0.025463561683239266,-0.9498167077350951,-0.028813665985880588,
"D-15c within-pair, robustness subset",robustness_excluded_near_majority,AL,Breast Cancer,DP-DNN,lira_auc,,-0.7666666666666667,9,0.01594401657897403,-0.9581111222167468,-0.10167163014604846,
"D-15c within-pair, robustness subset",robustness_excluded_near_majority,AL,Breast Cancer,DP-DNN,shokri_auc,,-0.5873670062235365,9,0.096306769323659,-0.9121300371370583,0.1904308072508462,
"D-15c within-pair, robustness subset",robustness_excluded_near_majority,AL,Breast Cancer,DP-DNN,lira_tpr_at_1pct,,0.5788544409159491,9,0.10244334387436962,-0.20106939223858375,0.9096208261044312,
"D-15c within-pair, robustness subset",robustness_excluded_near_majority,AL,Breast Cancer,DP-GNB,yeom_advantage,,0.10878756313824399,9,0.7805538526280621,-0.6000952722385909,0.7219642660839112,
"D-15c within-pair, robustness subset",robustness_excluded_near_majority,AL,Breast Cancer,DP-GNB,lira_auc,,0.016666666666666666,9,0.9660548039946862,-0.6547334814763652,0.6733658013184856,
"D-15c within-pair, robustness subset",robustness_excluded_near_majority,AL,Breast Cancer,DP-GNB,shokri_auc,,0.08333333333333334,9,0.831214097710308,-0.6156769091154475,0.7089486377732402,
"D-15c within-pair, robustness subset",robustness_excluded_near_majority,AL,Breast Cancer,DP-GNB,lira_tpr_at_1pct,,0.03333333333333333,9,0.9321567355405039,-0.6451982485056751,0.6824683452206413,
"D-15c within-pair, robustness subset",robustness_excluded_near_majority,AL,Breast Cancer,DP-LR,yeom_advantage,,0.35,9,0.35581957250178897,-0.42914539519876416,0.8304970346595542,
"D-15c within-pair, robustness subset",robustness_excluded_near_majority,AL,Breast Cancer,DP-LR,lira_auc,,-0.16666666666666669,9,0.668231040071504,-0.750424258414512,0.5631630243270963,
"D-15c within-pair, robustness subset",robustness_excluded_near_majority,AL,Breast Cancer,DP-LR,shokri_auc,,0.15,9,0.7000942309691418,-0.574021279039974,0.742388899825438,
"D-15c within-pair, robustness subset",robustness_excluded_near_majority,AL,Breast Cancer,DP-LR,lira_tpr_at_1pct,,-0.8833333333333333,9,0.0015905004234978695,-0.9813982498625006,-0.4196988870958978,
"D-15c within-pair, robustness subset",robustness_excluded_near_majority,AL,Breast Cancer,DP-RF,yeom_advantage,,-0.4482758620689656,9,0.22621589342518864,-0.8672626685016636,0.34243412512346355,
"D-15c within-pair, robustness subset",robustness_excluded_near_majority,AL,Breast Cancer,DP-RF,lira_auc,,-0.8984341422975738,9,0.0009941951576176483,-0.9840590671875897,-0.474662938272341,
"D-15c within-pair, robustness subset",robustness_excluded_near_majority,AL,Breast Cancer,DP-RF,shokri_auc,,-0.9492889050691345,9,9.200022809995662e-05,-0.9924568066550952,-0.6966882221814273,
"D-15c within-pair, robustness subset",robustness_excluded_near_majority,AL,Breast Cancer,DP-RF,lira_tpr_at_1pct,,-0.37449860230650756,9,0.3207115739773333,-0.8400599427792858,0.40873073715000585,
"D-15c within-pair, robustness subset",robustness_excluded_near_majority,AL,Breast Cancer,DP-SVM,yeom_advantage,,0.65,9,0.058073058017148654,-0.10493522273444046,0.9296655817141054,
"D-15c within-pair, robustness subset",robustness_excluded_near_majority,AL,Breast Cancer,DP-SVM,lira_auc,,-0.25,9,0.5164895523012261,-0.7886955505569053,0.5058563153143267,
"D-15c within-pair, robustness subset",robustness_excluded_near_majority,AL,Breast Cancer,DP-SVM,shokri_auc,,0.25,9,0.5164895523012261,-0.5058563153143267,0.7886955505569053,
"D-15c within-pair, robustness subset",robustness_excluded_near_majority,AL,Breast Cancer,DP-SVM,lira_tpr_at_1pct,,-0.4666666666666666,9,0.2053863511058121,-0.8736729341451432,0.3246085407704431,
"D-15c within-pair, robustness subset",robustness_excluded_near_majority,AL,Cancer Risk,DP-DNN,yeom_advantage,,-0.32636268941473195,9,0.39136044929979785,-0.8210183871751168,0.44818780050875556,
"D-15c within-pair, robustness subset",robustness_excluded_near_majority,AL,Cancer Risk,DP-DNN,lira_auc,,0.7833333333333333,9,0.012519873019449885,0.13834831853875343,0.9617435373970705,
"D-15c within-pair, robustness subset",robustness_excluded_near_majority,AL,Cancer Risk,DP-DNN,shokri_auc,,0.35,9,0.35581957250178897,-0.42914539519876416,0.8304970346595542,
"D-15c within-pair, robustness subset",robustness_excluded_near_majority,AL,Cancer Risk,DP-DNN,lira_tpr_at_1pct,,0.6333333333333333,9,0.06708578689234572,-0.1290394418631173,0.925157406408218,
"D-15c within-pair, robustness subset",robustness_excluded_near_majority,AL,Cancer Risk,DP-GNB,yeom_advantage,,-0.06666666666666667,9,0.8646897846262036,-0.7002578050228124,0.6256736731201111,
"D-15c within-pair, robustness subset",robustness_excluded_near_majority,AL,Cancer Risk,DP-GNB,lira_auc,,-0.03333333333333333,9,0.9321567355405039,-0.6824683452206413,0.6451982485056751,
"D-15c within-pair, robustness subset",robustness_excluded_near_majority,AL,Cancer Risk,DP-GNB,shokri_auc,,0.43333333333333335,9,0.24395243588005172,-0.35650709397049735,0.8619457890476541,
"D-15c within-pair, robustness subset",robustness_excluded_near_majority,AL,Cancer Risk,DP-GNB,lira_tpr_at_1pct,,0.10878756313824399,9,0.7805538526280621,-0.6000952722385909,0.7219642660839112,
"D-15c within-pair, robustness subset",robustness_excluded_near_majority,AL,Cancer Risk,DP-LR,yeom_advantage,,-0.9623515200690814,9,3.285856459769502e-05,-0.9944773869689011,-0.7653328083343095,
"D-15c within-pair, robustness subset",robustness_excluded_near_majority,AL,Cancer Risk,DP-LR,lira_auc,,-0.7166666666666667,9,0.02981803569584528,-0.9465763448947222,-0.0037287466283677734,
"D-15c within-pair, robustness subset",robustness_excluded_near_majority,AL,Cancer Risk,DP-LR,shokri_auc,,-0.43333333333333335,9,0.24395243588005172,-0.8619457890476541,0.35650709397049735,
"D-15c within-pair, robustness subset",robustness_excluded_near_majority,AL,Cancer Risk,DP-LR,lira_tpr_at_1pct,,0.6945667492672501,9,0.03786405384345162,-0.034707146971786174,0.9411671558068503,
"D-15c within-pair, robustness subset",robustness_excluded_near_majority,AL,Cancer Risk,DP-RF,yeom_advantage,,-0.6950150912113306,9,0.03768829245270158,-0.9412788143824347,0.03395313780308903,
"D-15c within-pair, robustness subset",robustness_excluded_near_majority,AL,Cancer Risk,DP-RF,lira_auc,,0.15,9,0.7000942309691418,-0.574021279039974,0.742388899825438,
"D-15c within-pair, robustness subset",robustness_excluded_near_majority,AL,Cancer Risk,DP-RF,shokri_auc,,0.2928895930645031,9,0.4443546956852246,-0.47414798589084745,0.8071706241794132,
"D-15c within-pair, robustness subset",robustness_excluded_near_majority,AL,Cancer Risk,DP-RF,lira_tpr_at_1pct,,-0.2333333333333333,9,0.5456987782182728,-0.7812932725705493,0.517747896868221,
"D-15c within-pair, robustness subset",robustness_excluded_near_majority,AL,Cancer Risk,DP-SVM,yeom_advantage,,-0.6276205565667923,9,0.07036502278970762,-0.9235859410415502,0.13706068677748764,
"D-15c within-pair, robustness subset",robustness_excluded_near_majority,AL,Cancer Risk,DP-SVM,lira_auc,,-0.5833333333333334,9,0.09918581647988327,-0.9109448400796804,0.19549815979195748,
"D-15c within-pair, robustness subset",robustness_excluded_near_majority,AL,Cancer Risk,DP-SVM,shokri_auc,,-0.13333333333333333,9,0.7323675052362973,-0.7342247198359427,0.5846958499554477,
"D-15c within-pair, robustness subset",robustness_excluded_near_majority,AL,Cancer Risk,DP-SVM,lira_tpr_at_1pct,,-0.21666666666666667,9,0.5755148957119259,-0.7737655492788502,0.5294151709399537,
"D-15c within-pair, robustness subset",robustness_excluded_near_majority,AL,Diabetes,DP-DNN,yeom_advantage,,0.5166666666666667,9,0.15439012098622507,-0.2729949929181571,0.8903601408134023,
"D-15c within-pair, robustness subset",robustness_excluded_near_majority,AL,Diabetes,DP-DNN,lira_auc,,-0.08333333333333334,9,0.831214097710308,-0.7089486377732402,0.6156769091154475,
"D-15c within-pair, robustness subset",robustness_excluded_near_majority,AL,Diabetes,DP-DNN,shokri_auc,,-0.8333333333333333,9,0.005265691029161747,-0.9720211788120464,-0.2638221413574253,
"D-15c within-pair, robustness subset",robustness_excluded_near_majority,AL,Diabetes,DP-DNN,lira_tpr_at_1pct,,-0.5333333333333333,9,0.13922686754397814,-0.8956835405976523,0.254640389802388,
"D-15c within-pair, robustness subset",robustness_excluded_near_majority,AL,Diabetes,DP-GNB,yeom_advantage,,0.31666666666666665,9,0.406397014486386,-0.4558246201185339,0.8170584869066698,
"D-15c within-pair, robustness subset",robustness_excluded_near_majority,AL,Diabetes,DP-GNB,lira_auc,,0.16666666666666669,9,0.668231040071504,-0.5631630243270963,0.750424258414512,
"D-15c within-pair, robustness subset",robustness_excluded_near_majority,AL,Diabetes,DP-GNB,shokri_auc,,0.03333333333333333,9,0.9321567355405039,-0.6451982485056751,0.6824683452206413,
"D-15c within-pair, robustness subset",robustness_excluded_near_majority,AL,Diabetes,DP-GNB,lira_tpr_at_1pct,,-0.06666666666666667,9,0.8646897846262036,-0.7002578050228124,0.6256736731201111,
"D-15c within-pair, robustness subset",robustness_excluded_near_majority,AL,Diabetes,DP-LR,yeom_advantage,,-0.45,9,0.22421610749233675,-0.8678698858696136,0.34078716035057216,
"D-15c within-pair, robustness subset",robustness_excluded_near_majority,AL,Diabetes,DP-LR,lira_auc,,0.9166666666666666,9,0.0005066190663052083,0.5470834089274791,0.9871685853445952,
"D-15c within-pair, robustness subset",robustness_excluded_near_majority,AL,Diabetes,DP-LR,shokri_auc,,-0.2333333333333333,9,0.5456987782182728,-0.7812932725705493,0.517747896868221,
"D-15c within-pair, robustness subset",robustness_excluded_near_majority,AL,Diabetes,DP-LR,lira_tpr_at_1pct,,-0.09999999999999999,9,0.797971695234851,-0.717505794453041,0.6055182390386287,
"D-15c within-pair, robustness subset",robustness_excluded_near_majority,AL,Diabetes,DP-RF,yeom_advantage,,0.23932498098297525,9,0.5351263598613137,-0.5134992358536418,0.7839688009936743,
"D-15c within-pair, robustness subset",robustness_excluded_near_majority,AL,Diabetes,DP-RF,lira_auc,,-0.6272087408492496,9,0.07060520621579136,-0.9234721401589608,0.13763433809530262,
"D-15c within-pair, robustness subset",robustness_excluded_near_majority,AL,Diabetes,DP-RF,shokri_auc,,0.2881769890388444,9,0.45205561454796317,-0.47771416084104074,0.80518090597204,
"D-15c within-pair, robustness subset",robustness_excluded_near_majority,AL,Diabetes,DP-RF,lira_tpr_at_1pct,,0.49365724849494175,9,0.17683169504161358,-0.2973547616384526,0.8828149300046781,
"D-15c within-pair, robustness subset",robustness_excluded_near_majority,AL,Diabetes,DP-SVM,yeom_advantage,,0.6166666666666666,9,0.07692880993776312,-0.1521154422339326,0.9205351282692075,
"D-15c within-pair, robustness subset",robustness_excluded_near_majority,AL,Diabetes,DP-SVM,lira_auc,,-0.18333333333333335,9,0.6368198117628943,-0.7583316631960848,0.5521143020484701,
"D-15c within-pair, robustness subset",robustness_excluded_near_majority,AL,Diabetes,DP-SVM,shokri_auc,,-0.25,9,0.5164895523012261,-0.7886955505569053,0.5058563153143267,
"D-15c within-pair, robustness subset",robustness_excluded_near_majority,AL,Diabetes,DP-SVM,lira_tpr_at_1pct,,-0.5,9,0.1704706607870538,-0.8849175889269288,0.2907480145281928,
"D-15c within-pair, robustness subset",robustness_excluded_near_majority,AL,Gallstone,DP-DNN,yeom_advantage,,0.9052038109696288,9,0.0007862938555142691,0.5007314157619589,0.9852266933015028,
"D-15c within-pair, robustness subset",robustness_excluded_near_majority,AL,Gallstone,DP-DNN,lira_auc,,-1.0,9,0.0,-1.0,-1.0,perfect monotone rank agreement; CI degenerate at rho
"D-15c within-pair, robustness subset",robustness_excluded_near_majority,AL,Gallstone,DP-DNN,shokri_auc,,,9,,,,undefined: leakage series constant (zero variance)
"D-15c within-pair, robustness subset",robustness_excluded_near_majority,AL,Gallstone,DP-DNN,lira_tpr_at_1pct,,-0.9036961141150639,9,0.0008296808246244144,-0.9849679894089769,-0.4948447239737843,
"D-15c within-pair, robustness subset",robustness_excluded_near_majority,AL,Gallstone,DP-LR,yeom_advantage,,0.65,9,0.058073058017148654,-0.10493522273444046,0.9296655817141054,
"D-15c within-pair, robustness subset",robustness_excluded_near_majority,AL,Gallstone,DP-LR,lira_auc,,0.33333333333333337,9,0.38071318167686347,-0.4426360103413414,0.8238394151981814,
"D-15c within-pair, robustness subset",robustness_excluded_near_majority,AL,Gallstone,DP-LR,shokri_auc,,0.06666666666666667,9,0.8646897846262036,-0.6256736731201111,0.7002578050228124,
"D-15c within-pair, robustness subset",robustness_excluded_near_majority,AL,Gallstone,DP-LR,lira_tpr_at_1pct,,0.9500000000000001,9,8.762523965086185e-05,0.7002827081716563,0.9925682118389675,
"D-15c within-pair, robustness subset",robustness_excluded_near_majority,AL,Gallstone,DP-RF,yeom_advantage,,0.6837856599513579,9,0.042251381883015075,-0.052536253391897346,0.9384580224707949,
"D-15c within-pair, robustness subset",robustness_excluded_near_majority,AL,Gallstone,DP-RF,lira_auc,,-0.7458698539828915,9,0.021026303106069583,-0.9534305541207035,-0.05889458390355147,
"D-15c within-pair, robustness subset",robustness_excluded_near_majority,AL,Gallstone,DP-RF,shokri_auc,,0.6780635036208105,9,0.0447072359709457,-0.06177051714989139,0.9370012464185359,
"D-15c within-pair, robustness subset",robustness_excluded_near_majority,AL,Gallstone,DP-RF,lira_tpr_at_1pct,,-0.5085476277156078,9,0.16210889894108835,-0.88772376161489,0.28171578209730014,
"D-15c within-pair, robustness subset",robustness_excluded_near_majority,AL,Gallstone,DP-SVM,yeom_advantage,,0.33333333333333337,9,0.38071318167686347,-0.4426360103413414,0.8238394151981814,
"D-15c within-pair, robustness subset",robustness_excluded_near_majority,AL,Gallstone,DP-SVM,lira_auc,,-0.65,9,0.058073058017148654,-0.9296655817141054,0.10493522273444046,
"D-15c within-pair, robustness subset",robustness_excluded_near_majority,AL,Gallstone,DP-SVM,shokri_auc,,-0.09999999999999999,9,0.797971695234851,-0.717505794453041,0.6055182390386287,
"D-15c within-pair, robustness subset",robustness_excluded_near_majority,AL,Gallstone,DP-SVM,lira_tpr_at_1pct,,0.2677847708018314,9,0.4860296141888536,-0.49290783243154485,0.7964565727000404,
"D-15c within-pair, robustness subset",robustness_excluded_near_majority,AL,Kidney Stone,DP-DNN,yeom_advantage,,-1.0,9,0.0,-1.0,-1.0,perfect monotone rank agreement; CI degenerate at rho
"D-15c within-pair, robustness subset",robustness_excluded_near_majority,AL,Kidney Stone,DP-DNN,lira_auc,,-0.8416254115301731,9,0.004442222838201251,-0.9736375542145369,-0.2872755873547186,
"D-15c within-pair, robustness subset",robustness_excluded_near_majority,AL,Kidney Stone,DP-DNN,shokri_auc,,-0.5742855749264711,9,0.10583238712021263,-0.9082615267972693,0.20669363906971625,
"D-15c within-pair, robustness subset",robustness_excluded_near_majority,AL,Kidney Stone,DP-DNN,lira_tpr_at_1pct,,0.7854963073359155,9,0.012115415988321165,0.14327762555153079,0.9622072833333609,
"D-15c within-pair, robustness subset",robustness_excluded_near_majority,AL,Kidney Stone,DP-GNB,yeom_advantage,,-0.5570484990582331,9,0.11922346278102963,-0.9030540124089613,0.22739774564493365,
"D-15c within-pair, robustness subset",robustness_excluded_near_majority,AL,Kidney Stone,DP-GNB,lira_auc,,-0.8833333333333333,9,0.0015905004234978695,-0.9813982498625006,-0.4196988870958978,
"D-15c within-pair, robustness subset",robustness_excluded_near_majority,AL,Kidney Stone,DP-GNB,shokri_auc,,-0.65,9,0.058073058017148654,-0.9296655817141054,0.10493522273444046,
"D-15c within-pair, robustness subset",robustness_excluded_near_majority,AL,Kidney Stone,DP-GNB,lira_tpr_at_1pct,,-0.25,9,0.5164895523012261,-0.7886955505569053,0.5058563153143267,
"D-15c within-pair, robustness subset",robustness_excluded_near_majority,AL,Kidney Stone,DP-LR,yeom_advantage,,-0.8166666666666667,9,0.0072247852463587885,-0.9686972272167684,-0.21913024606359227,
"D-15c within-pair, robustness subset",robustness_excluded_near_majority,AL,Kidney Stone,DP-LR,lira_auc,,-0.4666666666666666,9,0.2053863511058121,-0.8736729341451432,0.3246085407704431,
"D-15c within-pair, robustness subset",robustness_excluded_near_majority,AL,Kidney Stone,DP-LR,shokri_auc,,-0.4666666666666666,9,0.2053863511058121,-0.8736729341451432,0.3246085407704431,
"D-15c within-pair, robustness subset",robustness_excluded_near_majority,AL,Kidney Stone,DP-LR,lira_tpr_at_1pct,,0.48333333333333334,9,0.18746985521554216,-0.30794014681079274,0.8793553508028455,
"D-15c within-pair, robustness subset",robustness_excluded_near_majority,AL,Kidney Stone,DP-RF,yeom_advantage,,0.7758620689655173,9,0.013986487853532084,0.12162695349689795,0.9601281706385802,
"D-15c within-pair, robustness subset",robustness_excluded_near_majority,AL,Kidney Stone,DP-RF,lira_auc,,0.5085476277156078,9,0.16210889894108835,-0.28171578209730014,0.88772376161489,
"D-15c within-pair, robustness subset",robustness_excluded_near_majority,AL,Kidney Stone,DP-RF,shokri_auc,,-0.05085476277156078,9,0.896622545113034,-0.6918876321457654,0.6350119845401837,
"D-15c within-pair, robustness subset",robustness_excluded_near_majority,AL,Kidney Stone,DP-RF,lira_tpr_at_1pct,,0.4766345847537369,9,0.1945608573072786,-0.3147005624812336,0.8770859166036568,
"D-15c within-pair, robustness subset",robustness_excluded_near_majority,AL,Kidney Stone,DP-SVM,yeom_advantage,,-0.7592566023652966,9,0.017648307110135198,-0.9564623519332872,-0.08606793535933181,
"D-15c within-pair, robustness subset",robustness_excluded_near_majority,AL,Kidney Stone,DP-SVM,lira_auc,,-0.7302967433402214,9,0.025463561683239266,-0.9498167077350951,-0.028813665985880588,
"D-15c within-pair, robustness subset",robustness_excluded_near_majority,AL,Kidney Stone,DP-SVM,shokri_auc,,-0.7074749701108396,9,0.03301307820972575,-0.9443500147923596,0.012579242004185837,
"D-15c within-pair, robustness subset",robustness_excluded_near_majority,AL,Kidney Stone,DP-SVM,lira_tpr_at_1pct,,0.641688947919748,9,0.0624649883411736,-0.11708903417839191,0.9274317274225836,
"D-15c within-pair, robustness subset",robustness_excluded_near_majority,AL,Lung Cancer,DP-DNN,yeom_advantage,,-0.4293564476313732,9,0.2487947811524876,-0.8605142907723291,0.360193487063896,
"D-15c within-pair, robustness subset",robustness_excluded_near_majority,AL,Lung Cancer,DP-DNN,lira_auc,,-0.019802950859533486,9,0.9596709411933118,-0.67508942959201,0.6529504902587642,
"D-15c within-pair, robustness subset",robustness_excluded_near_majority,AL,Lung Cancer,DP-DNN,shokri_auc,,0.22773393488463511,9,0.5556500092057025,-0.5216922083156658,0.7787782460660188,
"D-15c within-pair, robustness subset",robustness_excluded_near_majority,AL,Lung Cancer,DP-DNN,lira_tpr_at_1pct,,0.28714278746323557,9,0.453753297696265,-0.47849396005175776,0.8047429258202309,
"D-15c within-pair, robustness subset",robustness_excluded_near_majority,AL,Lung Cancer,DP-GNB,yeom_advantage,,0.33903175181040524,9,0.3721117934172025,-0.43805830969241133,0.8261295473399263,
"D-15c within-pair, robustness subset",robustness_excluded_near_majority,AL,Lung Cancer,DP-GNB,lira_auc,,-0.25,9,0.5164895523012261,-0.7886955505569053,0.5058563153143267,
"D-15c within-pair, robustness subset",robustness_excluded_near_majority,AL,Lung Cancer,DP-GNB,shokri_auc,,-0.25,9,0.5164895523012261,-0.7886955505569053,0.5058563153143267,
"D-15c within-pair, robustness subset",robustness_excluded_near_majority,AL,Lung Cancer,DP-GNB,lira_tpr_at_1pct,,-0.6833333333333333,9,0.04244227208707231,-0.9383433444029518,0.053271862837085925,
"D-15c within-pair, robustness subset",robustness_excluded_near_majority,AL,Lung Cancer,DP-LR,yeom_advantage,,-0.9623515200690814,9,3.285856459769502e-05,-0.9944773869689011,-0.7653328083343095,
"D-15c within-pair, robustness subset",robustness_excluded_near_majority,AL,Lung Cancer,DP-LR,lira_auc,,0.45,9,0.22421610749233675,-0.34078716035057216,0.8678698858696136,
"D-15c within-pair, robustness subset",robustness_excluded_near_majority,AL,Lung Cancer,DP-LR,shokri_auc,,0.45,9,0.22421610749233675,-0.34078716035057216,0.8678698858696136,
"D-15c within-pair, robustness subset",robustness_excluded_near_majority,AL,Lung Cancer,DP-LR,lira_tpr_at_1pct,,0.75,9,0.01994212613199253,0.06714339622647121,0.9543732720143068,
"D-15c within-pair, robustness subset",robustness_excluded_near_majority,AL,Lung Cancer,DP-RF,yeom_advantage,,0.5500190982169268,9,0.12496097654595263,-0.23561740625825092,0.900894262864078,
"D-15c within-pair, robustness subset",robustness_excluded_near_majority,AL,Lung Cancer,DP-RF,lira_auc,,0.22689075630252106,9,0.5571543537016607,-0.5222839882617821,0.77839829617025,
"D-15c within-pair, robustness subset",robustness_excluded_near_majority,AL,Lung Cancer,DP-RF,shokri_auc,,-0.15899720766358738,9,0.6828398157150526,-0.7467425896888753,0.568182874023227,
"D-15c within-pair, robustness subset",robustness_excluded_near_majority,AL,Lung Cancer,DP-RF,lira_tpr_at_1pct,,-0.02521008403361345,9,0.948669630930436,-0.6780493417586444,0.6498642302320757,
"D-15c within-pair, robustness subset",robustness_excluded_near_majority,AL,Lung Cancer,DP-SVM,yeom_advantage,,0.15908785971360312,9,0.6826665984244105,-0.5681237728740061,0.7467862650914326,
"D-15c within-pair, robustness subset",robustness_excluded_near_majority,AL,Lung Cancer,DP-SVM,lira_auc,,0.09205101496312953,9,0.8137943104130291,-0.6103837896090716,0.7134411296317944,
"D-15c within-pair, robustness subset",robustness_excluded_near_majority,AL,Lung Cancer,DP-SVM,shokri_auc,,0.34309923758984645,9,0.366029243023804,-0.4347688290842066,0.8277554151852513,
"D-15c within-pair, robustness subset",robustness_excluded_near_majority,AL,Lung Cancer,DP-SVM,lira_tpr_at_1pct,,0.2761530448893886,9,0.4719617926023864,-0.4867188265610641,0.8000592668562002,
"D-15d within-pair, balanced-accuracy AL",all_pairs,AL_balanced,Breast Cancer,DP-DNN,yeom_advantage,,-0.7302967433402214,9,0.025463561683239266,-0.9498167077350951,-0.028813665985880588,
"D-15d within-pair, balanced-accuracy AL",all_pairs,AL_balanced,Breast Cancer,DP-DNN,lira_auc,,-0.5333333333333333,9,0.13922686754397814,-0.8956835405976523,0.254640389802388,
"D-15d within-pair, balanced-accuracy AL",all_pairs,AL_balanced,Breast Cancer,DP-DNN,shokri_auc,,-0.4171157000717869,9,0.2640184707660533,-0.8560647329633714,0.3713903021334588,
"D-15d within-pair, balanced-accuracy AL",all_pairs,AL_balanced,Breast Cancer,DP-DNN,lira_tpr_at_1pct,,0.6554675286842364,9,0.055293404906068225,-0.09678888494789709,0.9311197945674671,
"D-15d within-pair, balanced-accuracy AL",all_pairs,AL_balanced,Breast Cancer,DP-GNB,yeom_advantage,,0.07531446678801507,9,0.8472940220818163,-0.6205066075145815,0.7047839822840358,
"D-15d within-pair, balanced-accuracy AL",all_pairs,AL_balanced,Breast Cancer,DP-GNB,lira_auc,,0.2333333333333333,9,0.5456987782182728,-0.517747896868221,0.7812932725705493,
"D-15d within-pair, balanced-accuracy AL",all_pairs,AL_balanced,Breast Cancer,DP-GNB,shokri_auc,,-0.06666666666666667,9,0.8646897846262036,-0.7002578050228124,0.6256736731201111,
"D-15d within-pair, balanced-accuracy AL",all_pairs,AL_balanced,Breast Cancer,DP-GNB,lira_tpr_at_1pct,,0.25,9,0.5164895523012261,-0.5058563153143267,0.7886955505569053,
"D-15d within-pair, balanced-accuracy AL",all_pairs,AL_balanced,Breast Cancer,DP-LR,yeom_advantage,,0.35,9,0.35581957250178897,-0.42914539519876416,0.8304970346595542,
"D-15d within-pair, balanced-accuracy AL",all_pairs,AL_balanced,Breast Cancer,DP-LR,lira_auc,,-0.16666666666666669,9,0.668231040071504,-0.750424258414512,0.5631630243270963,
"D-15d within-pair, balanced-accuracy AL",all_pairs,AL_balanced,Breast Cancer,DP-LR,shokri_auc,,0.15,9,0.7000942309691418,-0.574021279039974,0.742388899825438,
"D-15d within-pair, balanced-accuracy AL",all_pairs,AL_balanced,Breast Cancer,DP-LR,lira_tpr_at_1pct,,-0.8833333333333333,9,0.0015905004234978695,-0.9813982498625006,-0.4196988870958978,
"D-15d within-pair, balanced-accuracy AL",all_pairs,AL_balanced,Breast Cancer,DP-RF,yeom_advantage,,-0.4655172413793104,9,0.2066556970894752,-0.8732766017152509,0.3257396608144586,
"D-15d within-pair, balanced-accuracy AL",all_pairs,AL_balanced,Breast Cancer,DP-RF,lira_auc,,-0.9153857298880941,9,0.0005337168926636565,-0.986953770337531,-0.5417589824507457,
"D-15d within-pair, balanced-accuracy AL",all_pairs,AL_balanced,Breast Cancer,DP-RF,shokri_auc,,-0.9153857298880941,9,0.0005337168926636565,-0.986953770337531,-0.5417589824507457,
"D-15d within-pair, balanced-accuracy AL",all_pairs,AL_balanced,Breast Cancer,DP-RF,lira_tpr_at_1pct,,-0.49365724849494175,9,0.17683169504161358,-0.8828149300046781,0.2973547616384526,
"D-15d within-pair, balanced-accuracy AL",all_pairs,AL_balanced,Breast Cancer,DP-SVM,yeom_advantage,,0.65,9,0.058073058017148654,-0.10493522273444046,0.9296655817141054,
"D-15d within-pair, balanced-accuracy AL",all_pairs,AL_balanced,Breast Cancer,DP-SVM,lira_auc,,-0.25,9,0.5164895523012261,-0.7886955505569053,0.5058563153143267,
"D-15d within-pair, balanced-accuracy AL",all_pairs,AL_balanced,Breast Cancer,DP-SVM,shokri_auc,,0.25,9,0.5164895523012261,-0.5058563153143267,0.7886955505569053,
"D-15d within-pair, balanced-accuracy AL",all_pairs,AL_balanced,Breast Cancer,DP-SVM,lira_tpr_at_1pct,,-0.4666666666666666,9,0.2053863511058121,-0.8736729341451432,0.3246085407704431,
"D-15d within-pair, balanced-accuracy AL",all_pairs,AL_balanced,Cancer Risk,DP-DNN,yeom_advantage,,0.0,9,1.0,-0.6641217079267975,0.6641217079267975,
"D-15d within-pair, balanced-accuracy AL",all_pairs,AL_balanced,Cancer Risk,DP-DNN,lira_auc,,0.9333333333333332,9,0.00023589981215941651,0.6199651557776426,0.9899139629456528,
"D-15d within-pair, balanced-accuracy AL",all_pairs,AL_balanced,Cancer Risk,DP-DNN,shokri_auc,,-0.06666666666666667,9,0.8646897846262036,-0.7002578050228124,0.6256736731201111,
"D-15d within-pair, balanced-accuracy AL",all_pairs,AL_balanced,Cancer Risk,DP-DNN,lira_tpr_at_1pct,,0.7833333333333333,9,0.012519873019449885,0.13834831853875343,0.9617435373970705,
"D-15d within-pair, balanced-accuracy AL",all_pairs,AL_balanced,Cancer Risk,DP-GNB,yeom_advantage,,-0.06666666666666667,9,0.8646897846262036,-0.7002578050228124,0.6256736731201111,
"D-15d within-pair, balanced-accuracy AL",all_pairs,AL_balanced,Cancer Risk,DP-GNB,lira_auc,,-0.03333333333333333,9,0.9321567355405039,-0.6824683452206413,0.6451982485056751,
"D-15d within-pair, balanced-accuracy AL",all_pairs,AL_balanced,Cancer Risk,DP-GNB,shokri_auc,,0.43333333333333335,9,0.24395243588005172,-0.35650709397049735,0.8619457890476541,
"D-15d within-pair, balanced-accuracy AL",all_pairs,AL_balanced,Cancer Risk,DP-GNB,lira_tpr_at_1pct,,0.10878756313824399,9,0.7805538526280621,-0.6000952722385909,0.7219642660839112,
"D-15d within-pair, balanced-accuracy AL",all_pairs,AL_balanced,Cancer Risk,DP-LR,yeom_advantage,,-0.9623515200690814,9,3.285856459769502e-05,-0.9944773869689011,-0.7653328083343095,
"D-15d within-pair, balanced-accuracy AL",all_pairs,AL_balanced,Cancer Risk,DP-LR,lira_auc,,-0.7166666666666667,9,0.02981803569584528,-0.9465763448947222,-0.0037287466283677734,
"D-15d within-pair, balanced-accuracy AL",all_pairs,AL_balanced,Cancer Risk,DP-LR,shokri_auc,,-0.43333333333333335,9,0.24395243588005172,-0.8619457890476541,0.35650709397049735,
"D-15d within-pair, balanced-accuracy AL",all_pairs,AL_balanced,Cancer Risk,DP-LR,lira_tpr_at_1pct,,0.6945667492672501,9,0.03786405384345162,-0.034707146971786174,0.9411671558068503,
"D-15d within-pair, balanced-accuracy AL",all_pairs,AL_balanced,Cancer Risk,DP-RF,yeom_advantage,,-0.6950150912113306,9,0.03768829245270158,-0.9412788143824347,0.03395313780308903,
"D-15d within-pair, balanced-accuracy AL",all_pairs,AL_balanced,Cancer Risk,DP-RF,lira_auc,,0.15,9,0.7000942309691418,-0.574021279039974,0.742388899825438,
"D-15d within-pair, balanced-accuracy AL",all_pairs,AL_balanced,Cancer Risk,DP-RF,shokri_auc,,0.2928895930645031,9,0.4443546956852246,-0.47414798589084745,0.8071706241794132,
"D-15d within-pair, balanced-accuracy AL",all_pairs,AL_balanced,Cancer Risk,DP-RF,lira_tpr_at_1pct,,-0.2333333333333333,9,0.5456987782182728,-0.7812932725705493,0.517747896868221,
"D-15d within-pair, balanced-accuracy AL",all_pairs,AL_balanced,Cancer Risk,DP-SVM,yeom_advantage,,-0.7113032974423646,9,0.03165655703330228,-0.945281319681928,0.005844440387852892,
"D-15d within-pair, balanced-accuracy AL",all_pairs,AL_balanced,Cancer Risk,DP-SVM,lira_auc,,-0.6333333333333333,9,0.06708578689234572,-0.925157406408218,0.1290394418631173,
"D-15d within-pair, balanced-accuracy AL",all_pairs,AL_balanced,Cancer Risk,DP-SVM,shokri_auc,,-0.11666666666666665,9,0.765007942926146,-0.7259307276512621,0.5951929453047241,
"D-15d within-pair, balanced-accuracy AL",all_pairs,AL_balanced,Cancer Risk,DP-SVM,lira_tpr_at_1pct,,-0.2833333333333333,9,0.46003032896572005,-0.8031255131778656,0.4813576782777298,
"D-15d within-pair, balanced-accuracy AL",all_pairs,AL_balanced,Diabetes,DP-DNN,yeom_advantage,,0.5166666666666667,9,0.15439012098622507,-0.2729949929181571,0.8903601408134023,
"D-15d within-pair, balanced-accuracy AL",all_pairs,AL_balanced,Diabetes,DP-DNN,lira_auc,,-0.08333333333333334,9,0.831214097710308,-0.7089486377732402,0.6156769091154475,
"D-15d within-pair, balanced-accuracy AL",all_pairs,AL_balanced,Diabetes,DP-DNN,shokri_auc,,-0.8333333333333333,9,0.005265691029161747,-0.9720211788120464,-0.2638221413574253,
"D-15d within-pair, balanced-accuracy AL",all_pairs,AL_balanced,Diabetes,DP-DNN,lira_tpr_at_1pct,,-0.5333333333333333,9,0.13922686754397814,-0.8956835405976523,0.254640389802388,
"D-15d within-pair, balanced-accuracy AL",all_pairs,AL_balanced,Diabetes,DP-GNB,yeom_advantage,,0.31666666666666665,9,0.406397014486386,-0.4558246201185339,0.8170584869066698,
"D-15d within-pair, balanced-accuracy AL",all_pairs,AL_balanced,Diabetes,DP-GNB,lira_auc,,0.16666666666666669,9,0.668231040071504,-0.5631630243270963,0.750424258414512,
"D-15d within-pair, balanced-accuracy AL",all_pairs,AL_balanced,Diabetes,DP-GNB,shokri_auc,,0.03333333333333333,9,0.9321567355405039,-0.6451982485056751,0.6824683452206413,
"D-15d within-pair, balanced-accuracy AL",all_pairs,AL_balanced,Diabetes,DP-GNB,lira_tpr_at_1pct,,-0.06666666666666667,9,0.8646897846262036,-0.7002578050228124,0.6256736731201111,
"D-15d within-pair, balanced-accuracy AL",all_pairs,AL_balanced,Diabetes,DP-LR,yeom_advantage,,-0.45,9,0.22421610749233675,-0.8678698858696136,0.34078716035057216,
"D-15d within-pair, balanced-accuracy AL",all_pairs,AL_balanced,Diabetes,DP-LR,lira_auc,,0.9166666666666666,9,0.0005066190663052083,0.5470834089274791,0.9871685853445952,
"D-15d within-pair, balanced-accuracy AL",all_pairs,AL_balanced,Diabetes,DP-LR,shokri_auc,,-0.2333333333333333,9,0.5456987782182728,-0.7812932725705493,0.517747896868221,
"D-15d within-pair, balanced-accuracy AL",all_pairs,AL_balanced,Diabetes,DP-LR,lira_tpr_at_1pct,,-0.09999999999999999,9,0.797971695234851,-0.717505794453041,0.6055182390386287,
"D-15d within-pair, balanced-accuracy AL",all_pairs,AL_balanced,Diabetes,DP-RF,yeom_advantage,,0.2025334484711311,9,0.6012470777329938,-0.5391403257929179,0.7672834241973521,
"D-15d within-pair, balanced-accuracy AL",all_pairs,AL_balanced,Diabetes,DP-RF,lira_auc,,-0.619252282479235,9,0.07534651435930134,-0.9212597276664197,0.14859952946093333,
"D-15d within-pair, balanced-accuracy AL",all_pairs,AL_balanced,Diabetes,DP-RF,shokri_auc,,0.20920685218893076,9,0.5890472411061645,-0.5345672044762053,0.7703554527579036,
"D-15d within-pair, balanced-accuracy AL",all_pairs,AL_balanced,Diabetes,DP-RF,lira_tpr_at_1pct,,0.5294117647058825,9,0.14271234057816773,-0.25901553526409593,0.8944416656482576,
"D-15d within-pair, balanced-accuracy AL",all_pairs,AL_balanced,Diabetes,DP-SVM,yeom_advantage,,0.6166666666666666,9,0.07692880993776312,-0.1521154422339326,0.9205351282692075,
"D-15d within-pair, balanced-accuracy AL",all_pairs,AL_balanced,Diabetes,DP-SVM,lira_auc,,-0.18333333333333335,9,0.6368198117628943,-0.7583316631960848,0.5521143020484701,
"D-15d within-pair, balanced-accuracy AL",all_pairs,AL_balanced,Diabetes,DP-SVM,shokri_auc,,-0.25,9,0.5164895523012261,-0.7886955505569053,0.5058563153143267,
"D-15d within-pair, balanced-accuracy AL",all_pairs,AL_balanced,Diabetes,DP-SVM,lira_tpr_at_1pct,,-0.5,9,0.1704706607870538,-0.8849175889269288,0.2907480145281928,
"D-15d within-pair, balanced-accuracy AL",all_pairs,AL_balanced,Gallstone,DP-DNN,yeom_advantage,,0.9052038109696288,9,0.0007862938555142691,0.5007314157619589,0.9852266933015028,
"D-15d within-pair, balanced-accuracy AL",all_pairs,AL_balanced,Gallstone,DP-DNN,lira_auc,,-1.0,9,0.0,-1.0,-1.0,perfect monotone rank agreement; CI degenerate at rho
"D-15d within-pair, balanced-accuracy AL",all_pairs,AL_balanced,Gallstone,DP-DNN,shokri_auc,,,9,,,,undefined: leakage series constant (zero variance)
"D-15d within-pair, balanced-accuracy AL",all_pairs,AL_balanced,Gallstone,DP-DNN,lira_tpr_at_1pct,,-0.9036961141150639,9,0.0008296808246244144,-0.9849679894089769,-0.4948447239737843,
"D-15d within-pair, balanced-accuracy AL",all_pairs,AL_balanced,Gallstone,DP-GNB,yeom_advantage,,0.25,9,0.5164895523012261,-0.5058563153143267,0.7886955505569053,
"D-15d within-pair, balanced-accuracy AL",all_pairs,AL_balanced,Gallstone,DP-GNB,lira_auc,,-0.38333333333333336,9,0.3084952723803716,-0.8434435035777011,0.40118808453581994,
"D-15d within-pair, balanced-accuracy AL",all_pairs,AL_balanced,Gallstone,DP-GNB,shokri_auc,,0.35,9,0.35581957250178897,-0.42914539519876416,0.8304970346595542,
"D-15d within-pair, balanced-accuracy AL",all_pairs,AL_balanced,Gallstone,DP-GNB,lira_tpr_at_1pct,,-0.16666666666666669,9,0.668231040071504,-0.750424258414512,0.5631630243270963,
"D-15d within-pair, balanced-accuracy AL",all_pairs,AL_balanced,Gallstone,DP-LR,yeom_advantage,,0.65,9,0.058073058017148654,-0.10493522273444046,0.9296655817141054,
"D-15d within-pair, balanced-accuracy AL",all_pairs,AL_balanced,Gallstone,DP-LR,lira_auc,,0.33333333333333337,9,0.38071318167686347,-0.4426360103413414,0.8238394151981814,
"D-15d within-pair, balanced-accuracy AL",all_pairs,AL_balanced,Gallstone,DP-LR,shokri_auc,,0.06666666666666667,9,0.8646897846262036,-0.6256736731201111,0.7002578050228124,
"D-15d within-pair, balanced-accuracy AL",all_pairs,AL_balanced,Gallstone,DP-LR,lira_tpr_at_1pct,,0.9500000000000001,9,8.762523965086185e-05,0.7002827081716563,0.9925682118389675,
"D-15d within-pair, balanced-accuracy AL",all_pairs,AL_balanced,Gallstone,DP-RF,yeom_advantage,,0.6837856599513579,9,0.042251381883015075,-0.052536253391897346,0.9384580224707949,
"D-15d within-pair, balanced-accuracy AL",all_pairs,AL_balanced,Gallstone,DP-RF,lira_auc,,-0.7458698539828915,9,0.021026303106069583,-0.9534305541207035,-0.05889458390355147,
"D-15d within-pair, balanced-accuracy AL",all_pairs,AL_balanced,Gallstone,DP-RF,shokri_auc,,0.6780635036208105,9,0.0447072359709457,-0.06177051714989139,0.9370012464185359,
"D-15d within-pair, balanced-accuracy AL",all_pairs,AL_balanced,Gallstone,DP-RF,lira_tpr_at_1pct,,-0.5085476277156078,9,0.16210889894108835,-0.88772376161489,0.28171578209730014,
"D-15d within-pair, balanced-accuracy AL",all_pairs,AL_balanced,Gallstone,DP-SVM,yeom_advantage,,0.33333333333333337,9,0.38071318167686347,-0.4426360103413414,0.8238394151981814,
"D-15d within-pair, balanced-accuracy AL",all_pairs,AL_balanced,Gallstone,DP-SVM,lira_auc,,-0.65,9,0.058073058017148654,-0.9296655817141054,0.10493522273444046,
"D-15d within-pair, balanced-accuracy AL",all_pairs,AL_balanced,Gallstone,DP-SVM,shokri_auc,,-0.09999999999999999,9,0.797971695234851,-0.717505794453041,0.6055182390386287,
"D-15d within-pair, balanced-accuracy AL",all_pairs,AL_balanced,Gallstone,DP-SVM,lira_tpr_at_1pct,,0.2677847708018314,9,0.4860296141888536,-0.49290783243154485,0.7964565727000404,
"D-15d within-pair, balanced-accuracy AL",all_pairs,AL_balanced,Kidney Stone,DP-DNN,yeom_advantage,,-1.0,9,0.0,-1.0,-1.0,perfect monotone rank agreement; CI degenerate at rho
"D-15d within-pair, balanced-accuracy AL",all_pairs,AL_balanced,Kidney Stone,DP-DNN,lira_auc,,-0.8416254115301731,9,0.004442222838201251,-0.9736375542145369,-0.2872755873547186,
"D-15d within-pair, balanced-accuracy AL",all_pairs,AL_balanced,Kidney Stone,DP-DNN,shokri_auc,,-0.5742855749264711,9,0.10583238712021263,-0.9082615267972693,0.20669363906971625,
"D-15d within-pair, balanced-accuracy AL",all_pairs,AL_balanced,Kidney Stone,DP-DNN,lira_tpr_at_1pct,,0.7854963073359155,9,0.012115415988321165,0.14327762555153079,0.9622072833333609,
"D-15d within-pair, balanced-accuracy AL",all_pairs,AL_balanced,Kidney Stone,DP-GNB,yeom_advantage,,-0.5570484990582331,9,0.11922346278102963,-0.9030540124089613,0.22739774564493365,
"D-15d within-pair, balanced-accuracy AL",all_pairs,AL_balanced,Kidney Stone,DP-GNB,lira_auc,,-0.8833333333333333,9,0.0015905004234978695,-0.9813982498625006,-0.4196988870958978,
"D-15d within-pair, balanced-accuracy AL",all_pairs,AL_balanced,Kidney Stone,DP-GNB,shokri_auc,,-0.65,9,0.058073058017148654,-0.9296655817141054,0.10493522273444046,
"D-15d within-pair, balanced-accuracy AL",all_pairs,AL_balanced,Kidney Stone,DP-GNB,lira_tpr_at_1pct,,-0.25,9,0.5164895523012261,-0.7886955505569053,0.5058563153143267,
"D-15d within-pair, balanced-accuracy AL",all_pairs,AL_balanced,Kidney Stone,DP-LR,yeom_advantage,,-0.8166666666666667,9,0.0072247852463587885,-0.9686972272167684,-0.21913024606359227,
"D-15d within-pair, balanced-accuracy AL",all_pairs,AL_balanced,Kidney Stone,DP-LR,lira_auc,,-0.4666666666666666,9,0.2053863511058121,-0.8736729341451432,0.3246085407704431,
"D-15d within-pair, balanced-accuracy AL",all_pairs,AL_balanced,Kidney Stone,DP-LR,shokri_auc,,-0.4666666666666666,9,0.2053863511058121,-0.8736729341451432,0.3246085407704431,
"D-15d within-pair, balanced-accuracy AL",all_pairs,AL_balanced,Kidney Stone,DP-LR,lira_tpr_at_1pct,,0.48333333333333334,9,0.18746985521554216,-0.30794014681079274,0.8793553508028455,
"D-15d within-pair, balanced-accuracy AL",all_pairs,AL_balanced,Kidney Stone,DP-RF,yeom_advantage,,0.7758620689655173,9,0.013986487853532084,0.12162695349689795,0.9601281706385802,
"D-15d within-pair, balanced-accuracy AL",all_pairs,AL_balanced,Kidney Stone,DP-RF,lira_auc,,0.5085476277156078,9,0.16210889894108835,-0.28171578209730014,0.88772376161489,
"D-15d within-pair, balanced-accuracy AL",all_pairs,AL_balanced,Kidney Stone,DP-RF,shokri_auc,,-0.05085476277156078,9,0.896622545113034,-0.6918876321457654,0.6350119845401837,
"D-15d within-pair, balanced-accuracy AL",all_pairs,AL_balanced,Kidney Stone,DP-RF,lira_tpr_at_1pct,,0.4766345847537369,9,0.1945608573072786,-0.3147005624812336,0.8770859166036568,
"D-15d within-pair, balanced-accuracy AL",all_pairs,AL_balanced,Kidney Stone,DP-SVM,yeom_advantage,,-0.7592566023652966,9,0.017648307110135198,-0.9564623519332872,-0.08606793535933181,
"D-15d within-pair, balanced-accuracy AL",all_pairs,AL_balanced,Kidney Stone,DP-SVM,lira_auc,,-0.7302967433402214,9,0.025463561683239266,-0.9498167077350951,-0.028813665985880588,
"D-15d within-pair, balanced-accuracy AL",all_pairs,AL_balanced,Kidney Stone,DP-SVM,shokri_auc,,-0.7074749701108396,9,0.03301307820972575,-0.9443500147923596,0.012579242004185837,
"D-15d within-pair, balanced-accuracy AL",all_pairs,AL_balanced,Kidney Stone,DP-SVM,lira_tpr_at_1pct,,0.641688947919748,9,0.0624649883411736,-0.11708903417839191,0.9274317274225836,
"D-15d within-pair, balanced-accuracy AL",all_pairs,AL_balanced,Lung Cancer,DP-DNN,yeom_advantage,,-0.4293564476313732,9,0.2487947811524876,-0.8605142907723291,0.360193487063896,
"D-15d within-pair, balanced-accuracy AL",all_pairs,AL_balanced,Lung Cancer,DP-DNN,lira_auc,,-0.019802950859533486,9,0.9596709411933118,-0.67508942959201,0.6529504902587642,
"D-15d within-pair, balanced-accuracy AL",all_pairs,AL_balanced,Lung Cancer,DP-DNN,shokri_auc,,0.22773393488463511,9,0.5556500092057025,-0.5216922083156658,0.7787782460660188,
"D-15d within-pair, balanced-accuracy AL",all_pairs,AL_balanced,Lung Cancer,DP-DNN,lira_tpr_at_1pct,,0.28714278746323557,9,0.453753297696265,-0.47849396005175776,0.8047429258202309,
"D-15d within-pair, balanced-accuracy AL",all_pairs,AL_balanced,Lung Cancer,DP-GNB,yeom_advantage,,0.33903175181040524,9,0.3721117934172025,-0.43805830969241133,0.8261295473399263,
"D-15d within-pair, balanced-accuracy AL",all_pairs,AL_balanced,Lung Cancer,DP-GNB,lira_auc,,-0.25,9,0.5164895523012261,-0.7886955505569053,0.5058563153143267,
"D-15d within-pair, balanced-accuracy AL",all_pairs,AL_balanced,Lung Cancer,DP-GNB,shokri_auc,,-0.25,9,0.5164895523012261,-0.7886955505569053,0.5058563153143267,
"D-15d within-pair, balanced-accuracy AL",all_pairs,AL_balanced,Lung Cancer,DP-GNB,lira_tpr_at_1pct,,-0.6833333333333333,9,0.04244227208707231,-0.9383433444029518,0.053271862837085925,
"D-15d within-pair, balanced-accuracy AL",all_pairs,AL_balanced,Lung Cancer,DP-LR,yeom_advantage,,-0.9623515200690814,9,3.285856459769502e-05,-0.9944773869689011,-0.7653328083343095,
"D-15d within-pair, balanced-accuracy AL",all_pairs,AL_balanced,Lung Cancer,DP-LR,lira_auc,,0.45,9,0.22421610749233675,-0.34078716035057216,0.8678698858696136,
"D-15d within-pair, balanced-accuracy AL",all_pairs,AL_balanced,Lung Cancer,DP-LR,shokri_auc,,0.45,9,0.22421610749233675,-0.34078716035057216,0.8678698858696136,
"D-15d within-pair, balanced-accuracy AL",all_pairs,AL_balanced,Lung Cancer,DP-LR,lira_tpr_at_1pct,,0.75,9,0.01994212613199253,0.06714339622647121,0.9543732720143068,
"D-15d within-pair, balanced-accuracy AL",all_pairs,AL_balanced,Lung Cancer,DP-RF,yeom_advantage,,0.5500190982169268,9,0.12496097654595263,-0.23561740625825092,0.900894262864078,
"D-15d within-pair, balanced-accuracy AL",all_pairs,AL_balanced,Lung Cancer,DP-RF,lira_auc,,0.22689075630252106,9,0.5571543537016607,-0.5222839882617821,0.77839829617025,
"D-15d within-pair, balanced-accuracy AL",all_pairs,AL_balanced,Lung Cancer,DP-RF,shokri_auc,,-0.15899720766358738,9,0.6828398157150526,-0.7467425896888753,0.568182874023227,
"D-15d within-pair, balanced-accuracy AL",all_pairs,AL_balanced,Lung Cancer,DP-RF,lira_tpr_at_1pct,,-0.02521008403361345,9,0.948669630930436,-0.6780493417586444,0.6498642302320757,
"D-15d within-pair, balanced-accuracy AL",all_pairs,AL_balanced,Lung Cancer,DP-SVM,yeom_advantage,,0.15908785971360312,9,0.6826665984244105,-0.5681237728740061,0.7467862650914326,
"D-15d within-pair, balanced-accuracy AL",all_pairs,AL_balanced,Lung Cancer,DP-SVM,lira_auc,,0.09205101496312953,9,0.8137943104130291,-0.6103837896090716,0.7134411296317944,
"D-15d within-pair, balanced-accuracy AL",all_pairs,AL_balanced,Lung Cancer,DP-SVM,shokri_auc,,0.34309923758984645,9,0.366029243023804,-0.4347688290842066,0.8277554151852513,
"D-15d within-pair, balanced-accuracy AL",all_pairs,AL_balanced,Lung Cancer,DP-SVM,lira_tpr_at_1pct,,0.2761530448893886,9,0.4719617926023864,-0.4867188265610641,0.8000592668562002,
D-15b across-pair at fixed epsilon (n=30),all_pairs,AL,n/a,n/a,yeom_advantage,0.1,0.059844271412680755,30,0.7534190208543123,-0.30735056192815724,0.4115274242067615,
D-15b across-pair at fixed epsilon (n=30),all_pairs,AL,n/a,n/a,yeom_advantage,0.2,0.060734149054505006,30,0.7498675075562046,-0.30655074358188816,0.41227741145103447,
D-15b across-pair at fixed epsilon (n=30),all_pairs,AL,n/a,n/a,yeom_advantage,0.4,0.047385984427141266,30,0.8036278011377227,-0.3185076825339782,0.4009903091548086,
D-15b across-pair at fixed epsilon (n=30),all_pairs,AL,n/a,n/a,yeom_advantage,0.8,0.03160120349654593,30,0.8683353443922532,-0.3325367255881387,0.38753924567999465,
D-15b across-pair at fixed epsilon (n=30),all_pairs,AL,n/a,n/a,yeom_advantage,1.0,-0.29417001173324353,30,0.11458532787864369,-0.5969494818227757,0.08195958921509203,
D-15b across-pair at fixed epsilon (n=30),all_pairs,AL,n/a,n/a,yeom_advantage,2.0,0.10750056707154892,30,0.571782439711563,-0.26396523543996625,0.45119601273680277,
D-15b across-pair at fixed epsilon (n=30),all_pairs,AL,n/a,n/a,yeom_advantage,4.0,-0.15958158714347945,30,0.39959679113975993,-0.49340146632818516,0.2152135873897838,
D-15b across-pair at fixed epsilon (n=30),all_pairs,AL,n/a,n/a,yeom_advantage,8.0,-0.05630982084700181,30,0.7675731618628994,-0.4085450933712198,0.31052350743490037,
D-15b across-pair at fixed epsilon (n=30),all_pairs,AL,n/a,n/a,yeom_advantage,10.0,-0.054974410075926676,30,0.7729403832988788,-0.4074168305880391,0.31172075283103623,
D-15b across-pair at fixed epsilon (n=30),all_pairs,AL,n/a,n/a,lira_auc,0.1,-0.15506117908787542,30,0.4132527884436295,-0.4897854015655349,0.21950272819407135,
D-15b across-pair at fixed epsilon (n=30),all_pairs,AL,n/a,n/a,lira_auc,0.2,-0.09187986651835373,30,0.6291762510393837,-0.43830450777758106,0.2783113774927557,
D-15b across-pair at fixed epsilon (n=30),all_pairs,AL,n/a,n/a,lira_auc,0.4,0.18887652947719688,30,0.31750632066488244,-0.1871407955159255,0.5166186247041714,
D-15b across-pair at fixed epsilon (n=30),all_pairs,AL,n/a,n/a,lira_auc,0.8,0.5047830923248053,30,0.004443713226187153,0.1539668274089999,0.7425802612921523,
D-15b across-pair at fixed epsilon (n=30),all_pairs,AL,n/a,n/a,lira_auc,1.0,0.296551724137931,30,0.11154315929129331,-0.079496270247596,0.5987097005069544,
D-15b across-pair at fixed epsilon (n=30),all_pairs,AL,n/a,n/a,lira_auc,2.0,0.3975528364849833,30,0.029590797228926376,0.02891530273903994,0.6709971366929387,
D-15b across-pair at fixed epsilon (n=30),all_pairs,AL,n/a,n/a,lira_auc,4.0,0.25739710789766407,30,0.16969526916658412,-0.11949938360724206,0.5694515133791934,
D-15b across-pair at fixed epsilon (n=30),all_pairs,AL,n/a,n/a,lira_auc,8.0,0.2200222469410456,30,0.2426901461679348,-0.15675036220400373,0.5408897273232054,
D-15b across-pair at fixed epsilon (n=30),all_pairs,AL,n/a,n/a,lira_auc,10.0,0.2596218020022247,30,0.1659071671041031,-0.11725398008286333,0.5711321594319302,
D-15b across-pair at fixed epsilon (n=30),all_pairs,AL,n/a,n/a,shokri_auc,0.1,-0.23748054878952943,30,0.20636119800365146,-0.5543080233798566,0.13945925686455993,
D-15b across-pair at fixed epsilon (n=30),all_pairs,AL,n/a,n/a,shokri_auc,0.2,-0.02336188689503514,30,0.9024732237388817,-0.3804732147497476,0.3398125290621776,
D-15b across-pair at fixed epsilon (n=30),all_pairs,AL,n/a,n/a,shokri_auc,0.4,0.13483146150848854,30,0.4774708643800002,-0.23856138413224637,0.4734930077713956,
D-15b across-pair at fixed epsilon (n=30),all_pairs,AL,n/a,n/a,shokri_auc,0.8,0.1586206896551724,30,0.4024779381652348,-0.21612626514079653,0.49263355363911815,
D-15b across-pair at fixed epsilon (n=30),all_pairs,AL,n/a,n/a,shokri_auc,1.0,0.06651835372636263,30,0.7269076460133549,-0.301342501230791,0.4171436943772065,
D-15b across-pair at fixed epsilon (n=30),all_pairs,AL,n/a,n/a,shokri_auc,2.0,0.0389321468298109,30,0.8381531181479899,-0.32603600126644144,0.3938003464087625,
D-15b across-pair at fixed epsilon (n=30),all_pairs,AL,n/a,n/a,shokri_auc,4.0,0.17063403781979977,30,0.36730916166813965,-0.20467897725162,0.5022050657100071,
D-15b across-pair at fixed epsilon (n=30),all_pairs,AL,n/a,n/a,shokri_auc,8.0,0.057174638487208,30,0.7641029227953106,-0.30974770467323054,0.4092753344174617,
D-15b across-pair at fixed epsilon (n=30),all_pairs,AL,n/a,n/a,shokri_auc,10.0,0.15061179087875418,30,0.4269456096965034,-0.22371355191731515,0.48621739996441776,
D-15b across-pair at fixed epsilon (n=30),all_pairs,AL,n/a,n/a,lira_tpr_at_1pct,0.1,0.5870967741935484,30,0.0006483309872419296,0.2587956414687069,0.7938032540241337,
D-15b across-pair at fixed epsilon (n=30),all_pairs,AL,n/a,n/a,lira_tpr_at_1pct,0.2,0.6182424916573971,30,0.00027161951235504935,0.3008842150538586,0.8123221936968711,
D-15b across-pair at fixed epsilon (n=30),all_pairs,AL,n/a,n/a,lira_tpr_at_1pct,0.4,0.37423517864237243,30,0.04161180643483645,0.0031604598377361222,0.6547210466512915,
D-15b across-pair at fixed epsilon (n=30),all_pairs,AL,n/a,n/a,lira_tpr_at_1pct,0.8,0.5434927697441602,30,0.0019095471435392854,0.20218395594593686,0.7670782401205564,
D-15b across-pair at fixed epsilon (n=30),all_pairs,AL,n/a,n/a,lira_tpr_at_1pct,1.0,0.5572858731924359,30,0.0013785162896569263,0.21981597880139855,0.7756322816485312,
D-15b across-pair at fixed epsilon (n=30),all_pairs,AL,n/a,n/a,lira_tpr_at_1pct,2.0,0.3913236929922136,30,0.03248410672971314,0.02198927676764885,0.6666736005624467,
D-15b across-pair at fixed epsilon (n=30),all_pairs,AL,n/a,n/a,lira_tpr_at_1pct,4.0,0.3552836484983315,30,0.054020768120462526,-0.017436581240566133,0.6413089411411187,
D-15b across-pair at fixed epsilon (n=30),all_pairs,AL,n/a,n/a,lira_tpr_at_1pct,8.0,0.22847608453837595,30,0.2246016425203956,-0.14840100194457545,0.5474040355994755,
D-15b across-pair at fixed epsilon (n=30),all_pairs,AL,n/a,n/a,lira_tpr_at_1pct,10.0,0.20691956964173983,30,0.27259135381055094,-0.16960541604647583,0.5307310348306375,
"D-15c across-pair at fixed epsilon, robustness subset",robustness_excluded_near_majority,AL,n/a,n/a,yeom_advantage,0.1,0.11231527093596057,29,0.5618663606136752,-0.26622804869902567,0.4608437517234733,
"D-15c across-pair at fixed epsilon, robustness subset",robustness_excluded_near_majority,AL,n/a,n/a,yeom_advantage,0.2,0.070935960591133,29,0.7146189503238103,-0.3038978540290889,0.4267523378776411,
"D-15c across-pair at fixed epsilon, robustness subset",robustness_excluded_near_majority,AL,n/a,n/a,yeom_advantage,0.4,0.05320197044334973,29,0.7840131675880627,-0.3197783634541179,0.4119061550334643,
"D-15c across-pair at fixed epsilon, robustness subset",robustness_excluded_near_majority,AL,n/a,n/a,yeom_advantage,0.8,0.04410496790088,29,0.820287436149884,-0.32786465898352596,0.40423518160527877,
"D-15c across-pair at fixed epsilon, robustness subset",robustness_excluded_near_majority,AL,n/a,n/a,yeom_advantage,1.0,-0.3118994920967557,29,0.09953103629296123,-0.6145910800434646,0.07085069444438481,
"D-15c across-pair at fixed epsilon, robustness subset",robustness_excluded_near_majority,AL,n/a,n/a,yeom_advantage,2.0,0.08477083336116677,29,0.6619569063920118,-0.29140020760460955,0.43823588468787805,
"D-15c across-pair at fixed epsilon, robustness subset",robustness_excluded_near_majority,AL,n/a,n/a,yeom_advantage,4.0,-0.19862003397994307,29,0.301655821478507,-0.5294988445938575,0.18471268869294336,
"D-15c across-pair at fixed epsilon, robustness subset",robustness_excluded_near_majority,AL,n/a,n/a,yeom_advantage,8.0,-0.04879251455090413,29,0.8015455714250976,-0.4081926182833629,0.3237029523716552,
"D-15c across-pair at fixed epsilon, robustness subset",robustness_excluded_near_majority,AL,n/a,n/a,yeom_advantage,10.0,-0.0478068071862394,29,0.805478083527135,-0.40736127063686806,0.32457897285830206,
"D-15c across-pair at fixed epsilon, robustness subset",robustness_excluded_near_majority,AL,n/a,n/a,lira_auc,0.1,-0.1758620689655172,29,0.361490560941629,-0.5117151510188668,0.2066139268477156,
"D-15c across-pair at fixed epsilon, robustness subset",robustness_excluded_near_majority,AL,n/a,n/a,lira_auc,0.2,-0.10295566502463052,29,0.5950993435567845,-0.453199588537385,0.2748254150358658,
"D-15c across-pair at fixed epsilon, robustness subset",robustness_excluded_near_majority,AL,n/a,n/a,lira_auc,0.4,0.21083743842364527,29,0.2722699893378559,-0.1728288646612727,0.5389512456369413,
"D-15c across-pair at fixed epsilon, robustness subset",robustness_excluded_near_majority,AL,n/a,n/a,lira_auc,0.8,0.5093596059113299,29,0.0047699359859378005,0.1521224680201462,0.7488873908310111,
"D-15c across-pair at fixed epsilon, robustness subset",robustness_excluded_near_majority,AL,n/a,n/a,lira_auc,1.0,0.30935960591132994,29,0.10246583497614895,-0.07349985674300027,0.612746262368658,
"D-15c across-pair at fixed epsilon, robustness subset",robustness_excluded_near_majority,AL,n/a,n/a,lira_auc,2.0,0.4310344827586206,29,0.019574157124669932,0.05925928338381423,0.6978023026675776,
"D-15c across-pair at fixed epsilon, robustness subset",robustness_excluded_near_majority,AL,n/a,n/a,lira_auc,4.0,0.25221674876847283,29,0.18685422942825977,-0.131893998831724,0.5704734213918128,
"D-15c across-pair at fixed epsilon, robustness subset",robustness_excluded_near_majority,AL,n/a,n/a,lira_auc,8.0,0.20935960591133002,29,0.2757226000098243,-0.17427112840635206,0.5378113883781129,
"D-15c across-pair at fixed epsilon, robustness subset",robustness_excluded_near_majority,AL,n/a,n/a,lira_auc,10.0,0.26945812807881764,29,0.15749397813795146,-0.11451166887640409,0.5833824850258398,
"D-15c across-pair at fixed epsilon, robustness subset",robustness_excluded_near_majority,AL,n/a,n/a,shokri_auc,0.1,-0.1981271802976107,29,0.30288148893350003,-0.529116144286703,0.18519021042910203,
"D-15c across-pair at fixed epsilon, robustness subset",robustness_excluded_near_majority,AL,n/a,n/a,shokri_auc,0.2,-0.004434043635061691,29,0.981787649385735,-0.37033951475542,0.3626626361856584,
"D-15c across-pair at fixed epsilon, robustness subset",robustness_excluded_near_majority,AL,n/a,n/a,shokri_auc,0.4,0.12439955753923079,29,0.5202568805637543,-0.2550600136880386,0.4706555425194405,
"D-15c across-pair at fixed epsilon, robustness subset",robustness_excluded_near_majority,AL,n/a,n/a,shokri_auc,0.8,0.1650246305418719,29,0.39228460940552723,-0.2169383891798614,0.5031659205120329,
"D-15c across-pair at fixed epsilon, robustness subset",robustness_excluded_near_majority,AL,n/a,n/a,shokri_auc,1.0,0.05911330049261083,29,0.7606718835048377,-0.31450210462451983,0.41687069002237676,
"D-15c across-pair at fixed epsilon, robustness subset",robustness_excluded_near_majority,AL,n/a,n/a,shokri_auc,2.0,0.014285714285714282,29,0.9413680442169833,-0.35409097370850195,0.3788248273551779,
"D-15c across-pair at fixed epsilon, robustness subset",robustness_excluded_near_majority,AL,n/a,n/a,shokri_auc,4.0,0.1630541871921182,29,0.3980401154475173,-0.21880842139089016,0.5016059313319863,
"D-15c across-pair at fixed epsilon, robustness subset",robustness_excluded_near_majority,AL,n/a,n/a,shokri_auc,8.0,0.044827586206896544,29,0.8173916541421626,-0.32722379914020633,0.40484590084307237,
"D-15c across-pair at fixed epsilon, robustness subset",robustness_excluded_near_majority,AL,n/a,n/a,shokri_auc,10.0,0.15615763546798028,29,0.4185584651784068,-0.2253363998286737,0.4961324374924354,
"D-15c across-pair at fixed epsilon, robustness subset",robustness_excluded_near_majority,AL,n/a,n/a,lira_tpr_at_1pct,0.1,0.6162561576354678,29,0.00037158642458996847,0.29099838735736877,0.8138191867732668,
"D-15c across-pair at fixed epsilon, robustness subset",robustness_excluded_near_majority,AL,n/a,n/a,lira_tpr_at_1pct,0.2,0.6389162561576353,29,0.00019115782273515178,0.3226054882630135,0.8268604194999171,
"D-15c across-pair at fixed epsilon, robustness subset",robustness_excluded_near_majority,AL,n/a,n/a,lira_tpr_at_1pct,0.4,0.36827195746762376,29,0.049335968603369605,-0.010776772271193388,0.6547807720072937,
"D-15c across-pair at fixed epsilon, robustness subset",robustness_excluded_near_majority,AL,n/a,n/a,lira_tpr_at_1pct,0.8,0.550246305418719,29,0.001984192617732821,0.20340699796862943,0.7743831554216543,
"D-15c across-pair at fixed epsilon, robustness subset",robustness_excluded_near_majority,AL,n/a,n/a,lira_tpr_at_1pct,1.0,0.5551724137931033,29,0.0017717461899003789,0.20973068933371738,0.7774000300188976,
"D-15c across-pair at fixed epsilon, robustness subset",robustness_excluded_near_majority,AL,n/a,n/a,lira_tpr_at_1pct,2.0,0.3798029556650246,29,0.04213324674094995,0.001828373896533497,0.6628220766425127,
"D-15c across-pair at fixed epsilon, robustness subset",robustness_excluded_near_majority,AL,n/a,n/a,lira_tpr_at_1pct,4.0,0.38768472906403934,29,0.037712092654680354,0.01050994978055327,0.6682831776814074,
"D-15c across-pair at fixed epsilon, robustness subset",robustness_excluded_near_majority,AL,n/a,n/a,lira_tpr_at_1pct,8.0,0.25418719211822655,29,0.1833185770795976,-0.12991742234692544,0.5719554647280655,
"D-15c across-pair at fixed epsilon, robustness subset",robustness_excluded_near_majority,AL,n/a,n/a,lira_tpr_at_1pct,10.0,0.2086463866054029,29,0.27739890259055383,-0.1749667083054101,0.5372609334987487,
"D-15d across-pair at fixed epsilon, balanced-accuracy AL",all_pairs,AL_balanced,n/a,n/a,yeom_advantage,0.1,0.029143492769744164,30,0.8784968881047432,-0.3347103896829092,0.3854347462954621,
"D-15d across-pair at fixed epsilon, balanced-accuracy AL",all_pairs,AL_balanced,n/a,n/a,yeom_advantage,0.2,-0.03492769744160178,30,0.8546147402882804,-0.3903833044971865,0.3295901217233707,
"D-15d across-pair at fixed epsilon, balanced-accuracy AL",all_pairs,AL_balanced,n/a,n/a,yeom_advantage,0.4,0.017130144605116793,30,0.9284101765283992,-0.34529427006834423,0.3751083235494915,
"D-15d across-pair at fixed epsilon, balanced-accuracy AL",all_pairs,AL_balanced,n/a,n/a,yeom_advantage,0.8,0.002893067925740121,30,0.9878944326012369,-0.35774971877307066,0.36278485201918664,
"D-15d across-pair at fixed epsilon, balanced-accuracy AL",all_pairs,AL_balanced,n/a,n/a,yeom_advantage,1.0,-0.23987539534677496,30,0.20168632537262055,-0.5561382042940448,0.13707255645737457,
"D-15d across-pair at fixed epsilon, balanced-accuracy AL",all_pairs,AL_balanced,n/a,n/a,yeom_advantage,2.0,0.15379480713548715,30,0.4171247410667753,-0.22070230147890108,0.4887707709904517,
"D-15d across-pair at fixed epsilon, balanced-accuracy AL",all_pairs,AL_balanced,n/a,n/a,yeom_advantage,4.0,-0.13776987788258546,30,0.4678352515997203,-0.4758706655018218,0.23580673517652198,
"D-15d across-pair at fixed epsilon, balanced-accuracy AL",all_pairs,AL_balanced,n/a,n/a,yeom_advantage,8.0,0.009570443859371851,30,0.9599684874271562,-0.3519197168305304,0.3685763282055361,
"D-15d across-pair at fixed epsilon, balanced-accuracy AL",all_pairs,AL_balanced,n/a,n/a,yeom_advantage,10.0,-0.012241265401522134,30,0.9488098220849929,-0.3708870603591766,0.34958201553969176,
"D-15d across-pair at fixed epsilon, balanced-accuracy AL",all_pairs,AL_balanced,n/a,n/a,lira_auc,0.1,-0.1003337041156841,30,0.5978232057695443,-0.44529470639338337,0.27056273963147454,
"D-15d across-pair at fixed epsilon, balanced-accuracy AL",all_pairs,AL_balanced,n/a,n/a,lira_auc,0.2,-0.0843159065628476,30,0.6577771651218055,-0.4320232953739967,0.2852138220174842,
"D-15d across-pair at fixed epsilon, balanced-accuracy AL",all_pairs,AL_balanced,n/a,n/a,lira_auc,0.4,0.19288097886540603,30,0.3071634918780162,-0.18326543629685538,0.5197630475397418,
"D-15d across-pair at fixed epsilon, balanced-accuracy AL",all_pairs,AL_balanced,n/a,n/a,lira_auc,0.8,0.5612903225806452,30,0.0012507698247352008,0.22498163461677428,0.7780983842823223,
"D-15d across-pair at fixed epsilon, balanced-accuracy AL",all_pairs,AL_balanced,n/a,n/a,lira_auc,1.0,0.4068965517241379,30,0.025646565951533792,0.03936857370064051,0.6774488185677415,
"D-15d across-pair at fixed epsilon, balanced-accuracy AL",all_pairs,AL_balanced,n/a,n/a,lira_auc,2.0,0.4197997775305895,30,0.020916166257504584,0.05393365214115733,0.68629173370992,
"D-15d across-pair at fixed epsilon, balanced-accuracy AL",all_pairs,AL_balanced,n/a,n/a,lira_auc,4.0,0.21201334816462733,30,0.26069627529010747,-0.1646201621386583,0.5346892782413243,
"D-15d across-pair at fixed epsilon, balanced-accuracy AL",all_pairs,AL_balanced,n/a,n/a,lira_auc,8.0,0.19332591768631813,30,0.3060274612274574,-0.18283426689583368,0.5201119937086905,
"D-15d across-pair at fixed epsilon, balanced-accuracy AL",all_pairs,AL_balanced,n/a,n/a,lira_auc,10.0,0.2609566184649611,30,0.16366337442602302,-0.11590518423712075,0.5721394946434631,
"D-15d across-pair at fixed epsilon, balanced-accuracy AL",all_pairs,AL_balanced,n/a,n/a,shokri_auc,0.1,-0.14667261635641976,30,0.439273921281856,-0.4830512978419221,0.2274325247349153,
"D-15d across-pair at fixed epsilon, balanced-accuracy AL",all_pairs,AL_balanced,n/a,n/a,shokri_auc,0.2,-0.0022249416090509657,30,0.9906899594489735,-0.3622042351603709,0.35833191851083124,
"D-15d across-pair at fixed epsilon, balanced-accuracy AL",all_pairs,AL_balanced,n/a,n/a,shokri_auc,0.4,0.10590722059082595,30,0.5775275854208706,-0.26543427362774347,0.4498859864128193,
"D-15d across-pair at fixed epsilon, balanced-accuracy AL",all_pairs,AL_balanced,n/a,n/a,shokri_auc,0.8,0.1884315906562848,30,0.31866868599863013,-0.18757081857967195,0.5162688102875796,
"D-15d across-pair at fixed epsilon, balanced-accuracy AL",all_pairs,AL_balanced,n/a,n/a,shokri_auc,1.0,0.0731924360400445,30,0.7007018454903046,-0.2953126022285329,0.42274007210131587,
"D-15d across-pair at fixed epsilon, balanced-accuracy AL",all_pairs,AL_balanced,n/a,n/a,shokri_auc,2.0,0.041156840934371525,30,0.829036166887799,-0.3240581835200712,0.3956955691712827,
"D-15d across-pair at fixed epsilon, balanced-accuracy AL",all_pairs,AL_balanced,n/a,n/a,shokri_auc,4.0,0.21913236929922134,30,0.24464891217929427,-0.15762670156472733,0.5402021812914639,
"D-15d across-pair at fixed epsilon, balanced-accuracy AL",all_pairs,AL_balanced,n/a,n/a,shokri_auc,8.0,0.07363737486095662,30,0.6989663216022933,-0.2949098287693985,0.42311245789617924,
"D-15d across-pair at fixed epsilon, balanced-accuracy AL",all_pairs,AL_balanced,n/a,n/a,shokri_auc,10.0,0.19332591768631813,30,0.3060274612274574,-0.18283426689583368,0.5201119937086905,
"D-15d across-pair at fixed epsilon, balanced-accuracy AL",all_pairs,AL_balanced,n/a,n/a,lira_tpr_at_1pct,0.1,0.6662958843159065,30,5.831408260111191e-05,0.3688479451318804,0.8399532433859869,
"D-15d across-pair at fixed epsilon, balanced-accuracy AL",all_pairs,AL_balanced,n/a,n/a,lira_tpr_at_1pct,0.2,0.6685205784204672,30,5.39450628955079e-05,0.37209047791065625,0.8412046588945546,
"D-15d across-pair at fixed epsilon, balanced-accuracy AL",all_pairs,AL_balanced,n/a,n/a,lira_tpr_at_1pct,0.4,0.39136722903206483,30,0.03246311891967608,0.02203756594912534,0.6667038802559693,
"D-15d across-pair at fixed epsilon, balanced-accuracy AL",all_pairs,AL_balanced,n/a,n/a,lira_tpr_at_1pct,0.8,0.6022246941045606,30,0.00042967106606026323,0.27905734368583496,0.8028578153521198,
"D-15d across-pair at fixed epsilon, balanced-accuracy AL",all_pairs,AL_balanced,n/a,n/a,lira_tpr_at_1pct,1.0,0.5799777530589544,30,0.0007814168616554102,0.2493750996047505,0.7895034149829955,
"D-15d across-pair at fixed epsilon, balanced-accuracy AL",all_pairs,AL_balanced,n/a,n/a,lira_tpr_at_1pct,2.0,0.4229143492769744,30,0.019889229175108065,0.057472345987876414,0.6884146301990886,
"D-15d across-pair at fixed epsilon, balanced-accuracy AL",all_pairs,AL_balanced,n/a,n/a,lira_tpr_at_1pct,4.0,0.37441601779755285,30,0.04150548297781975,0.0033584234058068223,0.6548482364810779,
"D-15d across-pair at fixed epsilon, balanced-accuracy AL",all_pairs,AL_balanced,n/a,n/a,lira_tpr_at_1pct,8.0,0.2578420467185762,30,0.168932789896751,-0.11905056134273229,0.5697878179532252,
"D-15d across-pair at fixed epsilon, balanced-accuracy AL",all_pairs,AL_balanced,n/a,n/a,lira_tpr_at_1pct,10.0,0.25586828504086107,30,0.17233374906433818,-0.12104056763459453,0.5682952929295264,
D-15a pooled over all paired points,all_pairs,AL,n/a,n/a,yeom_advantage,,-0.0707085617790197,270,0.24689683691367875,-0.18863790296356364,0.04923109133021953,points are not independent (9 epsilons nested in 30 pairs)
D-15a pooled over all paired points,all_pairs,AL,n/a,n/a,lira_auc,,0.11125897668540016,270,0.06794659806249483,-0.008596766902272516,0.22796320095018094,points are not independent (9 epsilons nested in 30 pairs)
D-15a pooled over all paired points,all_pairs,AL,n/a,n/a,shokri_auc,,0.0287046521717913,270,0.6386593750423859,-0.0910075049687998,0.14759902302967923,points are not independent (9 epsilons nested in 30 pairs)
D-15a pooled over all paired points,all_pairs,AL,n/a,n/a,lira_tpr_at_1pct,,0.4203068844601944,270,5.552209621631601e-13,0.3121551854128615,0.517703955173348,points are not independent (9 epsilons nested in 30 pairs)
"D-15a pooled, balanced-accuracy AL",all_pairs,AL_balanced,n/a,n/a,yeom_advantage,,-0.061630551607799004,270,0.31299653785637066,-0.17979463491585834,0.058286791481999584,points are not independent (9 epsilons nested in 30 pairs)
"D-15a pooled, balanced-accuracy AL",all_pairs,AL_balanced,n/a,n/a,lira_auc,,0.14013847162547566,270,0.02125608881150661,0.020528617333688094,0.2557934527774321,points are not independent (9 epsilons nested in 30 pairs)
"D-15a pooled, balanced-accuracy AL",all_pairs,AL_balanced,n/a,n/a,shokri_auc,,0.047961687747696935,270,0.4325201788064847,-0.07189404033723554,0.1664519958798828,points are not independent (9 epsilons nested in 30 pairs)
"D-15a pooled, balanced-accuracy AL",all_pairs,AL_balanced,n/a,n/a,lira_tpr_at_1pct,,0.4549690780997993,270,3.3601909109456254e-15,0.3495635330314342,0.5490015395147079,points are not independent (9 epsilons nested in 30 pairs)
"D-15a pooled, robustness subset",robustness_excluded_near_majority,AL,n/a,n/a,yeom_advantage,,-0.07006901586833085,261,0.25933974657871584,-0.19001789510911393,0.05194089574449719,points are not independent (9 epsilons nested in 30 pairs)
"D-15a pooled, robustness subset",robustness_excluded_near_majority,AL,n/a,n/a,lira_auc,,0.12085797284956512,261,0.05113999076389856,-0.00101517238350173,0.23919343753329006,points are not independent (9 epsilons nested in 30 pairs)
"D-15a pooled, robustness subset",robustness_excluded_near_majority,AL,n/a,n/a,shokri_auc,,0.017221938172002467,261,0.7818461377528056,-0.10442535699529769,0.13836150742301,points are not independent (9 epsilons nested in 30 pairs)
"D-15a pooled, robustness subset",robustness_excluded_near_majority,AL,n/a,n/a,lira_tpr_at_1pct,,0.4304306895868151,261,3.3897582744564854e-13,0.32110310740591247,0.5284368038785184,points are not independent (9 epsilons nested in 30 pairs)
D-15b trend of per-epsilon rho against epsilon (n=9),all_pairs,see subset,n/a,n/a,yeom_advantage,,-0.5166666666666667,9,0.15439012098622507,-0.8903601408134023,0.2729949929181571,"Spearman of the per-epsilon rho against epsilon, n=9 budgets"
D-15b trend of per-epsilon rho against epsilon (n=9),all_pairs,see subset,n/a,n/a,yeom_advantage,,0.06666666666666667,9,0.8646897846262036,-0.6256736731201111,0.7002578050228124,"Spearman of the per-epsilon abs_rho against epsilon, n=9 budgets"
D-15b trend of per-epsilon rho against epsilon (n=9),all_pairs,see subset,n/a,n/a,lira_auc,,0.48333333333333334,9,0.18746985521554216,-0.30794014681079274,0.8793553508028455,"Spearman of the per-epsilon rho against epsilon, n=9 budgets"
D-15b trend of per-epsilon rho against epsilon (n=9),all_pairs,see subset,n/a,n/a,lira_auc,,0.4666666666666666,9,0.2053863511058121,-0.3246085407704431,0.8736729341451432,"Spearman of the per-epsilon abs_rho against epsilon, n=9 budgets"
D-15b trend of per-epsilon rho against epsilon (n=9),all_pairs,see subset,n/a,n/a,shokri_auc,,0.5166666666666667,9,0.15439012098622507,-0.2729949929181571,0.8903601408134023,"Spearman of the per-epsilon rho against epsilon, n=9 budgets"
D-15b trend of per-epsilon rho against epsilon (n=9),all_pairs,see subset,n/a,n/a,shokri_auc,,-0.08333333333333334,9,0.831214097710308,-0.7089486377732402,0.6156769091154475,"Spearman of the per-epsilon abs_rho against epsilon, n=9 budgets"
D-15b trend of per-epsilon rho against epsilon (n=9),all_pairs,see subset,n/a,n/a,lira_tpr_at_1pct,,-0.8666666666666667,9,0.002495398285990204,-0.9783702508350078,-0.36364311977874886,"Spearman of the per-epsilon rho against epsilon, n=9 budgets"
D-15b trend of per-epsilon rho against epsilon (n=9),all_pairs,see subset,n/a,n/a,lira_tpr_at_1pct,,-0.8666666666666667,9,0.002495398285990204,-0.9783702508350078,-0.36364311977874886,"Spearman of the per-epsilon abs_rho against epsilon, n=9 budgets"
D-15b trend of per-epsilon rho against epsilon (n=9),robustness_excluded_near_majority,see subset,n/a,n/a,yeom_advantage,,-0.6166666666666666,9,0.07692880993776312,-0.9205351282692075,0.1521154422339326,"Spearman of the per-epsilon rho against epsilon, n=9 budgets"
D-15b trend of per-epsilon rho against epsilon (n=9),robustness_excluded_near_majority,see subset,n/a,n/a,yeom_advantage,,-0.21666666666666667,9,0.5755148957119259,-0.7737655492788502,0.5294151709399537,"Spearman of the per-epsilon abs_rho against epsilon, n=9 budgets"
D-15b trend of per-epsilon rho against epsilon (n=9),robustness_excluded_near_majority,see subset,n/a,n/a,lira_auc,,0.39999999999999997,9,0.286105101908313,-0.3866824967790238,0.8497329413584297,"Spearman of the per-epsilon rho against epsilon, n=9 budgets"
D-15b trend of per-epsilon rho against epsilon (n=9),robustness_excluded_near_majority,see subset,n/a,n/a,lira_auc,,0.38333333333333336,9,0.3084952723803716,-0.40118808453581994,0.8434435035777011,"Spearman of the per-epsilon abs_rho against epsilon, n=9 budgets"
D-15b trend of per-epsilon rho against epsilon (n=9),robustness_excluded_near_majority,see subset,n/a,n/a,shokri_auc,,0.4666666666666666,9,0.2053863511058121,-0.3246085407704431,0.8736729341451432,"Spearman of the per-epsilon rho against epsilon, n=9 budgets"
D-15b trend of per-epsilon rho against epsilon (n=9),robustness_excluded_near_majority,see subset,n/a,n/a,shokri_auc,,-0.13333333333333333,9,0.7323675052362973,-0.7342247198359427,0.5846958499554477,"Spearman of the per-epsilon abs_rho against epsilon, n=9 budgets"
D-15b trend of per-epsilon rho against epsilon (n=9),robustness_excluded_near_majority,see subset,n/a,n/a,lira_tpr_at_1pct,,-0.7833333333333333,9,0.012519873019449885,-0.9617435373970705,-0.13834831853875343,"Spearman of the per-epsilon rho against epsilon, n=9 budgets"
D-15b trend of per-epsilon rho against epsilon (n=9),robustness_excluded_near_majority,see subset,n/a,n/a,lira_tpr_at_1pct,,-0.7833333333333333,9,0.012519873019449885,-0.9617435373970705,-0.13834831853875343,"Spearman of the per-epsilon abs_rho against epsilon, n=9 budgets"
D-15b trend of per-epsilon rho against epsilon (n=9),all_pairs_balanced_AL,see subset,n/a,n/a,yeom_advantage,,-0.21666666666666667,9,0.5755148957119259,-0.7737655492788502,0.5294151709399537,"Spearman of the per-epsilon rho against epsilon, n=9 budgets"
D-15b trend of per-epsilon rho against epsilon (n=9),all_pairs_balanced_AL,see subset,n/a,n/a,yeom_advantage,,-0.11666666666666665,9,0.765007942926146,-0.7259307276512621,0.5951929453047241,"Spearman of the per-epsilon abs_rho against epsilon, n=9 budgets"
D-15b trend of per-epsilon rho against epsilon (n=9),all_pairs_balanced_AL,see subset,n/a,n/a,lira_auc,,0.48333333333333334,9,0.18746985521554216,-0.30794014681079274,0.8793553508028455,"Spearman of the per-epsilon rho against epsilon, n=9 budgets"
D-15b trend of per-epsilon rho against epsilon (n=9),all_pairs_balanced_AL,see subset,n/a,n/a,lira_auc,,0.4666666666666666,9,0.2053863511058121,-0.3246085407704431,0.8736729341451432,"Spearman of the per-epsilon abs_rho against epsilon, n=9 budgets"
D-15b trend of per-epsilon rho against epsilon (n=9),all_pairs_balanced_AL,see subset,n/a,n/a,shokri_auc,,0.65,9,0.058073058017148654,-0.10493522273444046,0.9296655817141054,"Spearman of the per-epsilon rho against epsilon, n=9 budgets"
D-15b trend of per-epsilon rho against epsilon (n=9),all_pairs_balanced_AL,see subset,n/a,n/a,shokri_auc,,0.33333333333333337,9,0.38071318167686347,-0.4426360103413414,0.8238394151981814,"Spearman of the per-epsilon abs_rho against epsilon, n=9 budgets"
D-15b trend of per-epsilon rho against epsilon (n=9),all_pairs_balanced_AL,see subset,n/a,n/a,lira_tpr_at_1pct,,-0.8833333333333333,9,0.0015905004234978695,-0.9813982498625006,-0.4196988870958978,"Spearman of the per-epsilon rho against epsilon, n=9 budgets"
D-15b trend of per-epsilon rho against epsilon (n=9),all_pairs_balanced_AL,see subset,n/a,n/a,lira_tpr_at_1pct,,-0.8833333333333333,9,0.0015905004234978695,-0.9813982498625006,-0.4196988870958978,"Spearman of the per-epsilon abs_rho against epsilon, n=9 budgets"
