epsilon,accuracy_mean,accuracy_std,f1_score_mean,f1_score_std,precision_mean,precision_std,recall_mean,recall_std,balanced_accuracy_mean,balanced_accuracy_std,roc_auc_mean,roc_auc_std,train_time_mean,train_time_std,accuracy_loss_mean,accuracy_loss_pct
0.1,0.6784166666666668,0.1290300083529237,0.5187193046996016,0.23194592945460812,0.6819621769927465,0.28186223846784136,0.5069222577209798,0.27092618267773894,0.6477800884771908,0.12324793138274978,0.7017115940983134,0.18156108074534766,0.005372215201108096,0.00016278662671710245,0.21158333333333335,21.158333333333335
0.2,0.7720833333333333,0.14309646124982345,0.6858886161004804,0.18467800734683953,0.8321543887510658,0.22574705165215095,0.6559105431309905,0.22653259201783615,0.7513296726606354,0.12197726031223742,0.8088249765467654,0.15735115622694842,0.005033026429009624,0.00012994434397563232,0.11791666666666678,11.791666666666679
0.4,0.8528333333333333,0.07041168621440305,0.7928095426069709,0.06107004669037791,0.9390792414384296,0.11439683359676091,0.7022364217252398,0.08436924814989112,0.8259299836210048,0.0551298949042281,0.8762779006020209,0.06274950520820782,0.004814465330370391,9.244126471381562e-05,0.03716666666666679,3.716666666666679
0.6,0.8714583333333333,0.04887279762017131,0.799318176755877,0.11786164403635532,0.9718422350858077,0.024656496204770756,0.6921192758253463,0.12716426446895282,0.8394203497538779,0.06266766967142756,0.8911282263231668,0.0532386648941332,0.004742037562148956,5.9423233673977646e-05,0.01854166666666679,1.854166666666679
0.8,0.8618750000000002,0.07268062987022976,0.8164405756701671,0.054121630143180915,0.9206667733279601,0.13205789593543174,0.7500532481363155,0.05802444307880951,0.8418986295438594,0.0535508173393721,0.9022838748898409,0.041218679655104264,0.004666533333753857,6.230567610039386e-05,0.028124999999999956,2.8124999999999956
1.0,0.8772916666666668,0.0470339896304317,0.8287049846973726,0.03651412268338319,0.9501658581993592,0.09211412618928985,0.7415335463258788,0.029986029744031473,0.8530391893162592,0.03471306932112471,0.9072109129157891,0.035638649970536986,0.004639209632296115,8.085976361304325e-05,0.012708333333333321,1.2708333333333321
1.2,0.8821250000000002,0.016971636878431427,0.8307905707518745,0.016013133266197462,0.9561009651518231,0.05347231060699039,0.7364217252396167,0.014796851344293193,0.8560958728867489,0.011615150066442282,0.9195394418895546,0.026010104528745224,0.004613166665270303,7.118993932547455e-05,0.007874999999999965,0.7874999999999965
1.4,0.8734166666666668,0.05810992934851057,0.8214252381482595,0.05565480769535199,0.9567315333180235,0.09475950830947348,0.7291799787007455,0.06129237517652698,0.847649537604993,0.04689946062993242,0.9130026044570987,0.044246203028107445,0.004614609668108945,8.501158351230884e-05,0.016583333333333283,1.6583333333333283
1.6,0.8702083333333335,0.0518893889013501,0.8212439928929484,0.04074526159380371,0.9388702446323343,0.10960482649104725,0.740468583599574,0.04327222828737086,0.8470310063788425,0.03651385750903222,0.9080651792177006,0.04127944631819904,0.004597931998432614,0.00010044852567521901,0.019791666666666652,1.9791666666666652
1.8,0.8867083333333335,0.008045983297411354,0.8351497831926262,0.009135226614234462,0.9712727663604618,0.027127386571777427,0.7328008519701811,0.002402665425490655,0.8592135676688689,0.0062522513383954465,0.9231956316847185,0.021655113470808195,0.004556367999369589,7.976604310996419e-05,0.0032916666666665817,0.32916666666665817
2.0,0.8823750000000001,0.029725042052114924,0.832472462172247,0.021991342955653515,0.962470690624309,0.07102323183867473,0.738125665601704,0.030903926536813776,0.856605611719401,0.01899378041242334,0.9242330409606095,0.02436884338325415,0.004547816602280363,5.178360916519794e-05,0.007624999999999993,0.7624999999999993
4.0,0.8893333333333334,0.004338938682314946,0.8381992374962499,0.005082079653022004,0.9797577144962105,0.014529353142484313,0.7324813631522897,0.003589414173877052,0.8613125501593074,0.003535149766641124,0.939540513412626,0.013117842775119501,0.004462316634211068,6.349100684531688e-05,0.0006666666666667043,0.06666666666667043
6.0,0.8846250000000001,0.02444626334773204,0.8350720243747246,0.015958419790170337,0.9671849366377739,0.06592301791410685,0.7398296059637912,0.04012253254774317,0.8587580610243325,0.013048650262400983,0.9324079966236091,0.015388954729225808,0.004405823700168791,6.057788054365009e-05,0.005375000000000019,0.5375000000000019
8.0,0.8887916666666668,0.005650251960950256,0.837747737642897,0.005077689755508452,0.9775386163688474,0.023830320795894595,0.7333333333333333,0.0075934157486585415,0.861019849418207,0.003288897660344078,0.9366815149149451,0.012533688495571682,0.004448470736194091,6.532036910257174e-05,0.0012083333333333668,0.12083333333333668
10.0,0.8840416666666667,0.03208660697584308,0.8340819787600341,0.025557238616727807,0.9697887926629877,0.07024314929396049,0.7354632587859425,0.02064599926057957,0.8574989120760653,0.022666202986995492,0.9343356447616736,0.011795794195790195,0.004408822128122362,6.784257094592002e-05,0.005958333333333399,0.5958333333333399
