dataset,dataset_dir,model,model_key,epsilon,accuracy_mean,balanced_accuracy_mean,AL_mean,AL_exported,utility_n_runs,yeom_advantage,lira_auc,shokri_auc,lira_tpr_at_1pct,baseline_accuracy,baseline_balanced_accuracy,AL_balanced
Breast Cancer,BCP,DP-DNN,DNN,0.1,0.5988304093567252,0.5473214285714286,0.384800240312406,0.3511565034544908,,-0.0052053209947946,0.5001503759398497,0.5,0.0210989010989011,0.9733918128654968,0.9647156084656086,0.43266033661262127
Breast Cancer,BCP,DP-DNN,DNN,0.2,0.6669590643274854,0.55,0.3148092520276357,0.3511565034544908,,-0.0052053209947946,0.5005822247927512,0.5,0.0210989010989011,0.9733918128654968,0.9647156084656086,0.4298837966612964
Breast Cancer,BCP,DP-DNN,DNN,0.4,0.6333333333333333,0.5023809523809525,0.349354160408531,0.3511565034544908,,-0.0052053209947946,0.5010333526123001,0.5,0.021098901098901,0.9733918128654968,0.9647156084656086,0.47924450690707154
Breast Cancer,BCP,DP-DNN,DNN,0.8,0.631578947368421,0.5,0.3511565034544908,0.3511565034544908,,-0.0052053209947946,0.503165606323501,0.5005205320994794,0.0219780219780219,0.9733918128654968,0.9647156084656086,0.4817125424193604
Breast Cancer,BCP,DP-DNN,DNN,1.0,0.6318713450292397,0.5003968253968254,0.3508561129468308,0.3511565034544908,,-0.0052053209947946,0.5044457297088876,0.5010410641989589,0.0215384615384615,0.9733918128654968,0.9647156084656086,0.4813012031673123
Breast Cancer,BCP,DP-DNN,DNN,2.0,0.6336257309941521,0.5027777777777778,0.349053769900871,0.3511565034544908,,-0.0052053209947946,0.5077617119722383,0.5005205320994794,0.0210989010989011,0.9733918128654968,0.9647156084656086,0.47883316765502354
Breast Cancer,BCP,DP-DNN,DNN,4.0,0.6801169590643277,0.5658730158730159,0.3012916791829375,0.3511565034544908,,-0.0052053209947946,0.5090649701176015,0.5042722190090612,0.0215384615384615,0.9733918128654968,0.9647156084656086,0.4134302265793714
Breast Cancer,BCP,DP-DNN,DNN,8.0,0.8453216374269005,0.790079365079365,0.1315710423550615,0.2159807750075096,,0.0123770965876229,0.5095469442837863,0.5007653749759013,0.0193406593406593,0.9733918128654968,0.9647156084656086,0.18102354917217986
Breast Cancer,BCP,DP-DNN,DNN,10.0,0.8687134502923975,0.8218253968253971,0.1075398017422649,0.134875337939321,,0.0213418160786581,0.5092423366107577,0.5066030460767303,0.0206593406593406,0.9733918128654968,0.9647156084656086,0.1481164090083294
Breast Cancer,BCP,DP-GNB,GNB,0.1,0.4874269005847953,0.5039351851851852,0.4707936507936509,0.6000000000000001,30.0,0.0074031231925968,0.4966255382044854,0.497794164899428,0.0155311355311355,0.9210526315789476,0.9077380952380952,0.4448451730418943
Breast Cancer,BCP,DP-GNB,GNB,0.2,0.536842105263158,0.507010582010582,0.4171428571428571,0.2571428571428573,30.0,0.0080971659919028,0.4975457875457876,0.5021907332433648,0.0153846153846153,0.9210526315789476,0.9077380952380952,0.44145719489981783
Breast Cancer,BCP,DP-GNB,GNB,0.4,0.5517543859649122,0.4986441798941798,0.4009523809523811,0.3238095238095239,30.0,-0.0007904376325429,0.5050845061371377,0.4953528050896472,0.0216849816849816,0.9210526315789476,0.9077380952380952,0.45067395264116583
Breast Cancer,BCP,DP-GNB,GNB,0.8,0.5880116959064328,0.5354497354497354,0.3615873015873017,0.3142857142857144,30.0,-0.0052053209947946,0.5076627466101151,0.5013922627080523,0.0221978021978021,0.9210526315789476,0.9077380952380952,0.4101275045537341
Breast Cancer,BCP,DP-GNB,GNB,1.0,0.5739766081871345,0.5053240740740741,0.3768253968253969,0.3142857142857144,30.0,-0.0052053209947946,0.5047882526829894,0.5031832787095946,0.0218315018315018,0.9210526315789476,0.9077380952380952,0.4433151183970856
Breast Cancer,BCP,DP-GNB,GNB,2.0,0.6236842105263157,0.5271494708994708,0.322857142857143,0.3142857142857144,30.0,0.0123770965876229,0.5080316175053017,0.4915355696934644,0.0256410256410256,0.9210526315789476,0.9077380952380952,0.41927140255009115
Breast Cancer,BCP,DP-GNB,GNB,4.0,0.65906432748538,0.5444113756613757,0.2844444444444447,0.2476190476190477,30.0,-0.0158280316175053,0.4977302229933809,0.4996018893387314,0.0184615384615384,0.9210526315789476,0.9077380952380952,0.40025500910746814
Breast Cancer,BCP,DP-GNB,GNB,8.0,0.742982456140351,0.6649140211640211,0.1933333333333333,0.2857142857142858,30.0,0.052014652014652,0.4904029304029303,0.4922112974744553,0.0135531135531135,0.9210526315789476,0.9077380952380952,0.267504553734062
Breast Cancer,BCP,DP-GNB,GNB,10.0,0.7187134502923976,0.6509920634920635,0.2196825396825399,0.1904761904761906,30.0,-0.0136880663196452,0.4985826746353062,0.5088715378189063,0.0161904761904761,0.9210526315789476,0.9077380952380952,0.2828415300546448
Breast Cancer,BCP,DP-LR,LR,0.1,0.5567251461988305,0.5272156084656084,0.3897435897435896,0.2788461538461537,30.0,-0.002737613263929,0.4971210076473235,0.5015027954501639,0.0139926739926739,0.912280701754386,0.8809523809523809,0.40153903903903904
Breast Cancer,BCP,DP-LR,LR,0.2,0.5897660818713449,0.554861111111111,0.3535256410256411,0.2596153846153846,30.0,0.0214382109118951,0.499205063941906,0.5024892359102885,0.0152380952380952,0.912280701754386,0.8809523809523809,0.37015765765765773
Breast Cancer,BCP,DP-LR,LR,0.4,0.6283625730994152,0.5936838624338623,0.3112179487179486,0.2403846153846152,30.0,-0.0004819741661846,0.5023513912987598,0.5071055844740056,0.0163369963369963,0.912280701754386,0.8809523809523809,0.32608858858858875
Breast Cancer,BCP,DP-LR,LR,0.8,0.62046783625731,0.5900793650793651,0.3198717948717948,0.2692307692307692,30.0,0.034567187198766,0.5031064841591157,0.4926675663517768,0.0172893772893772,0.912280701754386,0.8809523809523809,0.33018018018018014
Breast Cancer,BCP,DP-LR,LR,1.0,0.6789473684210526,0.6539021164021164,0.2557692307692307,0.2115384615384614,30.0,0.0258723732407943,0.5039065612749823,0.5055218173639227,0.0146520146520146,0.912280701754386,0.8809523809523809,0.25773273273273273
Breast Cancer,BCP,DP-LR,LR,2.0,0.8277777777777777,0.8034722222222224,0.0926282051282051,0.0673076923076922,30.0,0.0280701754385965,0.5023764539554014,0.4903177816335711,0.0183882783882783,0.912280701754386,0.8809523809523809,0.08795045045045026
Breast Cancer,BCP,DP-LR,LR,4.0,0.8964912280701756,0.8671296296296297,0.0173076923076921,0.0096153846153845,30.0,-0.0092924619240408,0.5038268748795065,0.5063180386864597,0.0214652014652014,0.912280701754386,0.8809523809523809,0.01569069069069059
Breast Cancer,BCP,DP-LR,LR,8.0,0.91140350877193,0.8810846560846561,0.0009615384615383,0.0096153846153845,30.0,0.0104106419895894,0.5011111111111112,0.495585437953859,0.0228571428571428,0.912280701754386,0.8809523809523809,-0.00015015015015023363
Breast Cancer,BCP,DP-LR,LR,10.0,0.9149122807017546,0.8851851851851852,-0.0028846153846155,0.0,30.0,-0.0137459032195874,0.4991028854186749,0.498982070561018,0.023076923076923,0.912280701754386,0.8809523809523809,-0.00480480480480483
Breast Cancer,BCP,DP-RF,RF,0.1,0.7005847953216374,0.6043981481481481,0.2681734880879656,0.2577886377519851,30.0,0.0034509350298823,0.5035640383008804,0.5005523423944476,0.0164835164835164,0.9573099415204676,0.9438822751322752,0.35966786953018265
Breast Cancer,BCP,DP-RF,RF,0.2,0.7078947368421054,0.604728835978836,0.2605375687232739,0.2577886377519851,30.0,-0.0140158087526509,0.4914909067540646,0.5013183600025706,0.0136263736263736,0.9573099415204676,0.9438822751322752,0.3593175209333287
Breast Cancer,BCP,DP-RF,RF,0.4,0.7029239766081871,0.5971560846560847,0.2657299938912644,0.2211362248014658,30.0,0.0013495276653171,0.493709915815179,0.5017961570593149,0.0093040293040293,0.9573099415204676,0.9438822751322752,0.36734050380128225
Breast Cancer,BCP,DP-RF,RF,0.8,0.7119883040935674,0.6097883597883597,0.2562614538790466,0.2211362248014658,30.0,0.0234625024098708,0.5051667630615,0.5026682089839984,0.0135531135531135,0.9573099415204676,0.9438822751322752,0.35395718740146465
Breast Cancer,BCP,DP-RF,RF,1.0,0.7152046783625732,0.6139880952380952,0.2529016493585825,0.2211362248014658,30.0,0.019047619047619,0.5070066191118822,0.507228648544438,0.0142857142857142,0.9573099415204676,0.9438822751322752,0.34950776022142044
Breast Cancer,BCP,DP-RF,RF,2.0,0.7178362573099417,0.617559523809524,0.2501527183872933,0.1661576053756869,30.0,0.0254867939078465,0.5063832658569501,0.5027038750722961,0.0131868131868131,0.9573099415204676,0.9438822751322752,0.3457239953753984
Breast Cancer,BCP,DP-RF,RF,4.0,0.7198830409356727,0.6203373015873017,0.2480146609651797,0.2028100183262062,30.0,0.0079429342587237,0.5084955979692822,0.5104116059379217,0.0169230769230769,0.9573099415204676,0.9438822751322752,0.34278106716182594
Breast Cancer,BCP,DP-RF,RF,8.0,0.7198830409356727,0.6203373015873017,0.2480146609651797,0.2028100183262062,30.0,0.0079429342587237,0.5087577919156867,0.5098187777135145,0.0151648351648351,0.9573099415204676,0.9438822751322752,0.34278106716182594
Breast Cancer,BCP,DP-RF,RF,10.0,0.7198830409356727,0.6203373015873017,0.2480146609651797,0.2028100183262062,30.0,0.0079429342587237,0.5087140929246193,0.5094891073838441,0.0151648351648351,0.9573099415204676,0.9438822751322752,0.34278106716182594
Breast Cancer,BCP,DP-SVM,SVM,0.1,0.6201754385964915,0.5951388888888889,0.3453703703703699,0.2962962962962961,30.0,0.0235396182764603,0.4931720326457168,0.4975936636462952,0.0192673992673992,0.9473684210526312,0.9285714285714284,0.35908119658119647
Breast Cancer,BCP,DP-SVM,SVM,0.2,0.7099415204678362,0.667195767195767,0.2506172839506171,0.2685185185185182,30.0,-0.0136880663196452,0.4972148319516741,0.5011750530171583,0.0186813186813186,0.9473684210526312,0.9285714285714284,0.28148148148148155
Breast Cancer,BCP,DP-SVM,SVM,0.4,0.4760233918128655,0.4977182539682539,0.4975308641975307,0.5185185185185184,30.0,-0.0187584345479082,0.4976402544823598,0.4992956750851487,0.0158974358974358,0.9473684210526312,0.9285714285714284,0.46399572649572646
Breast Cancer,BCP,DP-SVM,SVM,0.8,0.8266081871345029,0.7919642857142859,0.1274691358024688,0.1388888888888886,30.0,-0.0223443223443223,0.4988831051988947,0.4918350363087205,0.0185347985347985,0.9473684210526312,0.9285714285714284,0.14711538461538423
Breast Cancer,BCP,DP-SVM,SVM,1.0,0.8631578947368422,0.8280092592592592,0.0888888888888884,0.083333333333333,30.0,-0.0179679969153653,0.5010738384422596,0.5027858106805475,0.0192673992673992,0.9473684210526312,0.9285714285714284,0.10829772079772071
Breast Cancer,BCP,DP-SVM,SVM,2.0,0.8991228070175441,0.8640873015873015,0.0509259259259253,0.0648148148148145,30.0,-0.004877578561789,0.4972752393805025,0.4981479339374076,0.0182417582417582,0.9473684210526312,0.9285714285714284,0.06944444444444434
Breast Cancer,BCP,DP-SVM,SVM,4.0,0.9017543859649124,0.8666666666666667,0.0481481481481477,0.0555555555555552,30.0,-0.0071139386928861,0.4971640640061693,0.4959382430435061,0.0175824175824175,0.9473684210526312,0.9285714285714284,0.06666666666666644
Breast Cancer,BCP,DP-SVM,SVM,8.0,0.9017543859649124,0.8666666666666667,0.0481481481481477,0.0462962962962959,30.0,-0.0180836707152496,0.5021920185078079,0.5010066833751045,0.0185347985347985,0.9473684210526312,0.9285714285714284,0.06666666666666644
Breast Cancer,BCP,DP-SVM,SVM,10.0,0.9014619883040936,0.8662698412698412,0.0484567901234563,0.0462962962962959,30.0,-0.0290534027376132,0.503333975965555,0.4974677077308655,0.0178021978021977,0.9473684210526312,0.9285714285714284,0.067094017094017
Cancer Risk,CANCER_RISK,DP-DNN,DNN,0.1,0.6212222222222221,0.529655846322513,0.2966410869291735,0.3319914454648384,,-0.0391666666666666,0.51616,0.5036138888888889,0.0181666666666666,0.8832222222222222,0.871192621192621,0.3920335945942248
Cancer Risk,CANCER_RISK,DP-DNN,DNN,0.2,0.639222222222222,0.5149411316077983,0.276261164926406,0.2414140143414265,,-0.01,0.5176627777777778,0.4899783333333333,0.0194999999999999,0.8832222222222222,0.871192621192621,0.4089239060555075
Cancer Risk,CANCER_RISK,DP-DNN,DNN,0.4,0.6304444444444444,0.5006006006006006,0.2861995219524469,0.2791546106428481,,-0.0033333333333332,0.5188344444444445,0.4992194444444444,0.0205,0.8832222222222222,0.871192621192621,0.4253847100824817
Cancer Risk,CANCER_RISK,DP-DNN,DNN,0.8,0.63,0.5,0.2867027299031325,0.2867027299031325,,-0.0016666666666667,0.5188427777777778,0.4957702777777777,0.0193333333333333,0.8832222222222222,0.871192621192621,0.42607411055028915
Cancer Risk,CANCER_RISK,DP-DNN,DNN,1.0,0.6301111111111111,0.5001501501501502,0.2865769279154611,0.2867027299031325,,-0.0008333333333333,0.5179927777777777,0.4919847222222221,0.0188333333333333,0.8832222222222222,0.871192621192621,0.4259017604333373
Cancer Risk,CANCER_RISK,DP-DNN,DNN,2.0,0.6379999999999999,0.5108108108108108,0.2776449867907914,0.2489621336017109,,0.0025,0.5127022222222222,0.4885030555555555,0.018,0.8832222222222222,0.871192621192621,0.4136649021297549
Cancer Risk,CANCER_RISK,DP-DNN,DNN,4.0,0.7263333333333333,0.6325968825968826,0.1776324065920242,0.1659328217385834,,0.015,0.5040866666666667,0.5007647222222222,0.0175,0.8832222222222222,0.871192621192621,0.2738725429849397
Cancer Risk,CANCER_RISK,DP-DNN,DNN,8.0,0.8127777777777777,0.7644096477429808,0.079758460183671,0.0678072713548874,,0.01,0.4998155555555555,0.5007519444444444,0.0115,0.8832222222222222,0.871192621192621,0.12257102603033918
Cancer Risk,CANCER_RISK,DP-DNN,DNN,10.0,0.8266666666666664,0.7871442871442871,0.0640332117247455,0.0602591520946031,,-0.01,0.4990705555555556,0.4877044444444444,0.0098333333333333,0.8832222222222222,0.871192621192621,0.09647502975091289
Cancer Risk,CANCER_RISK,DP-GNB,GNB,0.1,0.6155555555555556,0.5754754754754754,0.2583668005354748,0.1686746987951804,30.0,0.005,0.5044956481481482,0.5001376851851852,0.0136111111111111,0.8299999999999996,0.7907192907192909,0.2722126774572749
Cancer Risk,CANCER_RISK,DP-GNB,GNB,0.2,0.6415555555555557,0.5995805329138663,0.2270414993306555,0.3493975903614454,30.0,-0.0441666666666666,0.4989826851851852,0.4973488425925926,0.0159444444444444,0.8299999999999996,0.7907192907192909,0.24172770292672652
Cancer Risk,CANCER_RISK,DP-GNB,GNB,0.4,0.6965555555555555,0.6524643691310358,0.1607764390896918,0.120481927710843,30.0,0.0008333333333333,0.4938661111111112,0.5027752314814814,0.0099444444444444,0.8299999999999996,0.7907192907192909,0.17484703258281362
Cancer Risk,CANCER_RISK,DP-GNB,GNB,0.8,0.724,0.6923399590066256,0.1277108433734936,0.0080321285140557,30.0,0.0,0.4964363888888888,0.5014419444444446,0.0114444444444444,0.8299999999999996,0.7907192907192909,0.12441751816017153
Cancer Risk,CANCER_RISK,DP-GNB,GNB,1.0,0.7317777777777777,0.705329138662472,0.1183400267737613,0.1445783132530117,30.0,-0.0074999999999999,0.4958521296296296,0.4993707870370371,0.0120833333333333,0.8299999999999996,0.7907192907192909,0.10799047532929457
Cancer Risk,CANCER_RISK,DP-GNB,GNB,2.0,0.8145555555555556,0.7751155917822583,0.0186077643908963,0.0602409638554212,30.0,0.0008333333333332,0.5009571296296297,0.500317175925926,0.011,0.8299999999999996,0.7907192907192909,0.01973355035114731
Cancer Risk,CANCER_RISK,DP-GNB,GNB,4.0,0.8284444444444444,0.7922732256065589,0.001874163319946,-0.0120481927710847,30.0,0.0125,0.5034012962962963,0.4992493981481481,0.0134166666666666,0.8299999999999996,0.7907192907192909,-0.001965216867106401
Cancer Risk,CANCER_RISK,DP-GNB,GNB,8.0,0.8243333333333334,0.7835573668907002,0.0068273092369472,0.0281124497991963,30.0,-0.0091666666666666,0.4985401851851852,0.4993239814814815,0.0124444444444444,0.8299999999999996,0.7907192907192909,0.009057479579226842
Cancer Risk,CANCER_RISK,DP-GNB,GNB,10.0,0.8281111111111112,0.7883526383526385,0.0022757697456486,0.0080321285140557,30.0,-0.0066666666666665,0.4976988888888888,0.4945208796296297,0.0124444444444444,0.8299999999999996,0.7907192907192909,0.0029930373451488588
Cancer Risk,CANCER_RISK,DP-LR,LR,0.1,0.6157777777777779,0.5958529958529958,0.2755555555555554,0.196078431372549,30.0,-0.0349999999999999,0.5050862962962962,0.5013859722222221,0.0163611111111111,0.85,0.8344773344773344,0.2859566446748351
Cancer Risk,CANCER_RISK,DP-LR,LR,0.2,0.6691111111111111,0.6458649125315792,0.2128104575163398,0.1254901960784314,30.0,-0.0391666666666666,0.5033790740740741,0.4968348611111111,0.0128333333333333,0.85,0.8344773344773344,0.2260246194270699
Cancer Risk,CANCER_RISK,DP-LR,LR,0.4,0.7387777777777781,0.7167715334382001,0.1308496732026139,0.0549019607843136,30.0,-0.0308333333333333,0.5007894444444445,0.501661712962963,0.0138333333333333,0.85,0.8344773344773344,0.14105332305143797
Cancer Risk,CANCER_RISK,DP-LR,LR,0.8,0.7337777777777779,0.7155298155298155,0.1367320261437907,0.0666666666666666,30.0,-0.0224999999999999,0.5051437962962964,0.5024409259259259,0.0166666666666666,0.85,0.8344773344773344,0.14254134178733605
Cancer Risk,CANCER_RISK,DP-LR,LR,1.0,0.8044444444444443,0.788779255445922,0.0535947712418302,0.0078431372549018,30.0,-0.0183333333333333,0.5010730555555556,0.5022174537037036,0.0141111111111111,0.85,0.8344773344773344,0.05476251677948199
Cancer Risk,CANCER_RISK,DP-LR,LR,2.0,0.8452222222222222,0.8303136469803135,0.0056209150326796,0.0039215686274509,30.0,-0.0024999999999999,0.505147037037037,0.494981574074074,0.0103611111111111,0.85,0.8344773344773344,0.004989575300602712
Cancer Risk,CANCER_RISK,DP-LR,LR,4.0,0.8493333333333335,0.834567901234568,0.0007843137254899,0.0,30.0,0.0033333333333332,0.5089501851851851,0.502782037037037,0.01075,0.85,0.8344773344773344,-0.00010853111701391957
Cancer Risk,CANCER_RISK,DP-LR,LR,8.0,0.8484444444444446,0.8324371991038657,0.0018300653594769,0.0,30.0,0.0016666666666667,0.5084700925925927,0.4987139814814815,0.0105277777777777,0.85,0.8344773344773344,0.002444806214834481
Cancer Risk,CANCER_RISK,DP-LR,LR,10.0,0.8485555555555558,0.8326493159826494,0.0016993464052283,0.0,30.0,0.0016666666666667,0.5075941666666667,0.5026918981481481,0.01075,0.85,0.8344773344773344,0.002190614914460219
Cancer Risk,CANCER_RISK,DP-RF,RF,0.1,0.6735555555555556,0.5796177129510462,0.2075816993464051,0.2470588235294117,30.0,0.0316666666666666,0.4944296296296296,0.5025952777777778,0.0115,0.85,0.8065923065923066,0.2813994031262005
Cancer Risk,CANCER_RISK,DP-RF,RF,0.2,0.6861111111111112,0.5839434672768006,0.1928104575163397,0.2156862745098039,30.0,-0.0083333333333333,0.5012628703703704,0.503528425925926,0.0096388888888888,0.85,0.8065923065923066,0.27603640339213437
Cancer Risk,CANCER_RISK,DP-RF,RF,0.4,0.6906666666666669,0.5865055531722199,0.1874509803921565,0.192156862745098,30.0,0.0,0.5007975,0.5024833796296296,0.0095555555555555,0.85,0.8065923065923066,0.2728599710427563
Cancer Risk,CANCER_RISK,DP-RF,RF,0.8,0.6996666666666667,0.5970565803899137,0.1768627450980392,0.1372549019607843,30.0,0.01,0.5030999074074074,0.5017524074074075,0.0143888888888888,0.85,0.8065923065923066,0.25977897940489914
Cancer Risk,CANCER_RISK,DP-RF,RF,1.0,0.6977777777777778,0.5940702607369274,0.1790849673202613,0.1647058823529412,30.0,-0.0008333333333332,0.5023329629629629,0.5006869907407407,0.0084166666666666,0.85,0.8065923065923066,0.2634813698549184
Cancer Risk,CANCER_RISK,DP-RF,RF,2.0,0.6989999999999998,0.596341579674913,0.1776470588235296,0.1490196078431371,30.0,0.03,0.4988142592592592,0.5011776851851852,0.0089166666666666,0.85,0.8065923065923066,0.2606654256419349
Cancer Risk,CANCER_RISK,DP-RF,RF,4.0,0.7004444444444444,0.5979836979836981,0.1759477124183006,0.1450980392156862,30.0,0.0433333333333333,0.4988743518518518,0.503894212962963,0.0108888888888888,0.85,0.8065923065923066,0.2586295541175427
Cancer Risk,CANCER_RISK,DP-RF,RF,8.0,0.701,0.598610515277182,0.1752941176470588,0.1450980392156862,30.0,0.0433333333333333,0.4977866666666667,0.501627037037037,0.0110555555555555,0.85,0.8065923065923066,0.2578524362497414
Cancer Risk,CANCER_RISK,DP-RF,RF,10.0,0.7008888888888888,0.5983983983983985,0.1754248366013072,0.1450980392156862,30.0,0.0433333333333333,0.4981312037037037,0.501627037037037,0.0109166666666666,0.85,0.8065923065923066,0.258115415300062
Cancer Risk,CANCER_RISK,DP-SVM,SVM,0.1,0.7084444444444445,0.6678488011821346,0.1979874213836476,0.1735849056603773,30.0,-0.0058333333333333,0.5076224074074074,0.5034562962962963,0.0125,0.8833333333333333,0.8665093665093665,0.22926534092471862
Cancer Risk,CANCER_RISK,DP-SVM,SVM,0.2,0.662111111111111,0.6341746508413176,0.2504402515723272,0.1886792452830188,30.0,-0.0016666666666667,0.5051607407407407,0.502398287037037,0.0123888888888888,0.8833333333333333,0.8665093665093665,0.2681271832109358
Cancer Risk,CANCER_RISK,DP-SVM,SVM,0.4,0.7968888888888888,0.7429381762715096,0.0978616352201259,0.1132075471698113,30.0,-0.0024999999999999,0.5047285185185185,0.4998627777777777,0.0141388888888888,0.8833333333333333,0.8665093665093665,0.14260802596473857
Cancer Risk,CANCER_RISK,DP-SVM,SVM,0.8,0.8022222222222222,0.7417179083845749,0.0918238993710691,0.0943396226415093,30.0,0.0008333333333332,0.5024843518518519,0.4983043518518519,0.0108888888888888,0.8833333333333333,0.8665093665093665,0.14401628297164254
Cancer Risk,CANCER_RISK,DP-SVM,SVM,1.0,0.8019999999999999,0.7407359740693074,0.0920754716981132,0.0943396226415093,30.0,0.0041666666666666,0.5013912037037038,0.498023611111111,0.0116388888888888,0.8833333333333333,0.8665093665093665,0.14514948978188524
Cancer Risk,CANCER_RISK,DP-SVM,SVM,2.0,0.7994444444444446,0.7357953191286524,0.0949685534591192,0.0943396226415093,30.0,0.0091666666666666,0.5057171296296297,0.5030349537037038,0.0116388888888888,0.8833333333333333,0.8665093665093665,0.15085128035866555
Cancer Risk,CANCER_RISK,DP-SVM,SVM,4.0,0.7991111111111112,0.7346632346632345,0.0953459119496853,0.0981132075471698,30.0,0.0108333333333332,0.5103891666666667,0.5002153703703704,0.0151388888888888,0.8833333333333333,0.8665093665093665,0.1521577687928049
Cancer Risk,CANCER_RISK,DP-SVM,SVM,8.0,0.7983333333333335,0.7333023499690168,0.0962264150943394,0.0943396226415093,30.0,0.0083333333333333,0.5126137962962963,0.5006291666666667,0.0168888888888888,0.8833333333333333,0.8665093665093665,0.1537283054157382
Cancer Risk,CANCER_RISK,DP-SVM,SVM,10.0,0.7982222222222224,0.7329662996329663,0.0963522012578613,0.0981132075471698,30.0,0.0074999999999999,0.5130097222222222,0.4981970833333333,0.0164999999999999,0.8833333333333333,0.8665093665093665,0.15411612619303017
Diabetes,DIABETES,DP-DNN,DNN,0.1,0.7305773628498009,0.7305816445678682,0.0275063234731085,0.026906927262799,,0.0015248544625341,0.4989572569904254,0.4998012638441428,0.0102063551005251,0.7512412476129853,0.7512453872046866,0.02750598271718673
Diabetes,DIABETES,DP-DNN,DNN,0.2,0.7358889124643421,0.7358939987323712,0.0204359587514985,0.018716225121919,,0.0010829863620286,0.4986311273443696,0.4999543733501895,0.0101179424610542,0.7512412476129853,0.7512453872046866,0.020434586000503116
Diabetes,DIABETES,DP-DNN,DNN,0.4,0.73981186788316,0.7398170845619614,0.0152139938616806,0.0149503850571465,,0.0020025115792887,0.4986324897707,0.5017009021054448,0.0098668505649567,0.7512412476129853,0.7512453872046866,0.015212476292531854
Diabetes,DIABETES,DP-DNN,DNN,0.8,0.7431077162458448,0.7431124410563644,0.0108267901862206,0.0099606469713229,,0.0013130168028774,0.4986935673405982,0.5014636739665417,0.0099870917546372,0.7512412476129853,0.7512453872046866,0.010825951529079053
Diabetes,DIABETES,DP-DNN,DNN,1.0,0.7442181200933587,0.7442226896739347,0.0093486979607975,0.0078894349356981,,0.0021087418137034,0.4986179858207037,0.5016936438773424,0.0099977012713737,0.7512412476129853,0.7512453872046866,0.009348074078541374
Diabetes,DIABETES,DP-DNN,DNN,2.0,0.7465120116934248,0.7465162199585962,0.0062952293082777,0.0045001788774028,,0.0007119796882869,0.498610325768129,0.5026448475703127,0.0100648948773716,0.7512412476129853,0.7512453872046866,0.006295103206805956
Diabetes,DIABETES,DP-DNN,DNN,4.0,0.7472947167409295,0.7472987089141991,0.0052533468903572,0.0035587188612098,,7.54537064460159e-05,0.4986361973612083,0.5022232741694259,0.0103301327957844,0.7512412476129853,0.7512453872046866,0.005253514174872563
Diabetes,DIABETES,DP-DNN,DNN,8.0,0.7477827286229577,0.747786647933027,0.0046037394791843,0.0022406748385394,,0.0006059220395466,0.4987714635095224,0.501904981913978,0.010273548706523,0.7512412476129853,0.7512453872046866,0.004604007333115576
Diabetes,DIABETES,DP-DNN,DNN,10.0,0.7477874437136055,0.7477913173367737,0.0045974630790761,0.0014875068255849,,0.001295518116245,0.4988534046864542,0.5024903531267604,0.0103159867734691,0.7512412476129853,0.7512453872046866,0.004597791782476197
Diabetes,DIABETES,DP-GNB,GNB,0.1,0.6606737864535447,0.6606678054382645,0.0764023465822955,0.0926438599960455,30.0,0.0036644741044932,0.5000467262790176,0.50058419181481,0.0097071183963126,0.7153264021500817,0.715325545346807,0.07640960156405867
Diabetes,DIABETES,DP-GNB,GNB,0.2,0.6884103071881558,0.6884100283398992,0.0376277107639578,0.0207632983982603,30.0,0.0030294188527465,0.5002745751994242,0.4999823367525103,0.0093346064753417,0.7153264021500817,0.715325545346807,0.03762694787288572
Diabetes,DIABETES,DP-GNB,GNB,0.4,0.6963505198387437,0.6963485779594674,0.0265275855250155,0.0178959857623102,30.0,0.0026064338761306,0.4997539080442876,0.5002776488293909,0.0098132135636777,0.7153264021500817,0.715325545346807,0.02652913419740823
Diabetes,DIABETES,DP-GNB,GNB,0.8,0.7095126953815686,0.7095123767878676,0.0081273482301766,0.0013842198932179,30.0,0.0038611729990207,0.4995294233981279,0.5006259366834745,0.0102287529691911,0.7153264021500817,0.715325545346807,0.008126605566869649
Diabetes,DIABETES,DP-GNB,GNB,1.0,0.7145672725558149,0.7145675209054362,0.0010612352514671,0.0113703776942856,30.0,0.0045678175388533,0.4998983800125202,0.5005606298474331,0.0097802061782752,0.7153264021500817,0.715325545346807,0.0010596915576436517
Diabetes,DIABETES,DP-GNB,GNB,2.0,0.7153971285097954,0.715396406099798,-9.887284951481944e-05,-0.0008898556456392,30.0,0.0026763123149231,0.4994800139538102,0.500403177060311,0.0097660601559598,0.7153264021500817,0.715325545346807,-9.906084502637719e-05
Diabetes,DIABETES,DP-GNB,GNB,4.0,0.7146214960982625,0.7146206547983377,0.0009854327335051,-9.887284951507668e-05,30.0,0.0028176224635773,0.4996099460375413,0.4992977879105077,0.0098945531919909,0.7153264021500817,0.715325545346807,0.0009854122406988712
Diabetes,DIABETES,DP-GNB,GNB,8.0,0.7150599995284908,0.7150591142112412,0.0003724210665092,0.0009887284951557,30.0,0.0026053608434598,0.5002322007265473,0.4990697337215358,0.0097896368598188,0.7153264021500817,0.715325545346807,0.0003724613741238893
Diabetes,DIABETES,DP-GNB,GNB,10.0,0.7151802343400052,0.715179388540879,0.0002043372223325,4.656152860937833e-16,30.0,0.0034189147048168,0.5006696272471802,0.5008072121090414,0.0096906147036113,0.7153264021500817,0.715325545346807,0.00020432208367050425
Diabetes,DIABETES,DP-LR,LR,0.1,0.707546502581512,0.7075467965829382,0.0509439332131679,0.039085475761313,30.0,0.0014670532690823,0.5008816412026863,0.4988218099398085,0.0100831668228623,0.7455265577480727,0.7455276869764054,0.05094497636634281
Diabetes,DIABETES,DP-LR,LR,0.2,0.7305820779404485,0.7305830285148436,0.0200455364766151,0.0158428991556779,30.0,0.0027928376599979,0.5010571459510954,0.5003398866836062,0.0101203001314401,0.7455265577480727,0.7455276869764054,0.020045745748453685
Diabetes,DIABETES,DP-LR,LR,0.4,0.7406912322889407,0.7406923676624882,0.0064857856623344,0.0036998387249787,30.0,0.0020324026677108,0.5006635145460695,0.4999760375629902,0.0099175404782534,0.7455265577480727,0.7455276869764054,0.006485767595738062
Diabetes,DIABETES,DP-LR,LR,0.8,0.7405639248414551,0.7405650565460726,0.0066565474496411,0.0073996774499574,30.0,0.0033413562035163,0.5008400177067732,0.4998088754768475,0.0095591745795978,0.7455265577480727,0.7455276869764054,0.006656534045649462
Diabetes,DIABETES,DP-LR,LR,1.0,0.7439847231063018,0.7439858893433348,0.0020681149796033,0.0007589412769186,30.0,0.0041365484498694,0.5002428888656465,0.5007079572331415,0.0098957320271839,0.7455265577480727,0.7455276869764054,0.0020680622061450046
Diabetes,DIABETES,DP-LR,LR,2.0,0.7451375627696444,0.7451387155064556,0.0005217721278815,9.486765961485582e-05,30.0,0.0039949644152539,0.4999084761077192,0.500386065315763,0.009979429325883,0.7455265577480727,0.7455276869764054,0.0005217398048988511
Diabetes,DIABETES,DP-LR,LR,4.0,0.7454935521135393,0.7454946976822857,4.4271574487053655e-05,-0.0001897353192295,30.0,0.0033053233162055,0.4998851675369659,0.4993549690669964,0.0100548747782316,0.7455265577480727,0.7455276869764054,4.4249589513501724e-05
Diabetes,DIABETES,DP-LR,LR,8.0,0.7454534738430346,0.745454607572998,9.80299149354602e-05,-0.0001897353192295,30.0,0.0032522719806605,0.4999722852002563,0.5002896865551134,0.0101509498464567,0.7455265577480727,0.7455276869764054,9.802372827195528e-05
Diabetes,DIABETES,DP-LR,LR,10.0,0.7454393285710919,0.7454404609670596,0.0001170034468582,9.486765961485582e-05,30.0,0.0035705649864808,0.4999685453020434,0.5006350562939307,0.0100654842949681,0.7455265577480727,0.7455276869764054,0.00011699902078687355
Diabetes,DIABETES,DP-RF,RF,0.1,0.6971096494330102,0.6971052784804782,0.0545387689848122,0.0834532374100719,30.0,0.0007594407487285,0.4996226601823827,0.5000205232297313,0.0103943793138,0.7373223000212179,0.7373250399227017,0.05454821044249356
Diabetes,DIABETES,DP-RF,RF,0.2,0.6985265341726195,0.6985224965416331,0.052617106314948,0.0691606714628297,30.0,0.0004592917498881,0.4993094977234493,0.5007508868982915,0.010425618446413,0.7373223000212179,0.7373250399227017,0.052626102844868114
Diabetes,DIABETES,DP-RF,RF,0.4,0.6991842893179621,0.6991804155962753,0.0517250199840129,0.0671462829736211,30.0,-0.0013088372280686,0.4995912505901508,0.4995855476132671,0.0101639170335791,0.7373223000212179,0.7373250399227017,0.05173379752629225
Diabetes,DIABETES,DP-RF,RF,0.8,0.699271518494943,0.6992676339355537,0.0516067146282974,0.0673381294964029,30.0,-5.347529600596701e-05,0.49979569322463,0.5000393166215765,0.0104562681614296,0.7373223000212179,0.7373250399227017,0.05161550730887671
Diabetes,DIABETES,DP-RF,RF,1.0,0.6991229931395431,0.6991189926946942,0.0518081534772182,0.0673381294964029,30.0,0.0001233387273484,0.4996300766348636,0.4999012094170826,0.0103890745554317,0.7373223000212179,0.7373250399227017,0.05181710257936288
Diabetes,DIABETES,DP-RF,RF,2.0,0.6993045241294763,0.6993006108908691,0.0515619504396483,0.067242206235012,30.0,0.0002117513668193,0.4997490015044347,0.4997991043137834,0.0103802332914846,0.7373223000212179,0.7373250399227017,0.05157078218287405
Diabetes,DIABETES,DP-RF,RF,4.0,0.6993115967654479,0.6993076976998267,0.0515523581135091,0.067242206235012,30.0,0.0002117513668193,0.4997156434032646,0.4992679445332703,0.0103566565876257,0.7373223000212179,0.7373250399227017,0.051561170670211605
Diabetes,DIABETES,DP-RF,RF,8.0,0.6993045241294763,0.6993006252305606,0.0515619504396483,0.0676258992805755,30.0,0.0002824777265336,0.4997475193103162,0.500173739538797,0.0103159867734691,0.7373223000212179,0.7373250399227017,0.05157076273461086
Diabetes,DIABETES,DP-RF,RF,10.0,0.6993045241294763,0.6993006252305606,0.0515619504396483,0.0676258992805755,30.0,0.0002824777265336,0.4997492333903801,0.500222436879615,0.0103159867734691,0.7373223000212179,0.7373250399227017,0.05157076273461086
Diabetes,DIABETES,DP-SVM,SVM,0.1,0.7253247518683547,0.7253275085506246,0.0297666351308735,0.0272469252601702,30.0,0.0003720234284753,0.5020846639860785,0.4998933698378881,0.0087493148020441,0.7475776221797864,0.7475816977247711,0.029768237025968022
Diabetes,DIABETES,DP-SVM,SVM,0.2,0.7254591319518117,0.7254619544972907,0.02958688111006,0.028003784295175,30.0,0.0001067892619249,0.5018990798591021,0.5008993908680753,0.0090216257316145,0.7475776221797864,0.7475816977247711,0.02958839588342093
Diabetes,DIABETES,DP-SVM,SVM,0.4,0.7255227856755547,0.7255256250621526,0.0295017344686217,0.0283822138126774,30.0,-0.0006181681186993,0.5022252262634771,0.5009519946689569,0.0097006348027514,0.7475776221797864,0.7475816977247711,0.02950322717870856
Diabetes,DIABETES,DP-SVM,SVM,0.8,0.7254968526769926,0.7254997072368555,0.0295364238410598,0.0288552507095553,30.0,-0.0009364311096198,0.5029652803883706,0.4996355644007463,0.0098067299701165,0.7475776221797864,0.7475816977247711,0.029537896065568576
Diabetes,DIABETES,DP-SVM,SVM,1.0,0.7255369309474974,0.7255397873417073,0.0294828129927469,0.0287606433301797,30.0,-0.0009894786933024,0.5031718816986183,0.5004000144486725,0.0097006348027514,0.7475776221797864,0.7475816977247711,0.029484283055814894
Diabetes,DIABETES,DP-SVM,SVM,2.0,0.7256312327604497,0.725634103828304,0.029356669820246,0.0291390728476821,30.0,-0.0010071574693341,0.5035133367024308,0.4995949151593024,0.0100896504164235,0.7475776221797864,0.7475816977247711,0.02935812094285295
Diabetes,DIABETES,DP-SVM,SVM,4.0,0.7257278921187261,0.7257307703569096,0.0292273730684324,0.0293282876064332,30.0,-0.0009717924135457,0.5037832154246139,0.4995568841967814,0.0102346471451558,0.7475776221797864,0.7475816977247711,0.029228815304553044
Diabetes,DIABETES,DP-SVM,SVM,8.0,0.7257514675719641,0.7257543454767846,0.0291958372753075,0.0292336802270577,30.0,-0.0010602013011541,0.5038182758291685,0.5004365065639516,0.01055646915283,0.7475776221797864,0.7475816977247711,0.029197280129271464
Diabetes,DIABETES,DP-SVM,SVM,10.0,0.7257679703892308,0.7257708484608744,0.0291737622201196,0.0292336802270577,30.0,-0.00109556260508,0.503829286545067,0.5004129021379976,0.0104998850635686,0.7475776221797864,0.7475816977247711,0.029175204971278762
Gallstone,GALLSTONE,DP-DNN,DNN,0.1,0.5020833333333333,0.5020833333333333,0.3586161011310712,0.3612774451097804,,0.0019607843137254,0.5302083333333334,0.5,0.0086274509803921,0.7828125,0.7828125,0.35861610113107123
Gallstone,GALLSTONE,DP-DNN,DNN,0.2,0.5046875,0.5046875,0.3552894211576847,0.3612774451097804,,-0.0019607843137254,0.5305269607843137,0.5,0.0086274509803921,0.7828125,0.7828125,0.3552894211576847
Gallstone,GALLSTONE,DP-DNN,DNN,0.4,0.5140625,0.5140625,0.3433133732534931,0.3612774451097804,,-0.0019607843137254,0.5308946078431374,0.5,0.0086274509803921,0.7828125,0.7828125,0.34331337325349304
Gallstone,GALLSTONE,DP-DNN,DNN,0.8,0.5213541666666667,0.5213541666666667,0.3339986693280107,0.3612774451097804,,-0.0019607843137254,0.5311519607843137,0.5,0.0086274509803921,0.7828125,0.7828125,0.33399866932801064
Gallstone,GALLSTONE,DP-DNN,DNN,1.0,0.5270833333333333,0.5270833333333333,0.3266799733865602,0.3612774451097804,,-0.0019607843137254,0.531421568627451,0.5,0.0086274509803921,0.7828125,0.7828125,0.32667997338656024
Gallstone,GALLSTONE,DP-DNN,DNN,2.0,0.5447916666666667,0.5447916666666667,0.3040585495675316,0.3612774451097804,,-0.0098039215686274,0.5323161764705883,0.5,0.0094117647058823,0.7828125,0.7828125,0.3040585495675316
Gallstone,GALLSTONE,DP-DNN,DNN,4.0,0.58125,0.58125,0.2574850299401197,0.1217564870259481,,-0.0020220588235294,0.5332720588235295,0.5,0.0094117647058823,0.7828125,0.7828125,0.25748502994011974
Gallstone,GALLSTONE,DP-DNN,DNN,8.0,0.6,0.6,0.2335329341317366,0.1616766467065868,,-0.0058210784313725,0.5342892156862746,0.5,0.0101960784313725,0.7828125,0.7828125,0.23353293413173656
Gallstone,GALLSTONE,DP-DNN,DNN,10.0,0.6046875,0.6046875,0.2275449101796407,0.1616766467065868,,-0.0487745098039216,0.5351348039215686,0.5,0.0101960784313725,0.7828125,0.7828125,0.22754491017964068
Gallstone,GALLSTONE,DP-GNB,GNB,0.1,0.5140625,0.5140625,0.06,0.0285714285714285,30.0,0.017953431372549,0.4985334967320262,0.5107587826797385,0.0145098039215686,0.546875,0.546875,0.06000000000000004
Gallstone,GALLSTONE,DP-GNB,GNB,0.2,0.4807291666666666,0.4807291666666666,0.120952380952381,0.0857142857142857,30.0,-0.0094362745098038,0.4908578431372549,0.5093831699346405,0.0155555555555555,0.546875,0.546875,0.12095238095238108
Gallstone,GALLSTONE,DP-GNB,GNB,0.4,0.5036458333333333,0.5036458333333333,0.079047619047619,0.1428571428571428,30.0,0.0375612745098039,0.5100531045751634,0.5016676879084966,0.0134640522875817,0.546875,0.546875,0.07904761904761902
Gallstone,GALLSTONE,DP-GNB,GNB,0.8,0.50625,0.50625,0.0742857142857142,0.1714285714285714,30.0,0.1001838235294118,0.5000837418300653,0.4934732434640522,0.0173856209150326,0.546875,0.546875,0.07428571428571433
Gallstone,GALLSTONE,DP-GNB,GNB,1.0,0.5052083333333334,0.5052083333333334,0.0761904761904761,0.0571428571428571,30.0,0.060906862745098,0.4993545751633987,0.500830269607843,0.0129411764705882,0.546875,0.546875,0.07619047619047613
Gallstone,GALLSTONE,DP-GNB,GNB,2.0,0.5088541666666667,0.5088541666666667,0.0695238095238094,0.0571428571428571,30.0,0.0104779411764706,0.4965604575163398,0.506437908496732,0.0116339869281045,0.546875,0.546875,0.06952380952380943
Gallstone,GALLSTONE,DP-GNB,GNB,4.0,0.5359375,0.5359375,0.0200000000000001,0.0285714285714285,30.0,-0.036642156862745,0.5034579248366013,0.4880484068627452,0.0179084967320261,0.546875,0.546875,0.02000000000000008
Gallstone,GALLSTONE,DP-GNB,GNB,8.0,0.5395833333333333,0.5395833333333333,0.0133333333333334,0.1428571428571428,30.0,0.0224877450980391,0.5011397058823529,0.4978839869281045,0.0154248366013071,0.546875,0.546875,0.013333333333333388
Gallstone,GALLSTONE,DP-GNB,GNB,10.0,0.5234375,0.5234375,0.0428571428571428,-0.0571428571428571,30.0,0.0339460784313725,0.5002798202614379,0.5028931781045752,0.0133333333333333,0.546875,0.546875,0.04285714285714286
Gallstone,GALLSTONE,DP-LR,LR,0.1,0.5046875,0.5046875,0.3408163265306123,0.3673469387755102,30.0,0.0140931372549019,0.4969546568627451,0.4879289215686275,0.0199999999999999,0.765625,0.765625,0.3408163265306123
Gallstone,GALLSTONE,DP-LR,LR,0.2,0.5041666666666667,0.5041666666666667,0.3414965986394558,0.3673469387755102,30.0,0.0063112745098039,0.495140931372549,0.505204248366013,0.0188235294117647,0.765625,0.765625,0.3414965986394558
Gallstone,GALLSTONE,DP-LR,LR,0.4,0.5119791666666667,0.5119791666666667,0.3312925170068027,0.3469387755102041,30.0,0.0101715686274509,0.4957393790849673,0.5095322712418301,0.0172549019607843,0.765625,0.765625,0.33129251700680273
Gallstone,GALLSTONE,DP-LR,LR,0.8,0.5067708333333333,0.5067708333333333,0.3380952380952381,0.4285714285714285,30.0,0.0255514705882352,0.4995741421568627,0.5086192810457517,0.0190849673202614,0.765625,0.765625,0.33809523809523817
Gallstone,GALLSTONE,DP-LR,LR,1.0,0.51875,0.51875,0.3224489795918367,0.3265306122448979,30.0,-0.0367647058823529,0.5010130718954249,0.4963265931372548,0.0147712418300653,0.765625,0.765625,0.32244897959183666
Gallstone,GALLSTONE,DP-LR,LR,2.0,0.540625,0.540625,0.2938775510204081,0.3673469387755102,30.0,-0.0246936274509803,0.4996160130718954,0.5115104166666666,0.0124183006535947,0.765625,0.765625,0.29387755102040813
Gallstone,GALLSTONE,DP-LR,LR,4.0,0.5994791666666667,0.5994791666666667,0.2170068027210884,0.2040816326530612,30.0,-0.0050857843137255,0.4960559640522876,0.5069485294117647,0.0118954248366013,0.765625,0.765625,0.21700680272108844
Gallstone,GALLSTONE,DP-LR,LR,8.0,0.6604166666666667,0.6604166666666667,0.1374149659863945,0.1632653061224489,30.0,-0.0445465686274509,0.493517156862745,0.4986672794117647,0.0115032679738562,0.765625,0.765625,0.13741496598639458
Gallstone,GALLSTONE,DP-LR,LR,10.0,0.68125,0.68125,0.110204081632653,0.1428571428571428,30.0,0.0022671568627451,0.491938316993464,0.4879799836601307,0.0113725490196078,0.765625,0.765625,0.11020408163265304
Gallstone,GALLSTONE,DP-RF,RF,0.1,0.5208333333333334,0.5208333333333334,0.371069182389937,0.4150943396226415,30.0,0.0450367647058823,0.4990543300653595,0.4999938725490195,0.0108496732026143,0.828125,0.828125,0.3710691823899371
Gallstone,GALLSTONE,DP-RF,RF,0.2,0.5291666666666667,0.5291666666666667,0.3610062893081761,0.3962264150943396,30.0,0.0607843137254902,0.506062091503268,0.4958823529411764,0.0137254901960784,0.828125,0.828125,0.3610062893081761
Gallstone,GALLSTONE,DP-RF,RF,0.4,0.5395833333333333,0.5395833333333333,0.3484276729559749,0.4150943396226415,30.0,0.0450367647058823,0.5037704248366013,0.5078349673202615,0.02,0.828125,0.828125,0.3484276729559749
Gallstone,GALLSTONE,DP-RF,RF,0.8,0.5432291666666667,0.5432291666666667,0.3440251572327044,0.3962264150943396,30.0,0.0215686274509804,0.5009722222222223,0.4899744689542483,0.0184313725490196,0.828125,0.828125,0.34402515723270444
Gallstone,GALLSTONE,DP-RF,RF,1.0,0.5442708333333334,0.5442708333333334,0.3427672955974842,0.2830188679245283,30.0,-0.040625,0.5007965686274509,0.4938899101307189,0.0215686274509803,0.828125,0.828125,0.34276729559748426
Gallstone,GALLSTONE,DP-RF,RF,2.0,0.5510416666666667,0.5510416666666667,0.3345911949685535,0.3396226415094339,30.0,0.0057598039215686,0.5111499183006536,0.4857843137254901,0.0198692810457516,0.828125,0.828125,0.3345911949685535
Gallstone,GALLSTONE,DP-RF,RF,4.0,0.5489583333333333,0.5489583333333333,0.3371069182389937,0.3018867924528302,30.0,-0.0176470588235294,0.5103819444444444,0.4985702614379085,0.0156862745098039,0.828125,0.828125,0.33710691823899375
Gallstone,GALLSTONE,DP-RF,RF,8.0,0.5489583333333333,0.5489583333333333,0.3371069182389937,0.3396226415094339,30.0,-0.0020833333333333,0.5121915849673203,0.485735294117647,0.0203921568627451,0.828125,0.828125,0.33710691823899375
Gallstone,GALLSTONE,DP-RF,RF,10.0,0.5489583333333333,0.5489583333333333,0.3371069182389937,0.3396226415094339,30.0,-0.0020833333333333,0.5121956699346406,0.4844955065359476,0.0202614379084967,0.828125,0.828125,0.33710691823899375
Gallstone,GALLSTONE,DP-SVM,SVM,0.1,0.5088541666666667,0.5088541666666667,0.3486666666666665,0.48,30.0,0.1079044117647058,0.4804146241830065,0.4938163807189543,0.0111111111111111,0.78125,0.78125,0.3486666666666666
Gallstone,GALLSTONE,DP-SVM,SVM,0.2,0.5213541666666667,0.5213541666666667,0.3326666666666666,0.52,30.0,0.1236519607843137,0.4808190359477125,0.4905300245098038,0.0099346405228758,0.78125,0.78125,0.33266666666666667
Gallstone,GALLSTONE,DP-SVM,SVM,0.4,0.53125,0.53125,0.3199999999999999,0.56,30.0,0.1314338235294118,0.4827696078431372,0.4967054738562091,0.0091503267973856,0.78125,0.78125,0.32
Gallstone,GALLSTONE,DP-SVM,SVM,0.8,0.5255208333333333,0.5255208333333333,0.3273333333333333,0.54,30.0,0.0842524509803921,0.4868239379084967,0.5066125408496732,0.01359477124183,0.78125,0.78125,0.32733333333333337
Gallstone,GALLSTONE,DP-SVM,SVM,1.0,0.5229166666666667,0.5229166666666667,0.3306666666666666,0.54,30.0,0.0885416666666666,0.4850878267973855,0.4989450571895425,0.0095424836601307,0.78125,0.78125,0.3306666666666666
Gallstone,GALLSTONE,DP-SVM,SVM,2.0,0.5927083333333333,0.5927083333333333,0.2413333333333334,0.38,30.0,0.1393995098039215,0.4976327614379084,0.507796160130719,0.0066666666666666,0.78125,0.78125,0.2413333333333334
Gallstone,GALLSTONE,DP-SVM,SVM,4.0,0.6817708333333333,0.6817708333333333,0.1273333333333333,0.22,30.0,0.0689338235294118,0.5142851307189543,0.4973059640522875,0.005359477124183,0.78125,0.78125,0.12733333333333335
Gallstone,GALLSTONE,DP-SVM,SVM,8.0,0.7161458333333334,0.7161458333333334,0.0833333333333332,0.02,30.0,-0.0444240196078431,0.53078227124183,0.5000714869281047,0.0041830065359477,0.78125,0.78125,0.08333333333333329
Gallstone,GALLSTONE,DP-SVM,SVM,10.0,0.7151041666666667,0.7151041666666667,0.0846666666666666,0.04,30.0,-0.079656862745098,0.5383476307189543,0.4968239379084966,0.0045751633986928,0.78125,0.78125,0.08466666666666668
Kidney Stone,KIDNEY_STONE,DP-DNN,DNN,0.1,0.6818749999999999,0.5938500042642244,0.2990233873040351,0.3741968645592393,30.0,-0.0006249999999999,0.4950690625,0.5001249999999999,0.0171875,0.97275,0.9729949944565084,0.38966797604551423
Kidney Stone,KIDNEY_STONE,DP-DNN,DNN,0.2,0.8144583333333332,0.7642558490945629,0.1627259487706676,0.3369313801079414,30.0,0.0006249999999999,0.496003984375,0.4976584375,0.0194375,0.97275,0.9729949944565084,0.2145325993979467
Kidney Stone,KIDNEY_STONE,DP-DNN,DNN,0.4,0.8899583333333335,0.8616546721686099,0.0851109397755502,0.0850681058853766,30.0,0.009375,0.497310078125,0.5014009765624999,0.0185,0.97275,0.9729949944565084,0.114430519090276
Kidney Stone,KIDNEY_STONE,DP-DNN,DNN,0.8,0.8900000000000001,0.8617079203049252,0.0850681058853765,0.0850681058853766,30.0,0.0096874999999999,0.503119453125,0.5029075390625001,0.0136875,0.97275,0.9729949944565084,0.11437579307768743
Kidney Stone,KIDNEY_STONE,DP-DNN,DNN,1.0,0.8900000000000001,0.8617079203049252,0.0850681058853765,0.0850681058853766,30.0,0.0096874999999999,0.503521015625,0.4996392578125,0.01625,0.97275,0.9729949944565084,0.11437579307768743
Kidney Stone,KIDNEY_STONE,DP-DNN,DNN,2.0,0.8900000000000001,0.8617079203049252,0.0850681058853765,0.0850681058853766,30.0,0.0096874999999999,0.5044240625,0.51637703125,0.0145625,0.97275,0.9729949944565084,0.11437579307768743
Kidney Stone,KIDNEY_STONE,DP-DNN,DNN,4.0,0.8900000000000001,0.8617079203049252,0.0850681058853765,0.0850681058853766,30.0,0.0096874999999999,0.505245859375,0.5011448828124999,0.0136875,0.97275,0.9729949944565084,0.11437579307768743
Kidney Stone,KIDNEY_STONE,DP-DNN,DNN,8.0,0.8900000000000001,0.8617079203049252,0.0850681058853765,0.0850681058853766,30.0,0.0096874999999999,0.50568765625,0.5176117578125,0.0121875,0.97275,0.9729949944565084,0.11437579307768743
Kidney Stone,KIDNEY_STONE,DP-DNN,DNN,10.0,0.8900000000000001,0.8617079203049252,0.0850681058853765,0.0850681058853766,30.0,0.0096874999999999,0.5059749218749999,0.5026215625,0.0111875,0.97275,0.9729949944565084,0.11437579307768743
Kidney Stone,KIDNEY_STONE,DP-GNB,GNB,0.1,0.6784166666666668,0.6477800884771908,0.2377340823970037,0.1179775280898877,30.0,0.0003125,0.4939174088541666,0.4988417317708332,0.0100625,0.8900000000000001,0.8617079203049252,0.24826025940672977
Kidney Stone,KIDNEY_STONE,DP-GNB,GNB,0.2,0.7720833333333333,0.7513296726606354,0.1324906367041199,0.1390449438202248,30.0,-0.006875,0.498449375,0.500443828125,0.0134895833333333,0.8900000000000001,0.8617079203049252,0.12809241396461937
Kidney Stone,KIDNEY_STONE,DP-GNB,GNB,0.4,0.8528333333333333,0.8259299836210048,0.0417602996254683,0.0014044943820225,30.0,0.0109374999999999,0.49877890625,0.5007968424479167,0.0109375,0.8900000000000001,0.8617079203049252,0.041519795560495655
Kidney Stone,KIDNEY_STONE,DP-GNB,GNB,0.8,0.8618750000000002,0.8418986295438594,0.0316011235955056,0.00561797752809,30.0,0.0084375,0.4977275651041666,0.5003918098958333,0.0094270833333333,0.8900000000000001,0.8617079203049252,0.02298840511301788
Kidney Stone,KIDNEY_STONE,DP-GNB,GNB,1.0,0.8772916666666668,0.8530391893162592,0.0142790262172284,0.0870786516853933,30.0,0.0031249999999999,0.5001843229166666,0.4995167057291667,0.0123958333333333,0.8900000000000001,0.8617079203049252,0.010059941175425672
Kidney Stone,KIDNEY_STONE,DP-GNB,GNB,2.0,0.8823750000000001,0.856605611719401,0.008567415730337,1.2474416007024232e-16,30.0,0.0096874999999999,0.5018140104166667,0.5000654361979167,0.0126041666666666,0.8900000000000001,0.8617079203049252,0.0059211578137969
Kidney Stone,KIDNEY_STONE,DP-GNB,GNB,4.0,0.8893333333333334,0.8613125501593074,0.000749063670412,1.2474416007024232e-16,30.0,0.0096874999999999,0.5031329752604167,0.5021537304687498,0.0121770833333333,0.8900000000000001,0.8617079203049252,0.00045882152908359
Kidney Stone,KIDNEY_STONE,DP-GNB,GNB,8.0,0.8887916666666668,0.861019849418207,0.0013576779026217,1.2474416007024232e-16,30.0,0.0096874999999999,0.5006246809895835,0.5030238020833333,0.0125729166666666,0.8900000000000001,0.8617079203049252,0.0007984966489279827
Kidney Stone,KIDNEY_STONE,DP-GNB,GNB,10.0,0.8840416666666667,0.8574989120760653,0.0066947565543071,1.2474416007024232e-16,30.0,0.0096874999999999,0.5011215429687499,0.50221390625,0.01165625,0.8900000000000001,0.8617079203049252,0.004884495232874764
Kidney Stone,KIDNEY_STONE,DP-LR,LR,0.1,0.7115833333333332,0.6992785806911542,0.228635953026197,0.1761517615176151,30.0,-0.024375,0.4997405729166667,0.4977984505208333,0.0124583333333333,0.9225,0.904382966719368,0.22678930671618688
Kidney Stone,KIDNEY_STONE,DP-LR,LR,0.2,0.7621249999999999,0.7497329939448011,0.1738482384823848,0.1355013550135501,30.0,-0.0018749999999999,0.4992576041666667,0.49818466796875,0.0123749999999999,0.9225,0.904382966719368,0.17100053679201496
Kidney Stone,KIDNEY_STONE,DP-LR,LR,0.4,0.7995833333333333,0.7881666677600575,0.1332429990966576,0.1016260162601626,30.0,-0.0040624999999999,0.4987109765625001,0.4998587955729166,0.0132291666666666,0.9225,0.904382966719368,0.12850341419065303
Kidney Stone,KIDNEY_STONE,DP-LR,LR,0.8,0.7955,0.7847747505428685,0.1376693766937669,0.1138211382113821,30.0,-0.005,0.5003642903645834,0.4971787239583333,0.0110208333333333,0.9225,0.904382966719368,0.13225394614670383
Kidney Stone,KIDNEY_STONE,DP-LR,LR,1.0,0.8314583333333333,0.8216529664788222,0.0986901535682023,0.0826558265582656,30.0,0.0012499999999999,0.498424609375,0.5005874479166667,0.0120416666666666,0.9225,0.904382966719368,0.09147673417672524
Kidney Stone,KIDNEY_STONE,DP-LR,LR,2.0,0.9050833333333334,0.8900776963566028,0.0188798554652213,0.0027100271002709,30.0,0.0262500000000001,0.4977096223958334,0.5021886653645834,0.0112083333333333,0.9225,0.904382966719368,0.015817713169297386
Kidney Stone,KIDNEY_STONE,DP-LR,LR,4.0,0.9197083333333332,0.9016334166497192,0.003026196928636,-0.002710027100271,30.0,0.0324999999999999,0.50057734375,0.49574447265625,0.0105312499999999,0.9225,0.904382966719368,0.003040249729185825
Kidney Stone,KIDNEY_STONE,DP-LR,LR,8.0,0.9214166666666668,0.9027702151574593,0.001174345076784,-0.002710027100271,30.0,0.0190624999999999,0.5015388932291667,0.5005173763020834,0.0118645833333333,0.9225,0.904382966719368,0.001783261761064553
Kidney Stone,KIDNEY_STONE,DP-LR,LR,10.0,0.921875,0.9032417946480704,0.0006775067750677,-0.002710027100271,30.0,0.020625,0.5018203906249998,0.5018381380208334,0.0118958333333333,0.9225,0.904382966719368,0.0012618239322188724
Kidney Stone,KIDNEY_STONE,DP-RF,RF,0.1,0.8520416666666666,0.8126471430789449,0.0971743929359824,0.1205298013245033,30.0,0.0118749999999999,0.5012562239583332,0.5022007617187499,0.0146041666666666,0.94375,0.93039801615157,0.1265596777169422
Kidney Stone,KIDNEY_STONE,DP-RF,RF,0.2,0.8719166666666667,0.8382938291204983,0.0761147902869756,0.0874172185430463,30.0,0.0149999999999999,0.5015322135416667,0.4992670377604167,0.0116041666666666,0.94375,0.93039801615157,0.09899439318674033
Kidney Stone,KIDNEY_STONE,DP-RF,RF,0.4,0.8790833333333334,0.8475095835711458,0.068520971302428,0.0582781456953641,30.0,0.0096875,0.5015435286458334,0.4985202278645833,0.0134166666666666,0.94375,0.93039801615157,0.08908921895951352
Kidney Stone,KIDNEY_STONE,DP-RF,RF,0.8,0.8792916666666667,0.8477948492541981,0.0683002207505518,0.0582781456953641,30.0,0.00875,0.5007315494791666,0.502484765625,0.0110625,0.94375,0.93039801615157,0.08878261288544614
Kidney Stone,KIDNEY_STONE,DP-RF,RF,1.0,0.8790416666666668,0.8474753604363067,0.0685651214128033,0.0582781456953641,30.0,0.0103125,0.5000891341145832,0.50141634765625,0.012125,0.94375,0.93039801615157,0.08912600228691216
Kidney Stone,KIDNEY_STONE,DP-RF,RF,2.0,0.8800000000000001,0.8486810425700809,0.067549668874172,0.0569536423841059,30.0,0.0103124999999999,0.50112291015625,0.5025755794270834,0.0116770833333333,0.94375,0.93039801615157,0.08783012448747171
Kidney Stone,KIDNEY_STONE,DP-RF,RF,4.0,0.8802083333333334,0.848966308253133,0.0673289183222957,0.0556291390728476,30.0,0.0093749999999999,0.5003635807291666,0.5015557942708334,0.0114166666666666,0.94375,0.93039801615157,0.08752351841340456
Kidney Stone,KIDNEY_STONE,DP-RF,RF,8.0,0.8802083333333334,0.848966308253133,0.0673289183222957,0.0556291390728476,30.0,0.0093749999999999,0.5001144596354167,0.5013042187500001,0.0116145833333333,0.94375,0.93039801615157,0.08752351841340456
Kidney Stone,KIDNEY_STONE,DP-RF,RF,10.0,0.8802083333333334,0.848966308253133,0.0673289183222957,0.0556291390728476,30.0,0.0093749999999999,0.5001107486979166,0.5013027473958335,0.0116145833333333,0.94375,0.93039801615157,0.08752351841340456
Kidney Stone,KIDNEY_STONE,DP-SVM,SVM,0.1,0.7487499999999999,0.7238507915056648,0.1970509383378017,0.1528150134048257,30.0,-0.004375,0.49822486328125,0.4986774088541666,0.0118958333333333,0.9325,0.9194455196121524,0.212731177578629
Kidney Stone,KIDNEY_STONE,DP-SVM,SVM,0.2,0.8814583333333333,0.8543687526378055,0.0547363717605003,0.049597855227882,30.0,0.00875,0.5028758203125,0.5023319921874999,0.011875,0.9325,0.9194455196121524,0.07077827406434915
Kidney Stone,KIDNEY_STONE,DP-SVM,SVM,0.4,0.8899583333333335,0.8616546721686099,0.0456210902591597,0.0455764075067023,30.0,0.0071875,0.5022111197916668,0.4982781901041667,0.0108333333333333,0.9325,0.9194455196121524,0.06285402039690208
Kidney Stone,KIDNEY_STONE,DP-SVM,SVM,0.8,0.8900000000000001,0.8617079203049252,0.0455764075067022,0.0455764075067023,30.0,0.0096874999999999,0.5039768098958334,0.4997416927083333,0.0112812499999999,0.9325,0.9194455196121524,0.06279610708373731
Kidney Stone,KIDNEY_STONE,DP-SVM,SVM,1.0,0.8900000000000001,0.8617079203049252,0.0455764075067022,0.0455764075067023,30.0,0.0096874999999999,0.5044463932291666,0.5030478059895833,0.0115520833333333,0.9325,0.9194455196121524,0.06279610708373731
Kidney Stone,KIDNEY_STONE,DP-SVM,SVM,2.0,0.8900000000000001,0.8617079203049252,0.0455764075067022,0.0455764075067023,30.0,0.0096874999999999,0.5050042317708333,0.4996937955729166,0.0111875,0.9325,0.9194455196121524,0.06279610708373731
Kidney Stone,KIDNEY_STONE,DP-SVM,SVM,4.0,0.8900000000000001,0.8617079203049252,0.0455764075067022,0.0455764075067023,30.0,0.0096874999999999,0.5043792447916666,0.5002438151041667,0.01075,0.9325,0.9194455196121524,0.06279610708373731
Kidney Stone,KIDNEY_STONE,DP-SVM,SVM,8.0,0.8900000000000001,0.8617079203049252,0.0455764075067022,0.0455764075067023,30.0,0.0096874999999999,0.502961484375,0.4988192708333334,0.0118645833333333,0.9325,0.9194455196121524,0.06279610708373731
Kidney Stone,KIDNEY_STONE,DP-SVM,SVM,10.0,0.8900000000000001,0.8617079203049252,0.0455764075067022,0.0455764075067023,30.0,0.0096874999999999,0.5031313541666667,0.5040198697916668,0.0114583333333333,0.9325,0.9194455196121524,0.06279610708373731
Lung Cancer,LUNG_CANCER,DP-DNN,DNN,0.1,0.9694133333333332,0.9684033001453892,0.0305866666666667,0.0321,30.0,-0.0007499999999999,0.5002978985000001,0.500780572,0.010155,1.0,1.0,0.03159669985461078
Lung Cancer,LUNG_CANCER,DP-DNN,DNN,0.2,0.98782,0.9876172299438952,0.0121799999999999,0.0113999999999999,30.0,0.000475,0.500281855,0.5003162187499999,0.009915,1.0,1.0,0.012382770056104775
Lung Cancer,LUNG_CANCER,DP-DNN,DNN,0.4,0.9998133333333332,0.9998109321719166,0.0001866666666666,0.0,30.0,-0.001,0.500606214,0.4982105477499999,0.010095,1.0,1.0,0.00018906782808336686
Lung Cancer,LUNG_CANCER,DP-DNN,DNN,0.8,1.0,1.0,0.0,0.0,30.0,-0.0006499999999999,0.5017854665,0.49827928825,0.01008,1.0,1.0,0.0
Lung Cancer,LUNG_CANCER,DP-DNN,DNN,1.0,1.0,1.0,0.0,0.0,30.0,-0.0006499999999999,0.5014592725,0.49945506225,0.009935,1.0,1.0,0.0
Lung Cancer,LUNG_CANCER,DP-DNN,DNN,2.0,1.0,1.0,0.0,0.0,30.0,2.4999999999941735e-05,0.5016581624999998,0.4996172905,0.00985,1.0,1.0,0.0
Lung Cancer,LUNG_CANCER,DP-DNN,DNN,4.0,1.0,1.0,0.0,0.0,30.0,-0.000375,0.4998598009999999,0.502284377,0.00983,1.0,1.0,0.0
Lung Cancer,LUNG_CANCER,DP-DNN,DNN,8.0,1.0,1.0,0.0,0.0,30.0,0.0008249999999999,0.4994528104999999,0.499992545,0.010055,1.0,1.0,0.0
Lung Cancer,LUNG_CANCER,DP-DNN,DNN,10.0,1.0,1.0,0.0,0.0,30.0,0.0008249999999999,0.49856657225,0.49985262075,0.01018,1.0,1.0,0.0
Lung Cancer,LUNG_CANCER,DP-GNB,GNB,0.1,0.7865,0.7854379369082148,0.1193595342066957,0.3112753331093942,30.0,0.00065,0.4992443296666666,0.5000281905416667,0.0101225,0.8931,0.8912403843359878,0.11871370427923365
Lung Cancer,LUNG_CANCER,DP-GNB,GNB,0.2,0.8210733333333333,0.8157907280363558,0.0806479304295898,0.0235136042996305,30.0,-0.001125,0.4999142439166666,0.5004872490833333,0.0100916666666666,0.8931,0.8912403843359878,0.0846569092084458
Lung Cancer,LUNG_CANCER,DP-GNB,GNB,0.4,0.8728300000000002,0.8687713400029212,0.0226962266263573,0.2406225506662187,30.0,-0.00395,0.5006536047083334,0.4992416314999999,0.0103341666666666,0.8931,0.8912403843359878,0.02521098092946834
Lung Cancer,LUNG_CANCER,DP-GNB,GNB,0.8,0.8880333333333333,0.8863490822994342,0.0056731235770537,0.0447878177135819,30.0,-0.000925,0.4995061413333334,0.4998697554583333,0.0099283333333333,0.8931,0.8912403843359878,0.00548819613935904
Lung Cancer,LUNG_CANCER,DP-GNB,GNB,1.0,0.8863233333333335,0.8840069050155297,0.0075878027843091,-0.0241854215653341,30.0,-0.0046249999999999,0.5012865430000001,0.500455313125,0.0102158333333333,0.8931,0.8912403843359878,0.008116193394723017
Lung Cancer,LUNG_CANCER,DP-GNB,GNB,2.0,0.8937033333333334,0.8917694671446582,-0.0006755495838466,0.0,30.0,-0.002475,0.5004965128333334,0.5002223280833333,0.0107583333333333,0.8931,0.8912403843359878,-0.0005936477048945176
Lung Cancer,LUNG_CANCER,DP-GNB,GNB,4.0,0.8941733333333334,0.8923604488286581,-0.0012018064419812,0.0,30.0,-0.00345,0.5001084010416667,0.5004705050416667,0.010415,0.8931,0.8912403843359878,-0.0012567479126349397
Lung Cancer,LUNG_CANCER,DP-GNB,GNB,8.0,0.8934533333333334,0.8915982627248595,-0.0003956257231367,0.0,30.0,-0.002475,0.5005780251666666,0.500529197375,0.0104308333333333,0.8931,0.8912403843359878,-0.0004015509116974378
Lung Cancer,LUNG_CANCER,DP-GNB,GNB,10.0,0.8931000000000001,0.8912403843359876,-2.220446049250313e-16,0.0,30.0,-0.002475,0.5008898118749999,0.4998649083333333,0.0107883333333333,0.8931,0.8912403843359878,2.491410946222595e-16
Lung Cancer,LUNG_CANCER,DP-LR,LR,0.1,0.8216999999999999,0.8165290391585012,0.1783000000000001,0.1659,30.0,-0.004225,0.5005545619166667,0.5000973474583333,0.0109033333333333,1.0,1.0,0.18347096084149883
Lung Cancer,LUNG_CANCER,DP-LR,LR,0.2,0.9064666666666668,0.9036597853186522,0.0935333333333332,0.1219,30.0,-0.0054,0.5002600525,0.5010520521666667,0.01049,1.0,1.0,0.09634021468134779
Lung Cancer,LUNG_CANCER,DP-LR,LR,0.4,0.9526166666666668,0.9510153077839892,0.0473833333333332,0.056,30.0,-0.0016,0.4997142585416667,0.5000035630833334,0.0105916666666666,1.0,1.0,0.04898469221601076
Lung Cancer,LUNG_CANCER,DP-LR,LR,0.8,0.9723833333333332,0.9716184218596192,0.0276166666666667,0.0213999999999999,30.0,0.002175,0.499286659875,0.5008748104166667,0.0105658333333333,1.0,1.0,0.02838157814038078
Lung Cancer,LUNG_CANCER,DP-LR,LR,1.0,0.9768066666666666,0.9761993321484574,0.0231933333333334,0.0205999999999999,30.0,0.0034999999999999,0.4993450034166666,0.5001426730416668,0.0104416666666666,1.0,1.0,0.023800667851542556
Lung Cancer,LUNG_CANCER,DP-LR,LR,2.0,0.9383066666666664,0.9364259819530872,0.0616933333333334,0.0733,30.0,-0.00045,0.4988143218333333,0.5004574930000001,0.0098608333333333,1.0,1.0,0.06357401804691276
Lung Cancer,LUNG_CANCER,DP-LR,LR,4.0,0.9938433333333332,0.9937150504761448,0.0061566666666668,0.0,30.0,0.003925,0.4987936522083334,0.4997492395833333,0.010315,1.0,1.0,0.006284949523855166
Lung Cancer,LUNG_CANCER,DP-LR,LR,8.0,0.9981133333333332,0.9980812823017724,0.0018866666666668,0.0,30.0,0.0041999999999999,0.4996363834166667,0.5001970289166666,0.0093024999999999,1.0,1.0,0.001918717698227601
Lung Cancer,LUNG_CANCER,DP-LR,LR,10.0,0.9987566666666666,0.9987367821414666,0.0012433333333333,0.0,30.0,0.0041999999999999,0.499584925625,0.49983812725,0.0092033333333333,1.0,1.0,0.0012632178585334497
Lung Cancer,LUNG_CANCER,DP-RF,RF,0.1,0.8815533333333332,0.8787932715906815,0.1184466666666668,0.1302999999999999,30.0,0.0020749999999999,0.4999799715,0.500273452625,0.0094766666666666,1.0,1.0,0.12120672840931845
Lung Cancer,LUNG_CANCER,DP-RF,RF,0.2,0.8871066666666667,0.8844138242302001,0.1128933333333332,0.1008999999999999,30.0,-0.0058749999999999,0.499991594625,0.5000892203333333,0.0101316666666666,1.0,1.0,0.1155861757697999
Lung Cancer,LUNG_CANCER,DP-RF,RF,0.4,0.8890166666666666,0.8864592374868218,0.1109833333333334,0.1200999999999999,30.0,-0.0057249999999999,0.5000117357916667,0.5003722888750001,0.0092683333333333,1.0,1.0,0.11354076251317824
Lung Cancer,LUNG_CANCER,DP-RF,RF,0.8,0.8872933333333335,0.8846844035686601,0.1127066666666665,0.1200999999999999,30.0,-0.0057249999999999,0.5000821706249999,0.5003419460000001,0.0094966666666666,1.0,1.0,0.11531559643133993
Lung Cancer,LUNG_CANCER,DP-RF,RF,1.0,0.8865566666666669,0.8839677942071233,0.1134433333333331,0.1200999999999999,30.0,-0.0057249999999999,0.5001389719583333,0.4996910435833333,0.0094366666666666,1.0,1.0,0.11603220579287665
Lung Cancer,LUNG_CANCER,DP-RF,RF,2.0,0.8862066666666668,0.8836132920294673,0.1137933333333331,0.1200999999999999,30.0,-0.0057249999999999,0.500151580375,0.5003567208333334,0.0095158333333333,1.0,1.0,0.11638670797053274
Lung Cancer,LUNG_CANCER,DP-RF,RF,4.0,0.8865733333333334,0.8839846752632023,0.1134266666666665,0.1200999999999999,30.0,-0.0057249999999999,0.5000722850416667,0.4994440644999999,0.0094908333333333,1.0,1.0,0.11601532473679765
Lung Cancer,LUNG_CANCER,DP-RF,RF,8.0,0.8869100000000002,0.8843256725959955,0.1130899999999998,0.1200999999999999,30.0,-0.0057249999999999,0.5000876464166668,0.4992370810416666,0.0094866666666666,1.0,1.0,0.11567432740400452
Lung Cancer,LUNG_CANCER,DP-RF,RF,10.0,0.8869100000000002,0.8843256725959955,0.1130899999999998,0.1200999999999999,30.0,-0.0057249999999999,0.5000876464166668,0.4992524907083333,0.0094866666666666,1.0,1.0,0.11567432740400452
Lung Cancer,LUNG_CANCER,DP-SVM,SVM,0.1,0.93189,0.9306167148145584,0.0681100000000001,0.0770999999999999,30.0,0.001375,0.4993530142500001,0.5000951511666666,0.0100533333333333,1.0,1.0,0.06938328518544157
Lung Cancer,LUNG_CANCER,DP-SVM,SVM,0.2,0.93826,0.9372727586762736,0.0617399999999999,0.0675,30.0,0.0021499999999999,0.4993750614166667,0.4990793255,0.0100208333333333,1.0,1.0,0.06272724132372642
Lung Cancer,LUNG_CANCER,DP-SVM,SVM,0.4,0.9388733333333332,0.938034359555237,0.0611266666666667,0.0613,30.0,0.0015,0.4992317367499999,0.4999233494166667,0.0099316666666666,1.0,1.0,0.06196564044476305
Lung Cancer,LUNG_CANCER,DP-SVM,SVM,0.8,0.9392133333333332,0.9383787330992458,0.0607866666666668,0.0613,30.0,0.0015,0.4990986132499999,0.5009687872499999,0.0099741666666666,1.0,1.0,0.0616212669007542
Lung Cancer,LUNG_CANCER,DP-SVM,SVM,1.0,0.9392133333333332,0.9383787330992458,0.0607866666666668,0.0613,30.0,0.0015,0.4991540355833333,0.4997146817083333,0.0098483333333333,1.0,1.0,0.0616212669007542
Lung Cancer,LUNG_CANCER,DP-SVM,SVM,2.0,0.93936,0.9385404561852164,0.06064,0.0613,30.0,0.0012499999999999,0.499395282,0.4996032272916667,0.0099866666666666,1.0,1.0,0.06145954381478358
Lung Cancer,LUNG_CANCER,DP-SVM,SVM,4.0,0.93958,0.9387830408141724,0.0604200000000001,0.0613,30.0,0.0012499999999999,0.5000594286666666,0.4996963561250001,0.0101216666666666,1.0,1.0,0.06121695918582759
Lung Cancer,LUNG_CANCER,DP-SVM,SVM,8.0,0.939763333333333,0.9389851946716355,0.060236666666667,0.0613,30.0,0.0012499999999999,0.5007330085833333,0.5003178212083333,0.0103075,1.0,1.0,0.06101480532836445
Lung Cancer,LUNG_CANCER,DP-SVM,SVM,10.0,0.9397999999999996,0.939025625443128,0.0602000000000003,0.0602,30.0,0.0012499999999999,0.5009495949166667,0.4996855246666667,0.0102916666666666,1.0,1.0,0.060974374556872046
