subset,metric,trend_statistic,rho,n,p,ci_low,ci_high,note
all_pairs,yeom_advantage,rho,-0.33333333333333337,9,0.38071318167686347,-0.8238394151981814,0.4426360103413414,"Spearman of the per-epsilon rho against epsilon, n=9 budgets"
all_pairs,yeom_advantage,abs_rho,-0.09999999999999999,9,0.797971695234851,-0.717505794453041,0.6055182390386287,"Spearman of the per-epsilon abs_rho against epsilon, n=9 budgets"
all_pairs,lira_auc,rho,0.45,9,0.22421610749233675,-0.34078716035057216,0.8678698858696136,"Spearman of the per-epsilon rho against epsilon, n=9 budgets"
all_pairs,lira_auc,abs_rho,-0.08333333333333334,9,0.831214097710308,-0.7089486377732402,0.6156769091154475,"Spearman of the per-epsilon abs_rho against epsilon, n=9 budgets"
all_pairs,shokri_auc,rho,0.35,9,0.35581957250178897,-0.42914539519876416,0.8304970346595542,"Spearman of the per-epsilon rho against epsilon, n=9 budgets"
all_pairs,shokri_auc,abs_rho,-0.19999999999999998,9,0.6059012741795534,-0.7661118726141584,0.540867708332201,"Spearman of the per-epsilon abs_rho against epsilon, n=9 budgets"
all_pairs,lira_tpr_at_1pct,rho,-0.5833333333333334,9,0.09918581647988327,-0.9109448400796804,0.19549815979195748,"Spearman of the per-epsilon rho against epsilon, n=9 budgets"
all_pairs,lira_tpr_at_1pct,abs_rho,-0.5833333333333334,9,0.09918581647988327,-0.9109448400796804,0.19549815979195748,"Spearman of the per-epsilon abs_rho against epsilon, n=9 budgets"
robustness_excluded_near_majority,yeom_advantage,rho,-0.18333333333333335,9,0.6368198117628943,-0.7583316631960848,0.5521143020484701,"Spearman of the per-epsilon rho against epsilon, n=9 budgets"
robustness_excluded_near_majority,yeom_advantage,abs_rho,-0.45,9,0.22421610749233675,-0.8678698858696136,0.34078716035057216,"Spearman of the per-epsilon abs_rho against epsilon, n=9 budgets"
robustness_excluded_near_majority,lira_auc,rho,0.43333333333333335,9,0.24395243588005172,-0.35650709397049735,0.8619457890476541,"Spearman of the per-epsilon rho against epsilon, n=9 budgets"
robustness_excluded_near_majority,lira_auc,abs_rho,-0.09999999999999999,9,0.797971695234851,-0.717505794453041,0.6055182390386287,"Spearman of the per-epsilon abs_rho against epsilon, n=9 budgets"
robustness_excluded_near_majority,shokri_auc,rho,0.3666666666666667,9,0.3317398014330152,-0.41533563093382475,0.837031634053216,"Spearman of the per-epsilon rho against epsilon, n=9 budgets"
robustness_excluded_near_majority,shokri_auc,abs_rho,-0.26666666666666666,9,0.48792227483870076,-0.7959728312436334,0.49373001543893047,"Spearman of the per-epsilon abs_rho against epsilon, n=9 budgets"
robustness_excluded_near_majority,lira_tpr_at_1pct,rho,-0.5166666666666667,9,0.15439012098622507,-0.8903601408134023,0.2729949929181571,"Spearman of the per-epsilon rho against epsilon, n=9 budgets"
robustness_excluded_near_majority,lira_tpr_at_1pct,abs_rho,-0.5166666666666667,9,0.15439012098622507,-0.8903601408134023,0.2729949929181571,"Spearman of the per-epsilon abs_rho against epsilon, n=9 budgets"
all_pairs_balanced_AL,yeom_advantage,rho,0.48333333333333334,9,0.18746985521554216,-0.30794014681079274,0.8793553508028455,"Spearman of the per-epsilon rho against epsilon, n=9 budgets"
all_pairs_balanced_AL,yeom_advantage,abs_rho,-0.06666666666666667,9,0.8646897846262036,-0.7002578050228124,0.6256736731201111,"Spearman of the per-epsilon abs_rho against epsilon, n=9 budgets"
all_pairs_balanced_AL,lira_auc,rho,0.4666666666666666,9,0.2053863511058121,-0.3246085407704431,0.8736729341451432,"Spearman of the per-epsilon rho against epsilon, n=9 budgets"
all_pairs_balanced_AL,lira_auc,abs_rho,0.41666666666666663,9,0.26458604674749636,-0.37179682937506653,0.8559002594048695,"Spearman of the per-epsilon abs_rho against epsilon, n=9 budgets"
all_pairs_balanced_AL,shokri_auc,rho,0.45,9,0.22421610749233675,-0.34078716035057216,0.8678698858696136,"Spearman of the per-epsilon rho against epsilon, n=9 budgets"
all_pairs_balanced_AL,shokri_auc,abs_rho,0.2833333333333333,9,0.46003032896572005,-0.4813576782777298,0.8031255131778656,"Spearman of the per-epsilon abs_rho against epsilon, n=9 budgets"
all_pairs_balanced_AL,lira_tpr_at_1pct,rho,-0.8666666666666667,9,0.002495398285990204,-0.9783702508350078,-0.36364311977874886,"Spearman of the per-epsilon rho against epsilon, n=9 budgets"
all_pairs_balanced_AL,lira_tpr_at_1pct,abs_rho,-0.8666666666666667,9,0.002495398285990204,-0.9783702508350078,-0.36364311977874886,"Spearman of the per-epsilon abs_rho against epsilon, n=9 budgets"
