subset,al_definition,metric,epsilon,rho,n,p,ci_low,ci_high,n_pairs_available,note
all_pairs,AL,yeom_advantage,0.1,0.08387096774193549,30,0.6594749201050074,-0.28561895537351945,0.4316530221014895,30,
all_pairs,AL,yeom_advantage,0.2,-0.05361512791991101,30,0.7784141090658491,-0.40626757754762305,0.31293851226664954,30,
all_pairs,AL,yeom_advantage,0.4,-0.16129032258064516,30,0.39450240707300055,-0.49476602285950366,0.21358934151969988,30,
all_pairs,AL,yeom_advantage,0.8,0.0033377837942501157,30,0.9860337598128799,-0.35736208227765853,0.36317120583176693,30,
all_pairs,AL,yeom_advantage,1.0,-0.25278149268454203,30,0.17774912717915234,-0.5659576558362173,0.12414769414986791,30,
all_pairs,AL,yeom_advantage,2.0,0.11061652553739092,30,0.5606220862033634,-0.2610886045008176,0.45375467243690165,30,
all_pairs,AL,yeom_advantage,4.0,-0.13554419326412692,30,0.4751243025730612,-0.4740700721638034,0.23789364919085232,30,
all_pairs,AL,yeom_advantage,8.0,-0.014466950019980704,30,0.9395180905866733,-0.3728101684281551,0.34763138648979525,30,
all_pairs,AL,yeom_advantage,10.0,-0.006899622317221566,30,0.9711345717031755,-0.36626231529498904,0.35425409325749696,30,
all_pairs,AL,lira_auc,0.1,-0.1532814238042269,30,0.4187001583687509,-0.4883592425483921,0.22118835497243813,30,
all_pairs,AL,lira_auc,0.2,-0.10700778642936595,30,0.57355651820595,-0.4507909752866611,0.26441970990780544,30,
all_pairs,AL,lira_auc,0.4,0.21112347052280311,30,0.2627494602289409,-0.16549219902955548,0.5339985991014146,30,
all_pairs,AL,lira_auc,0.8,0.5150166852057843,30,0.0035882655810972413,0.16653901039782548,0.7491269125056917,30,
all_pairs,AL,lira_auc,1.0,0.3187986651835373,30,0.08596746042826951,-0.05629145582878321,0.6150287044470475,30,
all_pairs,AL,lira_auc,2.0,0.4420467185761958,30,0.014453333141646615,0.07941179367610887,0.7013559028240474,30,
all_pairs,AL,lira_auc,4.0,0.28720800889877635,30,0.12383155684423583,-0.08913741357115443,0.5917896442199494,30,
all_pairs,AL,lira_auc,8.0,0.2511679644048943,30,0.18062701261892597,-0.12576939985215213,0.5647340483216028,30,
all_pairs,AL,lira_auc,10.0,0.3010011123470523,30,0.10602189932039717,-0.0748837114750298,0.6019912506082971,30,
all_pairs,AL,shokri_auc,0.1,-0.20536211051540412,30,0.2762972929965237,-0.5295184986915504,0.17112660626174606,30,
all_pairs,AL,shokri_auc,0.2,-0.0037824007353866413,30,0.9841735727171584,-0.3635573823921671,0.3569744402785739,30,
all_pairs,AL,shokri_auc,0.4,0.12659917755499994,30,0.505003173547232,-0.24625441087001,0.46681155307627187,30,
all_pairs,AL,shokri_auc,0.8,0.11056729699666296,30,0.5607976285032432,-0.26113409081097266,0.45371428185498675,30,
all_pairs,AL,shokri_auc,1.0,-0.09276974416017797,30,0.6258447366921264,-0.4390418072225251,0.27749743402488836,30,
all_pairs,AL,shokri_auc,2.0,0.07230255839822024,30,0.7041773195709669,-0.2961178559790209,0.42199503592840115,30,
all_pairs,AL,shokri_auc,4.0,0.10656284760845385,30,0.5751604749636792,-0.2648299544478418,0.450425169040921,30,
all_pairs,AL,shokri_auc,8.0,0.04293659621802002,30,0.8217581863628631,-0.32247422483466054,0.3972101378738563,30,
all_pairs,AL,shokri_auc,10.0,0.0135706340378198,30,0.943259139365723,-0.3484172120410041,0.3720359778083915,30,
all_pairs,AL,lira_tpr_at_1pct,0.1,0.5795328142380423,30,0.0007904771319591453,0.24878869587854685,0.789233850607112,30,
all_pairs,AL,lira_tpr_at_1pct,0.2,0.6106785317018909,30,0.0003383354124309249,0.2905281775596858,0.8078686722775001,30,
all_pairs,AL,lira_tpr_at_1pct,0.4,0.3746801669641826,30,0.041350568567310654,0.0036476350048094165,0.6550339939114009,30,
all_pairs,AL,lira_tpr_at_1pct,0.8,0.5737486095661846,30,0.0009169181563019488,0.24119061940396624,0.7857206973262938,30,
all_pairs,AL,lira_tpr_at_1pct,1.0,0.5372636262513905,30,0.0022024096725277156,0.1943010593284958,0.7631848677198706,30,
all_pairs,AL,lira_tpr_at_1pct,2.0,0.3753058954393771,30,0.04098544618558151,0.004332965038111781,0.655473896893651,30,
all_pairs,AL,lira_tpr_at_1pct,4.0,0.3619577308120133,30,0.049355612074373154,-0.010216381318400958,0.6460509356604224,30,
all_pairs,AL,lira_tpr_at_1pct,8.0,0.2774193548387097,30,0.1377469131001395,-0.09917297380067583,0.5844982976761808,30,
all_pairs,AL,lira_tpr_at_1pct,10.0,0.23028145653677498,30,0.22086005137300735,-0.14661224472636303,0.5487911312071047,30,
robustness_excluded_near_majority,AL,yeom_advantage,0.1,0.12660098522167484,29,0.5128417181025344,-0.25301717906372634,0.4724359951473542,29,
robustness_excluded_near_majority,AL,yeom_advantage,0.2,-0.04334975369458127,29,0.8233163121901836,-0.4035966596051337,0.32853415590090346,29,
robustness_excluded_near_majority,AL,yeom_advantage,0.4,-0.1576354679802955,29,0.41411298364895865,-0.49730710120687993,0.2239397827581542,29,
robustness_excluded_near_majority,AL,yeom_advantage,0.8,0.027346637932653933,29,0.8880165918563667,-0.3426561650825607,0.3900049534789717,29,
robustness_excluded_near_majority,AL,yeom_advantage,1.0,-0.2626262705964783,29,0.168705082674264,-0.5782831935120424,0.12142308269447986,29,
robustness_excluded_near_majority,AL,yeom_advantage,2.0,0.08969937018449042,29,0.6435559478608124,-0.2869247157652309,0.442306030830499,29,
robustness_excluded_near_majority,AL,yeom_advantage,4.0,-0.17151308145166297,29,0.3736719592317033,-0.5082906481374695,0.2107650820377936,29,
robustness_excluded_near_majority,AL,yeom_advantage,8.0,-0.00197141472932946,29,0.991902096810457,-0.3682113701508323,0.3647981659785537,29,
robustness_excluded_near_majority,AL,yeom_advantage,10.0,0.006407097870320744,29,0.9736858894860464,-0.3609495982195727,0.3720425381192297,29,
robustness_excluded_near_majority,AL,lira_auc,0.1,-0.1763546798029556,29,0.3601257470500139,-0.5121025176091646,0.20614304254043372,29,
robustness_excluded_near_majority,AL,lira_auc,0.2,-0.12019704433497534,29,0.5345555616789608,-0.4672506908834108,0.25895262652379886,29,
robustness_excluded_near_majority,AL,lira_auc,0.4,0.23546798029556643,29,0.21883337025849814,-0.1485931854640033,0.5578061722102472,29,
robustness_excluded_near_majority,AL,lira_auc,0.8,0.5147783251231526,29,0.004272481974025192,0.15880026194223243,0.7523129267368035,29,
robustness_excluded_near_majority,AL,lira_auc,1.0,0.3261083743842364,29,0.08426562845702124,-0.05594184361637707,0.6248576097720269,29,
robustness_excluded_near_majority,AL,lira_auc,2.0,0.46945812807881765,29,0.01019064692972221,0.10399202789940172,0.7232282448683403,29,
robustness_excluded_near_majority,AL,lira_auc,4.0,0.2832512315270935,29,0.13650159373560758,-0.10046117265857352,0.593613910936116,29,
robustness_excluded_near_majority,AL,lira_auc,8.0,0.24187192118226594,29,0.20619579491974419,-0.14222952873284075,0.562664286923567,29,
robustness_excluded_near_majority,AL,lira_auc,10.0,0.3068965517241379,29,0.10537340066290139,-0.0760643537762332,0.6109544633229658,29,
robustness_excluded_near_majority,AL,shokri_auc,0.1,-0.16307427146726886,29,0.39798120997541764,-0.5016218406095772,0.2187893715973174,29,
robustness_excluded_near_majority,AL,shokri_auc,0.2,0.01724350302523991,29,0.9292560539768514,-0.35150853657979364,0.3813635941657983,29,
robustness_excluded_near_majority,AL,shokri_auc,0.4,0.11971917814666566,29,0.536193214728666,-0.25939466189748933,0.466863029535639,29,
robustness_excluded_near_majority,AL,shokri_auc,0.8,0.11527093596059108,29,0.5515506379858525,-0.26350359264401807,0.4632495923168089,29,
robustness_excluded_near_majority,AL,shokri_auc,1.0,-0.09753694581280786,29,0.6147174662977373,-0.4487561636908038,0.2797820950104966,29,
robustness_excluded_near_majority,AL,shokri_auc,2.0,0.051724137931034475,29,0.7898781073350563,-0.32109475101683227,0.4106625445398518,29,
robustness_excluded_near_majority,AL,shokri_auc,4.0,0.09359605911330048,29,0.6291513192725375,-0.2833774715262832,0.4455163442050339,29,
robustness_excluded_near_majority,AL,shokri_auc,8.0,0.028571428571428564,29,0.8830344337310125,-0.3415796935940566,0.3910493380356181,29,
robustness_excluded_near_majority,AL,shokri_auc,10.0,0.01822660098522167,29,0.9252336080556403,-0.35064927821445246,0.38220652237369035,29,
robustness_excluded_near_majority,AL,lira_tpr_at_1pct,0.1,0.6142857142857141,29,0.00039275575037410145,0.28828936338465944,0.8126731196794205,29,
robustness_excluded_near_majority,AL,lira_tpr_at_1pct,0.2,0.630541871921182,29,0.0002458703343001818,0.3108259186561287,0.8220705590976207,29,
robustness_excluded_near_majority,AL,lira_tpr_at_1pct,0.4,0.3672866144376101,29,0.0499940046367689,-0.01184869910699682,0.6540907849715645,29,
robustness_excluded_near_majority,AL,lira_tpr_at_1pct,0.8,0.5857142857142856,29,0.0008431881439669352,0.2496824945815094,0.7958393122915075,29,
robustness_excluded_near_majority,AL,lira_tpr_at_1pct,1.0,0.5379310344827586,29,0.0026141307082657157,0.18773753534618165,0.7667891747336645,29,
robustness_excluded_near_majority,AL,lira_tpr_at_1pct,2.0,0.3660098522167487,29,0.05085695429972386,-0.013236446848097523,0.6531960664285069,29,
robustness_excluded_near_majority,AL,lira_tpr_at_1pct,4.0,0.3950738916256157,29,0.03391289254862559,0.01869832086402575,0.6733768012075664,29,
robustness_excluded_near_majority,AL,lira_tpr_at_1pct,8.0,0.3064039408866994,29,0.10596224736864959,-0.0765767202783856,0.6105957743290606,29,
robustness_excluded_near_majority,AL,lira_tpr_at_1pct,10.0,0.23254095508323538,29,0.2247806251293731,-0.15149311269299823,0.5555796158906438,29,
all_pairs,AL_balanced,yeom_advantage,0.1,0.021579532814238044,30,0.9098826280658151,-0.34138223779584237,0.3789406016902722,30,
all_pairs,AL_balanced,yeom_advantage,0.2,-0.12658509454949946,30,0.5050509404621224,-0.46680009756533086,0.2462675406903307,30,
all_pairs,AL_balanced,yeom_advantage,0.4,-0.18665183537263624,30,0.3233444401582556,-0.5148686845232451,0.18928976988373727,30,
all_pairs,AL_balanced,yeom_advantage,0.8,-0.019581664926267346,30,0.9181967294909068,-0.37722094842505516,0.3431399718241401,30,
all_pairs,AL_balanced,yeom_advantage,1.0,-0.17935024921103954,30,0.342966351137535,-0.5091100225764913,0.1963228928259688,30,
all_pairs,AL_balanced,yeom_advantage,2.0,0.1417761101958109,30,0.45486396547346425,-0.2320436135305165,0.4791062539239907,30,
all_pairs,AL_balanced,yeom_advantage,4.0,-0.10928111476631577,30,0.5653928694922167,-0.4526586282385095,0.2623220581631,30,
all_pairs,AL_balanced,yeom_advantage,8.0,0.051858451610084684,30,0.7855034976065801,-0.3145109664194939,0.40478110472939144,30,
all_pairs,AL_balanced,yeom_advantage,10.0,0.03850434389933326,30,0.8399086791192946,-0.32641605948366553,0.3934356435105925,30,
all_pairs,AL_balanced,lira_auc,0.1,-0.10122358175750834,30,0.5945623004709506,-0.44602867869257073,0.2697449832807349,30,
all_pairs,AL_balanced,lira_auc,0.2,-0.0825361512791991,30,0.664578114151163,-0.43054167498921675,0.2868337623343439,30,
all_pairs,AL_balanced,lira_auc,0.4,0.24271412680756396,30,0.19624013774941576,-0.13423879584061127,0.5583043312824065,30,
all_pairs,AL_balanced,lira_auc,0.8,0.5844271412680757,30,0.0006957002240238839,0.2552545000157245,0.7921937253436244,30,
all_pairs,AL_balanced,lira_auc,1.0,0.4513904338153503,30,0.012287078885567085,0.09025582792426873,0.7076137083818564,30,
all_pairs,AL_balanced,lira_auc,2.0,0.4647385984427141,30,0.009668596100100528,0.10589980243250251,0.716482107489372,30,
all_pairs,AL_balanced,lira_auc,4.0,0.2453837597330367,30,0.19121207647563168,-0.13156917758396522,0.5603381794673828,30,
all_pairs,AL_balanced,lira_auc,8.0,0.24449388209121245,30,0.19287803716174862,-0.1324595536604706,0.559660579790512,30,
all_pairs,AL_balanced,lira_auc,10.0,0.3210233592880979,30,0.0836800072526214,-0.053951170960395436,0.6166483782969548,30,
all_pairs,AL_balanced,shokri_auc,0.1,-0.06185337673161685,30,0.7454077702857269,-0.41322019123836484,0.30554423835018235,30,
all_pairs,AL_balanced,shokri_auc,0.2,0.008899766436203863,30,0.9627718173293642,-0.352506220955292,0.3679955586954931,30,
all_pairs,AL_balanced,shokri_auc,0.4,0.10390477314268008,30,0.5847840272283668,-0.2672786508333598,0.448238014529388,30,
all_pairs,AL_balanced,shokri_auc,0.8,0.06696329254727475,30,0.72515078305641,-0.3009411890410308,0.4175174045334558,30,
all_pairs,AL_balanced,shokri_auc,1.0,-0.05494994438264739,30,0.7730388113386171,-0.40739615253308004,0.31174267916928233,30,
all_pairs,AL_balanced,shokri_auc,2.0,0.0771968854282536,30,0.6851362734557048,-0.2916841169400041,0.4260883710925102,30,
all_pairs,AL_balanced,shokri_auc,4.0,0.16840934371523916,30,0.3736813316493395,-0.20680490675549015,0.5004373356841083,30,
all_pairs,AL_balanced,shokri_auc,8.0,0.09276974416017797,30,0.6258447366921264,-0.27749743402488836,0.4390418072225251,30,
all_pairs,AL_balanced,shokri_auc,10.0,0.061179087875417135,30,0.7480936237982676,-0.30615068969806775,0.41265227214370526,30,
all_pairs,AL_balanced,lira_tpr_at_1pct,0.1,0.6502780867630701,30,0.0001003002759491626,0.34576036699092705,0.8308702960554941,30,
all_pairs,AL_balanced,lira_tpr_at_1pct,0.2,0.6680756395995551,30,5.479468641541884e-05,0.3714412582736664,0.840954573143029,30,
all_pairs,AL_balanced,lira_tpr_at_1pct,0.4,0.41294916263985926,30,0.02332907210195965,0.04618177045266745,0.6816064598989297,30,
all_pairs,AL_balanced,lira_tpr_at_1pct,0.8,0.6413793103448275,30,0.00013377980801535256,0.33312515484568345,0.8257690878753488,30,
all_pairs,AL_balanced,lira_tpr_at_1pct,1.0,0.5630700778642936,30,0.0011973909518797666,0.22728434413500181,0.7791919223347056,30,
all_pairs,AL_balanced,lira_tpr_at_1pct,2.0,0.41846496106785314,30,0.02136944888366594,0.05241983083985406,0.6853805380787177,30,
all_pairs,AL_balanced,lira_tpr_at_1pct,4.0,0.39621802002224693,30,0.030192462862189132,0.027428294619511295,0.6700721723638495,30,
all_pairs,AL_balanced,lira_tpr_at_1pct,8.0,0.3125695216907675,30,0.09262649946157397,-0.0628248825981591,0.6104817725539637,30,
all_pairs,AL_balanced,lira_tpr_at_1pct,10.0,0.2943597748774428,30,0.11434070460597787,-0.08176347006666311,0.5970898203569341,30,
