dataset,dataset_dir,model,baseline_accuracy,majority_acc_test,majority_acc_train,majority_acc_all,n_train,n_test,majority_class,class_counts_test,source,margin_over_majority,excluded,reason
Breast Cancer,BCP,DP-DNN,0.9733918128654968,0.631578947368421,0.6263736263736264,0.6274165202108963,455,114,0,0:72;1:42,BCP/data/processed_data.pkl,0.3418128654970758,False,retained
Breast Cancer,BCP,DP-GNB,0.9210526315789476,0.631578947368421,0.6263736263736264,0.6274165202108963,455,114,0,0:72;1:42,BCP/data/processed_data.pkl,0.28947368421052655,False,retained
Breast Cancer,BCP,DP-LR,0.912280701754386,0.631578947368421,0.6263736263736264,0.6274165202108963,455,114,0,0:72;1:42,BCP/data/processed_data.pkl,0.280701754385965,False,retained
Breast Cancer,BCP,DP-RF,0.9573099415204676,0.631578947368421,0.6263736263736264,0.6274165202108963,455,114,0,0:72;1:42,BCP/data/processed_data.pkl,0.32573099415204654,False,retained
Breast Cancer,BCP,DP-SVM,0.9473684210526312,0.631578947368421,0.6263736263736264,0.6274165202108963,455,114,0,0:72;1:42,BCP/data/processed_data.pkl,0.3157894736842102,False,retained
Cancer Risk,CANCER_RISK,DP-DNN,0.8832222222222222,0.63,0.6283333333333333,0.6286666666666667,1200,300,0,0:189;1:111,CANCER_RISK/data/processed_data.pkl,0.25322222222222224,False,retained
Cancer Risk,CANCER_RISK,DP-GNB,0.8299999999999996,0.63,0.6283333333333333,0.6286666666666667,1200,300,0,0:189;1:111,CANCER_RISK/data/processed_data.pkl,0.19999999999999962,False,retained
Cancer Risk,CANCER_RISK,DP-LR,0.85,0.63,0.6283333333333333,0.6286666666666667,1200,300,0,0:189;1:111,CANCER_RISK/data/processed_data.pkl,0.21999999999999997,False,retained
Cancer Risk,CANCER_RISK,DP-RF,0.85,0.63,0.6283333333333333,0.6286666666666667,1200,300,0,0:189;1:111,CANCER_RISK/data/processed_data.pkl,0.21999999999999997,False,retained
Cancer Risk,CANCER_RISK,DP-SVM,0.8833333333333333,0.63,0.6283333333333333,0.6286666666666667,1200,300,0,0:189;1:111,CANCER_RISK/data/processed_data.pkl,0.2533333333333333,False,retained
Diabetes,DIABETES,DP-DNN,0.7512412476129853,0.5000353631798571,0.5000088412639471,0.5,56553,14139,0.0,0.0:7070;1.0:7069,DIABETES/data/processed_data.pkl,0.2512058844331282,False,retained
Diabetes,DIABETES,DP-GNB,0.7153264021500817,0.5000353631798571,0.5000088412639471,0.5,56553,14139,0.0,0.0:7070;1.0:7069,DIABETES/data/processed_data.pkl,0.2152910389702246,False,retained
Diabetes,DIABETES,DP-LR,0.7455265577480727,0.5000353631798571,0.5000088412639471,0.5,56553,14139,0.0,0.0:7070;1.0:7069,DIABETES/data/processed_data.pkl,0.24549119456821566,False,retained
Diabetes,DIABETES,DP-RF,0.7373223000212179,0.5000353631798571,0.5000088412639471,0.5,56553,14139,0.0,0.0:7070;1.0:7069,DIABETES/data/processed_data.pkl,0.23728693684136082,False,retained
Diabetes,DIABETES,DP-SVM,0.7475776221797864,0.5000353631798571,0.5000088412639471,0.5,56553,14139,0.0,0.0:7070;1.0:7069,DIABETES/data/processed_data.pkl,0.24754225899992932,False,retained
Gallstone,GALLSTONE,DP-DNN,0.7828125,0.5,0.5058823529411764,0.5047021943573667,255,64,0,0:32;1:32,GALLSTONE/data/processed_data.pkl,0.2828125,False,retained
Gallstone,GALLSTONE,DP-GNB,0.546875,0.5,0.5058823529411764,0.5047021943573667,255,64,0,0:32;1:32,GALLSTONE/data/processed_data.pkl,0.046875,True,non-private baseline accuracy within 0.05 of test-split majority-class accuracy
Gallstone,GALLSTONE,DP-LR,0.765625,0.5,0.5058823529411764,0.5047021943573667,255,64,0,0:32;1:32,GALLSTONE/data/processed_data.pkl,0.265625,False,retained
Gallstone,GALLSTONE,DP-RF,0.828125,0.5,0.5058823529411764,0.5047021943573667,255,64,0,0:32;1:32,GALLSTONE/data/processed_data.pkl,0.328125,False,retained
Gallstone,GALLSTONE,DP-SVM,0.78125,0.5,0.5058823529411764,0.5047021943573667,255,64,0,0:32;1:32,GALLSTONE/data/processed_data.pkl,0.28125,False,retained
Kidney Stone,KIDNEY_STONE,DP-DNN,0.97275,0.60875,0.608125,0.60825,3200,800,0,0:487;1:313,KIDNEY_STONE/data/processed_data.pkl,0.364,False,retained
Kidney Stone,KIDNEY_STONE,DP-GNB,0.8900000000000001,0.60875,0.608125,0.60825,3200,800,0,0:487;1:313,KIDNEY_STONE/data/processed_data.pkl,0.2812500000000001,False,retained
Kidney Stone,KIDNEY_STONE,DP-LR,0.9225,0.60875,0.608125,0.60825,3200,800,0,0:487;1:313,KIDNEY_STONE/data/processed_data.pkl,0.31375,False,retained
Kidney Stone,KIDNEY_STONE,DP-RF,0.94375,0.60875,0.608125,0.60825,3200,800,0,0:487;1:313,KIDNEY_STONE/data/processed_data.pkl,0.33499999999999996,False,retained
Kidney Stone,KIDNEY_STONE,DP-SVM,0.9325,0.60875,0.608125,0.60825,3200,800,0,0:487;1:313,KIDNEY_STONE/data/processed_data.pkl,0.32375,False,retained
Lung Cancer,LUNG_CANCER,DP-DNN,1.0,0.3686,0.36865,0.36864,40000,10000,2,0:3023;1:3291;2:3686,LUNG_CANCER/data/processed_data.pkl,0.6314,False,retained
Lung Cancer,LUNG_CANCER,DP-GNB,0.8931,0.3686,0.36865,0.36864,40000,10000,2,0:3023;1:3291;2:3686,LUNG_CANCER/data/processed_data.pkl,0.5245,False,retained
Lung Cancer,LUNG_CANCER,DP-LR,1.0,0.3686,0.36865,0.36864,40000,10000,2,0:3023;1:3291;2:3686,LUNG_CANCER/data/processed_data.pkl,0.6314,False,retained
Lung Cancer,LUNG_CANCER,DP-RF,1.0,0.3686,0.36865,0.36864,40000,10000,2,0:3023;1:3291;2:3686,LUNG_CANCER/data/processed_data.pkl,0.6314,False,retained
Lung Cancer,LUNG_CANCER,DP-SVM,1.0,0.3686,0.36865,0.36864,40000,10000,2,0:3023;1:3291;2:3686,LUNG_CANCER/data/processed_data.pkl,0.6314,False,retained
