model,variant,epsilon,n_runs,advantage,advantage_std,attack_auc,attack_auc_std,tpr,tpr_std,fpr,fpr_std,test_acc,test_acc_std,threshold_tau,threshold_tau_std,loss_gap,loss_gap_std,train_loss_mean,train_loss_std,test_loss_mean,test_loss_std,n_members,n_nonmembers,deterministic,dataset
LR,standard,,1,0.014748409485251579,0.0,0.5184306921149027,0.0,0.7252747252747253,0.0,0.7105263157894737,0.0,0.9122807017543859,0.0,0.20879979161033838,0.0,0.011060020579969798,0.0,0.20879979161033838,0.271986043646292,0.21985981219030817,0.25846493654988356,455,114,True,BCP
LR,dp,0.1,1,-0.002737613263929073,0.0,0.5299595141700405,0.0,0.7516483516483516,0.0,0.7543859649122807,0.0,0.6578947368421053,0.0,2.6481142493988985,0.0,0.24178976190264878,0.0,2.6481142493988985,5.131506948826792,2.8899040113015473,5.593912640803139,455,114,True,BCP
LR,dp,0.2,1,0.021438210911895128,0.0,0.5323597455176402,0.0,0.7758241758241758,0.0,0.7543859649122807,0.0,0.6754385964912281,0.0,2.1914986610708915,0.0,0.30224765756429406,0.0,2.1914986610708915,4.504949198043005,2.4937463186351856,5.135231636086779,455,114,True,BCP
LR,dp,0.4,1,-0.00048197416618467326,0.0,0.5337960285328707,0.0,0.7802197802197802,0.0,0.7807017543859649,0.0,0.6929824561403509,0.0,1.8652382924603126,0.0,0.3348809219012212,0.0,1.8652382924603126,4.091068051592713,2.200119214361534,4.769132241284771,455,114,True,BCP
LR,dp,0.8,1,0.03456718719876606,0.0,0.5296896086369771,0.0,0.7626373626373626,0.0,0.7280701754385965,0.0,0.6666666666666666,0.0,5.225279955853896,0.0,1.088041674200202,0.0,5.225279955853896,10.357539603898708,6.313321630054098,11.419348662272268,455,114,True,BCP
LR,dp,1.0,1,0.02587237324079439,0.0,0.5287834972045499,0.0,0.7978021978021979,0.0,0.7719298245614035,0.0,0.7192982456140351,0.0,2.402976442207671,0.0,0.5262459271057129,0.0,2.402976442207671,5.745707559724108,2.929222369313384,6.608642182290333,455,114,True,BCP
LR,dp,2.0,1,0.02807017543859658,0.0,0.5263929053402737,0.0,0.8,0.0,0.7719298245614035,0.0,0.8508771929824561,0.0,0.45968388309719566,0.0,0.08399841083586335,0.0,0.45968388309719566,1.1497755116150763,0.543682293933059,1.2703263862326888,455,114,True,BCP
LR,dp,4.0,1,-0.009292461924040873,0.0,0.5301715828031617,0.0,0.7626373626373626,0.0,0.7719298245614035,0.0,0.9035087719298246,0.0,0.2538405013025897,0.0,0.009366939704209543,0.0,0.2538405013025897,0.4471075488738545,0.26320744100679927,0.417150751334298,455,114,True,BCP
LR,dp,8.0,1,0.010410641989589409,0.0,0.5244842876421825,0.0,0.7472527472527473,0.0,0.7368421052631579,0.0,0.9035087719298246,0.0,0.22012767595257338,0.0,0.005579161734321131,0.0,0.22012767595257338,0.3210146865294608,0.2257068376868945,0.29805694416255596,455,114,True,BCP
LR,dp,10.0,1,-0.013745903219587463,0.0,0.5222479275110855,0.0,0.7318681318681318,0.0,0.7456140350877193,0.0,0.9122807017543859,0.0,0.21674875137049357,0.0,0.00613336406056772,0.0,0.21674875137049357,0.3070060566694183,0.2228821154310613,0.28521875616011233,455,114,True,BCP
RF,standard,,1,0.10923462502409875,0.0,0.5375843454790823,0.0,0.810989010989011,0.0,0.7017543859649122,0.0,0.9473684210526315,0.0,0.06694696103543754,0.0,0.058805429090496825,0.0,0.06694696103543754,0.19484036660144607,0.12575239012593437,0.3054259113391175,455,114,True,BCP
RF,dp,0.1,1,0.0034509350298823627,0.0,0.49006169269327166,0.0,0.5736263736263736,0.0,0.5701754385964912,0.0,0.7105263157894737,0.0,0.48461908459228853,0.0,-0.02066684609588365,0.0,0.48461908459228853,0.3977103260269445,0.4639522384964049,0.34753989473843044,455,114,True,BCP
RF,dp,0.2,1,-0.01401580875265096,0.0,0.49835164835164836,0.0,0.6087912087912087,0.0,0.6228070175438597,0.0,0.7105263157894737,0.0,0.4642818253038237,0.0,-0.005713863020982646,0.0,0.4642818253038237,0.45270480357298104,0.4585679622828411,0.42250402626440964,455,114,True,BCP
RF,dp,0.4,1,0.0013495276653171517,0.0,0.4969828417196838,0.0,0.6153846153846154,0.0,0.6140350877192983,0.0,0.7456140350877193,0.0,0.4011229901014483,0.0,-0.0032635541121846523,0.0,0.4011229901014483,0.3804240240475279,0.39785943598926365,0.36105962404471675,455,114,True,BCP
RF,dp,0.8,1,0.0234625024098708,0.0,0.505542702911124,0.0,0.6989010989010989,0.0,0.6754385964912281,0.0,0.7456140350877193,0.0,0.4388428171102416,0.0,-0.05867414334858956,0.0,0.4388428171102416,1.6477944758985583,0.38016867376165203,0.39956685466776853,455,114,True,BCP
RF,dp,1.0,1,0.01904761904761909,0.0,0.5045594756121071,0.0,0.6857142857142857,0.0,0.6666666666666666,0.0,0.7456140350877193,0.0,0.43602904090566663,0.0,-0.06487466150408983,0.0,0.43602904090566663,1.6487360486219407,0.3711543794015768,0.3919153633810507,455,114,True,BCP
RF,dp,2.0,1,0.025486793907846583,0.0,0.5055330634278004,0.0,0.621978021978022,0.0,0.5964912280701754,0.0,0.7982456140350878,0.0,0.34656290238868814,0.0,0.006661927122640743,0.0,0.34656290238868814,0.38572619193087704,0.3532248295113289,0.3616757259032658,455,114,True,BCP
RF,dp,4.0,1,0.007942934258723722,0.0,0.5028050896471948,0.0,0.621978021978022,0.0,0.6140350877192983,0.0,0.7631578947368421,0.0,0.3511835866208508,0.0,0.004207661564732235,0.0,0.3511835866208508,0.42423302985330424,0.35539124818558304,0.4031756364929336,455,114,True,BCP
RF,dp,8.0,1,0.007942934258723722,0.0,0.5028050896471948,0.0,0.621978021978022,0.0,0.6140350877192983,0.0,0.7631578947368421,0.0,0.3511835866208508,0.0,0.004207661564732235,0.0,0.3511835866208508,0.42423302985330424,0.35539124818558304,0.4031756364929336,455,114,True,BCP
RF,dp,10.0,1,0.007942934258723722,0.0,0.5028050896471948,0.0,0.621978021978022,0.0,0.6140350877192983,0.0,0.7631578947368421,0.0,0.3511835866208508,0.0,0.004207661564732235,0.0,0.3511835866208508,0.42423302985330424,0.35539124818558304,0.4031756364929336,455,114,True,BCP
GNB,standard,,1,0.024002313475997683,0.0,0.5091767881241565,0.0,0.945054945054945,0.0,0.9210526315789473,0.0,0.9210526315789473,0.0,0.5262777035888937,0.0,-0.026414999798725747,0.0,0.5262777035888937,2.8019870498160735,0.49986270379016795,1.9325646645544088,455,114,True,BCP
GNB,dp,0.1,1,0.007403123192596894,0.0,0.49342587237324087,0.0,0.3758241758241758,0.0,0.3684210526315789,0.0,0.3684210526315789,0.0,4.987044529384574,0.0,0.01678230356017174,0.0,4.987044529384574,3.8806873325536047,5.003826832944746,3.8540537122506864,455,114,True,BCP
GNB,dp,0.2,1,0.0080971659919028,0.0,0.49645267013688066,0.0,0.6923076923076923,0.0,0.6842105263157895,0.0,0.6842105263157895,0.0,0.7696872379654107,0.0,0.05471523050309268,0.0,0.7696872379654107,1.2667973303547304,0.8244024684685034,1.33049169801611,455,114,True,BCP
GNB,dp,0.4,1,-0.0007904376325429396,0.0,0.4909774436090226,0.0,0.6395604395604395,0.0,0.6403508771929824,0.0,0.6228070175438597,0.0,1.5350751070197597,0.0,-0.028681900064307042,0.0,1.5350751070197597,2.1095843136393273,1.5063932069554526,2.062803210301801,455,114,True,BCP
GNB,dp,0.8,1,-0.005205320994794649,0.0,0.49440909967225755,0.0,0.6263736263736264,0.0,0.631578947368421,0.0,0.631578947368421,0.0,3.377043256601636,0.0,-0.08915147237693599,0.0,3.377043256601636,4.44120415369749,3.2878917842247,4.344823132261201,455,114,True,BCP
GNB,dp,1.0,1,-0.005205320994794649,0.0,0.5017351069982648,0.0,0.6263736263736264,0.0,0.631578947368421,0.0,0.631578947368421,0.0,5.854512594604949,0.0,-0.19006572948444678,0.0,5.854512594604949,8.017646874552339,5.664446865120502,7.69758504614492,455,114,True,BCP
GNB,dp,2.0,1,0.012377096587622982,0.0,0.49371505687295164,0.0,0.643956043956044,0.0,0.631578947368421,0.0,0.631578947368421,0.0,2.2191437822650437,0.0,-0.040873771973620965,0.0,2.2191437822650437,3.090509563150273,2.1782700102914228,2.9717838953423024,455,114,True,BCP
GNB,dp,4.0,1,-0.015828031617505345,0.0,0.49865047233468285,0.0,0.7824175824175824,0.0,0.7982456140350878,0.0,0.6929824561403509,0.0,4.054270387265036,0.0,0.0019193046774876876,0.0,4.054270387265036,8.692543093465032,4.0561896919425235,9.192220691674189,455,114,True,BCP
GNB,dp,8.0,1,0.05201465201465205,0.0,0.5215538847117795,0.0,0.7186813186813187,0.0,0.6666666666666666,0.0,0.6578947368421053,0.0,1.7712590561519377,0.0,0.2509222486138516,0.0,1.7712590561519377,2.941268869293753,2.0221813047657893,3.0477148776491583,455,114,True,BCP
GNB,dp,10.0,1,-0.013688066319645253,0.0,0.5242336610757663,0.0,0.7582417582417582,0.0,0.7719298245614035,0.0,0.7456140350877193,0.0,2.0997767047732645,0.0,-0.036126373582186844,0.0,2.0997767047732645,4.240973151089729,2.0636503311910777,4.042129799957591,455,114,True,BCP
SVM,standard,,1,0.02793522267206483,0.0,0.5186813186813187,0.0,0.7384615384615385,0.0,0.7105263157894737,0.0,0.9473684210526315,0.0,0.10159313892026502,0.0,0.02848897164401172,0.0,0.10159313892026502,0.24218221799701453,0.13008211056427674,0.26916569433959575,455,114,True,BCP
SVM,dp,0.1,1,0.005899363794100609,0.0,0.4980721033352612,0.0,0.6901098901098901,0.0,0.6842105263157895,0.0,0.5526315789473685,0.0,1.502621566872374,0.0,-0.14176176345412617,0.0,1.502621566872374,2.354244338316435,1.3608598034182477,1.8297491971450683,455,114,True,BCP
SVM,dp,0.2,1,0.03233082706766921,0.0,0.49920956236745706,0.0,0.7428571428571429,0.0,0.7105263157894737,0.0,0.6666666666666666,0.0,1.1408552193138828,0.0,-0.18018169224001634,0.0,1.1408552193138828,2.279802951727456,0.9606735270738664,1.5785224928847073,455,114,True,BCP
SVM,dp,0.4,1,0.005205320994794704,0.0,0.5026026604973973,0.0,0.37362637362637363,0.0,0.3684210526315789,0.0,0.3684210526315789,0.0,21.634178620988006,0.0,0.17978541790294855,0.0,21.634178620988006,16.708691548803195,21.813964038890955,16.660690235877077,455,114,True,BCP
SVM,dp,0.8,1,-0.0026219394640446536,0.0,0.5065741276267591,0.0,0.8043956043956044,0.0,0.8070175438596491,0.0,0.8070175438596491,0.0,0.7436956768289342,0.0,-0.17324388486845943,0.0,0.7436956768289342,1.873625888451721,0.5704517919604748,1.2724048334340656,455,114,True,BCP
SVM,dp,1.0,1,-0.0004241372662424636,0.0,0.510140736456526,0.0,0.8065934065934066,0.0,0.8070175438596491,0.0,0.868421052631579,0.0,0.45942388125740097,0.0,-0.08813661271580314,0.0,0.45942388125740097,1.1120886895777928,0.3712872685415978,0.8020231435531884,455,114,True,BCP
SVM,dp,2.0,1,0.010468478889531507,0.0,0.5095816464237517,0.0,0.7736263736263737,0.0,0.7631578947368421,0.0,0.8947368421052632,0.0,0.23778824553028632,0.0,-0.003734257246476136,0.0,0.23778824553028632,0.44068002945458545,0.2340539882838102,0.39606208530587367,455,114,True,BCP
SVM,dp,4.0,1,-0.011490264121843063,0.0,0.5133024869866976,0.0,0.7604395604395604,0.0,0.7719298245614035,0.0,0.9035087719298246,0.0,0.20960266823139273,0.0,0.00834938170055724,0.0,0.20960266823139273,0.35489457814095926,0.21795204993194997,0.33601360919354045,455,114,True,BCP
SVM,dp,8.0,1,-0.007113938692886124,0.0,0.5179679969153653,0.0,0.756043956043956,0.0,0.7631578947368421,0.0,0.9035087719298246,0.0,0.20449549573483225,0.0,0.01116249860242019,0.0,0.20449549573483225,0.3390361924723608,0.21565799433725244,0.3223276550845006,455,114,True,BCP
SVM,dp,10.0,1,-0.009311740890688314,0.0,0.519491035280509,0.0,0.7538461538461538,0.0,0.7631578947368421,0.0,0.9035087719298246,0.0,0.203773669353544,0.0,0.011578187695083342,0.0,0.203773669353544,0.33707593889626,0.21535185704862733,0.32021592069200383,455,114,True,BCP
DNN,standard,,1,0.010776942355889663,0.0,0.5226045883940622,0.0,0.9142857142857143,0.0,0.9035087719298246,0.0,0.9736842105263158,0.0,0.049987684738129125,0.0,0.021906719059117098,0.0,0.049987684738129125,0.3224120926636584,0.07189440379724622,0.409878162718084,455,114,True,BCP
DNN,dp,0.1,1,-0.005205320994794649,0.0,0.5094274146905726,0.0,0.6263736263736264,0.0,0.631578947368421,0.0,0.631578947368421,0.0,0.6715414198519554,0.0,0.0005563760932763007,0.0,0.6715414198519554,0.09564852177803317,0.6720977959452317,0.0950511052745643,455,114,True,BCP
DNN,dp,0.2,1,-0.005205320994794649,0.0,0.5098708309234625,0.0,0.6263736263736264,0.0,0.631578947368421,0.0,0.631578947368421,0.0,0.6571714515821265,0.0,0.0007016175344239928,0.0,0.6571714515821265,0.1409200041450022,0.6578730691165505,0.14092624618062907,455,114,True,BCP
DNN,dp,0.4,1,-0.005205320994794649,0.0,0.5093310198573358,0.0,0.6263736263736264,0.0,0.631578947368421,0.0,0.631578947368421,0.0,0.6362080780881119,0.0,0.0005730616387398246,0.0,0.6362080780881119,0.2266193935758572,0.6367811397268517,0.2274145460514476,455,114,True,BCP
DNN,dp,0.8,1,-0.005205320994794649,0.0,0.50730672835936,0.0,0.6263736263736264,0.0,0.631578947368421,0.0,0.631578947368421,0.0,0.616517727631201,0.0,0.0012757048811153915,0.0,0.616517727631201,0.4046409198393424,0.6177934325123164,0.40722191296197074,455,114,True,BCP
DNN,dp,1.0,1,-0.005205320994794649,0.0,0.5068825910931174,0.0,0.6263736263736264,0.0,0.631578947368421,0.0,0.631578947368421,0.0,0.619365820616083,0.0,0.0019803228258035155,0.0,0.619365820616083,0.5023524370387923,0.6213461434418865,0.5060391235945666,455,114,True,BCP
DNN,dp,2.0,1,-0.005205320994794649,0.0,0.5052245999614421,0.0,0.6263736263736264,0.0,0.631578947368421,0.0,0.631578947368421,0.0,0.6625313111567286,0.0,0.006548069448987226,0.0,0.6625313111567286,0.7639921654352058,0.6690793806057158,0.7711624772319962,455,114,True,BCP
DNN,dp,4.0,1,-0.005205320994794649,0.0,0.5031231925968768,0.0,0.6263736263736264,0.0,0.631578947368421,0.0,0.631578947368421,0.0,0.596473656319797,0.0,0.010756246918369072,0.0,0.596473656319797,0.7649818636979581,0.6072299032381661,0.7716995814367432,455,114,True,BCP
DNN,dp,8.0,1,0.012377096587622982,0.0,0.5020628494312704,0.0,0.643956043956044,0.0,0.631578947368421,0.0,0.7631578947368421,0.0,0.41307588297317316,0.0,0.011456931873340792,0.0,0.41307588297317316,0.6375864098514198,0.42453281484651395,0.6292620029256017,455,114,True,BCP
DNN,dp,10.0,1,0.02134181607865815,0.0,0.5020628494312704,0.0,0.7318681318681318,0.0,0.7105263157894737,0.0,0.8421052631578947,0.0,0.34327507231804555,0.0,0.010406613895737882,0.0,0.34327507231804555,0.5945836837010058,0.35368168621378343,0.57168300181182,455,114,True,BCP
