Model,Epsilon,Accuracy,Accuracy_Std,F1,F1_Std,Precision,Recall,Baseline_Acc,ACL
RF,0.1,0.851125,0.0479369703360569,0.7592081829389998,0.1146947373409688,0.9839173157397296,0.6300319488817893,0.99375,0.142625
RF,0.2,0.8657499999999999,0.0338326149349017,0.7914272993047479,0.0767063396717227,0.9844293515967146,0.6677316293929711,0.99375,0.1280000000000001
RF,0.4,0.8720416666666667,0.0283660656516823,0.80437585992718,0.0600133842393365,0.984107148353026,0.6842385516506921,0.99375,0.1217083333333333
RF,0.6,0.8765833333333334,0.0264061493259093,0.8128467406548562,0.0573601196140787,0.984068395156692,0.6960596379126732,0.99375,0.1171666666666666
RF,0.8,0.8769166666666665,0.0261719739840582,0.8134532296670981,0.0564108320942284,0.9844090163149006,0.6965921192758254,0.99375,0.1168333333333335
RF,1.0,0.8777499999999997,0.0238537208837531,0.8154035489272127,0.050393740533157,0.9841043263718118,0.6990415335463259,0.99375,0.1160000000000003
RF,1.2,0.8779583333333333,0.0223897375425042,0.8159917957494113,0.0465580751591857,0.984259262286006,0.6994675186368476,0.99375,0.1157916666666667
RF,1.4,0.8782499999999999,0.0221585198061603,0.8165859586726766,0.0461778016321313,0.9839719795876104,0.7004259850905219,0.99375,0.1155000000000001
RF,1.6,0.8788750000000001,0.021282695435494,0.8178357567589456,0.0442023991901374,0.9838646570277144,0.7021299254526092,0.99375,0.1148749999999999
RF,1.8,0.8787499999999999,0.0219682536098495,0.8175176708528937,0.0457051328765527,0.9838612266880696,0.7018104366347178,0.99375,0.1150000000000001
RF,2.0,0.8785833333333332,0.022325091762907,0.8171645274330416,0.0466884486981461,0.983854970212824,0.701384451544196,0.99375,0.1151666666666668
RF,4.0,0.8789166666666668,0.0214954775605371,0.8178813848831122,0.0445536951336163,0.9838716517961212,0.7022364217252396,0.99375,0.1148333333333332
RF,6.0,0.8789583333333334,0.0214623782595395,0.8179591972441618,0.044500175246466,0.983873215199964,0.7023429179978701,0.99375,0.1147916666666666
RF,8.0,0.8789583333333334,0.0214623782595395,0.8179591972441618,0.044500175246466,0.983873215199964,0.7023429179978701,0.99375,0.1147916666666666
RF,10.0,0.8789583333333334,0.0214623782595395,0.8179591972441618,0.044500175246466,0.983873215199964,0.7023429179978701,0.99375,0.1147916666666666
LR,0.1,0.7217916666666666,0.0679948552996638,0.6679713726024491,0.0720491477783687,0.6371323170554294,0.7112886048988284,0.95625,0.2344583333333334
LR,0.2,0.7675416666666667,0.0468502527266988,0.7146345126521758,0.0503881441152367,0.6960441842429755,0.7410010649627263,0.95625,0.1887083333333333
LR,0.4,0.80575,0.0316105863069109,0.7550709823087504,0.036111287309874,0.7504644921676594,0.7641107561235357,0.95625,0.1505
LR,0.6,0.8244583333333335,0.0279409409389797,0.7759119019597275,0.0340284817910715,0.7785166783093341,0.7765708200212992,0.95625,0.1317916666666665
LR,0.8,0.838958333333333,0.0275399016075866,0.7933316676760795,0.0344610516248942,0.799242545337649,0.7900958466453674,0.95625,0.117291666666667
LR,1.0,0.8502083333333335,0.024656142180443,0.8071625355672671,0.0315329112036213,0.8149175673652,0.8017039403620874,0.95625,0.1060416666666665
LR,1.2,0.8602500000000003,0.0235217098301406,0.8197622395113304,0.0309376357607657,0.828275794381973,0.8133120340788073,0.95625,0.0959999999999997
LR,1.4,0.8682083333333334,0.0217339100767032,0.8300387407109845,0.0288034149393266,0.8381972018907278,0.8236421725239617,0.95625,0.0880416666666666
LR,1.6,0.8757083333333334,0.0205514682497923,0.8396568469499107,0.0274901879151187,0.8478594394203359,0.8331203407880724,0.95625,0.0805416666666666
LR,1.8,0.8805416666666669,0.0190166684925503,0.8458930441164173,0.0256711646890138,0.8539204171882873,0.8394036208732695,0.95625,0.0757083333333331
LR,2.0,0.885375,0.0169716368784314,0.8523323022769917,0.023045099928227,0.8590289157254742,0.8469648562300321,0.95625,0.070875
LR,4.0,0.9098333333333332,0.0134153726084004,0.8843900136050491,0.0174979510592956,0.8875642676552552,0.8821086261980831,0.95625,0.0464166666666668
LR,6.0,0.9365833333333332,0.0076166849015098,0.9185021512985078,0.0097448354578544,0.9240798450987684,0.9134185303514376,0.95625,0.0196666666666667
LR,8.0,0.9472083333333334,0.0055404133921175,0.9319905573968668,0.0070038304558272,0.9399541001688768,0.9243876464323748,0.95625,0.0090416666666666
LR,10.0,0.9519166666666666,0.005038738819277,0.9379662681725092,0.0064610861391619,0.94716293637783,0.9290734824281148,0.95625,0.0043333333333334
GNB,0.1,0.6782499999999999,0.1288699279635607,0.5722728587712652,0.1996629418989673,0.6289728695803661,0.6055378061767839,0.8900000000000001,0.2117500000000002
GNB,0.2,0.7716666666666667,0.1185033989198434,0.706786261118906,0.1277570612608841,0.8082494486766448,0.6979765708200213,0.8900000000000001,0.1183333333333334
GNB,0.4,0.8480416666666668,0.0825666923193339,0.7835777592409603,0.1525420820052296,0.8820902337359756,0.7261980830670928,0.8900000000000001,0.0419583333333333
GNB,0.6,0.8701666666666665,0.0510736124519197,0.8213626635696947,0.0405668367643257,0.9340253902938334,0.7424920127795528,0.8900000000000001,0.0198333333333335
GNB,0.8,0.8726666666666667,0.0688845148700989,0.8230304077103942,0.0530875433206175,0.9578008099401568,0.7321618743343984,0.8900000000000001,0.0173333333333334
GNB,1.0,0.8651666666666668,0.0662977291382509,0.8133987348253408,0.0666955804062215,0.9416923902455862,0.7318423855165069,0.8900000000000001,0.0248333333333333
GNB,1.2,0.8863750000000002,0.0151050143440293,0.8329021245932392,0.0288210679249859,0.9770597787535602,0.7270500532481364,0.8900000000000001,0.0036249999999998
GNB,1.4,0.8784166666666667,0.032587915278861,0.8287993186422882,0.026438108019514,0.9479258744519056,0.7419595314164006,0.8900000000000001,0.0115833333333333
GNB,1.6,0.8737083333333334,0.0475991107818436,0.8247712069461389,0.0377265143830723,0.9376295553932276,0.7429179978700748,0.8900000000000001,0.0162916666666667
GNB,1.8,0.88675,0.0072067676526998,0.8356105841656041,0.0089640202021072,0.9685435900785924,0.7354632587859427,0.8900000000000001,0.00325
GNB,2.0,0.8838333333333335,0.0241930890040018,0.8340815578347229,0.0214395055667392,0.9602756533631832,0.7413205537806178,0.8900000000000001,0.0061666666666666
GNB,4.0,0.8865416666666668,0.0079561515333873,0.8351219195604749,0.0084865491705598,0.9699553494305292,0.7336528221512248,0.8900000000000001,0.0034583333333333
GNB,6.0,0.8889166666666668,0.0058339285410623,0.8378029378029379,0.005519260930093,0.9785412816479054,0.7328008519701811,0.8900000000000001,0.0010833333333333
GNB,8.0,0.8900000000000001,1.1102230246251563e-16,0.8388474461467162,0.0001055886435807,0.9826956442334028,0.7317358892438766,0.8900000000000001,0.0
GNB,10.0,0.8781666666666668,0.0637244502177582,0.8312023406363029,0.0410645644979271,0.965204136062438,0.7382321618743345,0.8900000000000001,0.0118333333333333
SVM,0.1,0.8900000000000001,1.1102230246251563e-16,0.838827838827839,1.1102230246251563e-16,0.9828326180257508,0.7316293929712461,0.9575,0.0674999999999999
SVM,0.2,0.8900000000000001,1.1102230246251563e-16,0.838827838827839,1.1102230246251563e-16,0.9828326180257508,0.7316293929712461,0.9575,0.0674999999999999
SVM,0.4,0.8900000000000001,1.1102230246251563e-16,0.838827838827839,1.1102230246251563e-16,0.9828326180257508,0.7316293929712461,0.9575,0.0674999999999999
SVM,0.6,0.8900000000000001,1.1102230246251563e-16,0.838827838827839,1.1102230246251563e-16,0.9828326180257508,0.7316293929712461,0.9575,0.0674999999999999
SVM,0.8,0.8900000000000001,1.1102230246251563e-16,0.838827838827839,1.1102230246251563e-16,0.9828326180257508,0.7316293929712461,0.9575,0.0674999999999999
SVM,1.0,0.8900000000000001,1.1102230246251563e-16,0.838827838827839,1.1102230246251563e-16,0.9828326180257508,0.7316293929712461,0.9575,0.0674999999999999
SVM,1.2,0.8900000000000001,1.1102230246251563e-16,0.838827838827839,1.1102230246251563e-16,0.9828326180257508,0.7316293929712461,0.9575,0.0674999999999999
SVM,1.4,0.8900000000000001,1.1102230246251563e-16,0.838827838827839,1.1102230246251563e-16,0.9828326180257508,0.7316293929712461,0.9575,0.0674999999999999
SVM,1.6,0.8900000000000001,1.1102230246251563e-16,0.838827838827839,1.1102230246251563e-16,0.9828326180257508,0.7316293929712461,0.9575,0.0674999999999999
SVM,1.8,0.8900000000000001,1.1102230246251563e-16,0.838827838827839,1.1102230246251563e-16,0.9828326180257508,0.7316293929712461,0.9575,0.0674999999999999
SVM,2.0,0.8900000000000001,1.1102230246251563e-16,0.838827838827839,1.1102230246251563e-16,0.9828326180257508,0.7316293929712461,0.9575,0.0674999999999999
SVM,4.0,0.8900000000000001,1.1102230246251563e-16,0.838827838827839,1.1102230246251563e-16,0.9828326180257508,0.7316293929712461,0.9575,0.0674999999999999
SVM,6.0,0.8900000000000001,1.1102230246251563e-16,0.838827838827839,1.1102230246251563e-16,0.9828326180257508,0.7316293929712461,0.9575,0.0674999999999999
SVM,8.0,0.8900000000000001,1.1102230246251563e-16,0.838827838827839,1.1102230246251563e-16,0.9828326180257508,0.7316293929712461,0.9575,0.0674999999999999
SVM,10.0,0.8900000000000001,1.1102230246251563e-16,0.838827838827839,1.1102230246251563e-16,0.9828326180257508,0.7316293929712461,0.9575,0.0674999999999999
