dataset,dataset_dir,model,model_key,epsilon,accuracy_mean,balanced_accuracy_mean,AL,utility_n_runs,yeom_advantage,lira_auc,shokri_auc,lira_tpr_at_1pct
Breast Cancer,BCP,DP-DNN,DNN,0.1,0.5988304093567252,0.5473214285714286,0.384800240312406,,-0.0052053209947946,0.5001503759398497,0.5,0.0210989010989011
Breast Cancer,BCP,DP-DNN,DNN,0.2,0.6669590643274854,0.55,0.3148092520276357,,-0.0052053209947946,0.5005822247927512,0.5,0.0210989010989011
Breast Cancer,BCP,DP-DNN,DNN,0.4,0.6333333333333333,0.5023809523809525,0.349354160408531,,-0.0052053209947946,0.5010333526123001,0.5,0.021098901098901
Breast Cancer,BCP,DP-DNN,DNN,0.8,0.631578947368421,0.5,0.3511565034544908,,-0.0052053209947946,0.503165606323501,0.5005205320994794,0.0219780219780219
Breast Cancer,BCP,DP-DNN,DNN,1.0,0.6318713450292397,0.5003968253968254,0.3508561129468308,,-0.0052053209947946,0.5044457297088876,0.5010410641989589,0.0215384615384615
Breast Cancer,BCP,DP-DNN,DNN,2.0,0.6336257309941521,0.5027777777777778,0.349053769900871,,-0.0052053209947946,0.5077617119722383,0.5005205320994794,0.0210989010989011
Breast Cancer,BCP,DP-DNN,DNN,4.0,0.6801169590643277,0.5658730158730159,0.3012916791829375,,-0.0052053209947946,0.5090649701176015,0.5042722190090612,0.0215384615384615
Breast Cancer,BCP,DP-DNN,DNN,8.0,0.8453216374269005,0.790079365079365,0.1315710423550615,,0.0123770965876229,0.5095469442837863,0.5007653749759013,0.0193406593406593
Breast Cancer,BCP,DP-DNN,DNN,10.0,0.8687134502923975,0.8218253968253971,0.1075398017422649,,0.0213418160786581,0.5092423366107577,0.5066030460767303,0.0206593406593406
Breast Cancer,BCP,DP-GNB,GNB,0.1,0.4874269005847953,0.5039351851851852,0.4707936507936509,30.0,0.0074031231925968,0.4966255382044854,0.497794164899428,0.0155311355311355
Breast Cancer,BCP,DP-GNB,GNB,0.2,0.536842105263158,0.507010582010582,0.4171428571428571,30.0,0.0080971659919028,0.4975457875457876,0.5021907332433648,0.0153846153846153
Breast Cancer,BCP,DP-GNB,GNB,0.4,0.5517543859649122,0.4986441798941798,0.4009523809523811,30.0,-0.0007904376325429,0.5050845061371377,0.4953528050896472,0.0216849816849816
Breast Cancer,BCP,DP-GNB,GNB,0.8,0.5880116959064328,0.5354497354497354,0.3615873015873017,30.0,-0.0052053209947946,0.5076627466101151,0.5013922627080523,0.0221978021978021
Breast Cancer,BCP,DP-GNB,GNB,1.0,0.5739766081871345,0.5053240740740741,0.3768253968253969,30.0,-0.0052053209947946,0.5047882526829894,0.5031832787095946,0.0218315018315018
Breast Cancer,BCP,DP-GNB,GNB,2.0,0.6236842105263157,0.5271494708994708,0.322857142857143,30.0,0.0123770965876229,0.5080316175053017,0.4915355696934644,0.0256410256410256
Breast Cancer,BCP,DP-GNB,GNB,4.0,0.65906432748538,0.5444113756613757,0.2844444444444447,30.0,-0.0158280316175053,0.4977302229933809,0.4996018893387314,0.0184615384615384
Breast Cancer,BCP,DP-GNB,GNB,8.0,0.742982456140351,0.6649140211640211,0.1933333333333333,30.0,0.052014652014652,0.4904029304029303,0.4922112974744553,0.0135531135531135
Breast Cancer,BCP,DP-GNB,GNB,10.0,0.7187134502923976,0.6509920634920635,0.2196825396825399,30.0,-0.0136880663196452,0.4985826746353062,0.5088715378189063,0.0161904761904761
Breast Cancer,BCP,DP-LR,LR,0.1,0.5567251461988305,0.5272156084656084,0.3897435897435896,30.0,-0.002737613263929,0.4971210076473235,0.5015027954501639,0.0139926739926739
Breast Cancer,BCP,DP-LR,LR,0.2,0.5897660818713449,0.554861111111111,0.3535256410256411,30.0,0.0214382109118951,0.499205063941906,0.5024892359102885,0.0152380952380952
Breast Cancer,BCP,DP-LR,LR,0.4,0.6283625730994152,0.5936838624338623,0.3112179487179486,30.0,-0.0004819741661846,0.5023513912987598,0.5071055844740056,0.0163369963369963
Breast Cancer,BCP,DP-LR,LR,0.8,0.62046783625731,0.5900793650793651,0.3198717948717948,30.0,0.034567187198766,0.5031064841591157,0.4926675663517768,0.0172893772893772
Breast Cancer,BCP,DP-LR,LR,1.0,0.6789473684210526,0.6539021164021164,0.2557692307692307,30.0,0.0258723732407943,0.5039065612749823,0.5055218173639227,0.0146520146520146
Breast Cancer,BCP,DP-LR,LR,2.0,0.8277777777777777,0.8034722222222224,0.0926282051282051,30.0,0.0280701754385965,0.5023764539554014,0.4903177816335711,0.0183882783882783
Breast Cancer,BCP,DP-LR,LR,4.0,0.8964912280701756,0.8671296296296297,0.0173076923076921,30.0,-0.0092924619240408,0.5038268748795065,0.5063180386864597,0.0214652014652014
Breast Cancer,BCP,DP-LR,LR,8.0,0.91140350877193,0.8810846560846561,0.0009615384615383,30.0,0.0104106419895894,0.5011111111111112,0.495585437953859,0.0228571428571428
Breast Cancer,BCP,DP-LR,LR,10.0,0.9149122807017546,0.8851851851851852,-0.0028846153846155,30.0,-0.0137459032195874,0.4991028854186749,0.498982070561018,0.023076923076923
Breast Cancer,BCP,DP-RF,RF,0.1,0.7005847953216374,0.6043981481481481,0.2681734880879656,30.0,0.0034509350298823,0.5035640383008804,0.5005523423944476,0.0164835164835164
Breast Cancer,BCP,DP-RF,RF,0.2,0.7078947368421054,0.604728835978836,0.2605375687232739,30.0,-0.0140158087526509,0.4914909067540646,0.5013183600025706,0.0136263736263736
Breast Cancer,BCP,DP-RF,RF,0.4,0.7029239766081871,0.5971560846560847,0.2657299938912644,30.0,0.0013495276653171,0.493709915815179,0.5017961570593149,0.0093040293040293
Breast Cancer,BCP,DP-RF,RF,0.8,0.7119883040935674,0.6097883597883597,0.2562614538790466,30.0,0.0234625024098708,0.5051667630615,0.5026682089839984,0.0135531135531135
Breast Cancer,BCP,DP-RF,RF,1.0,0.7152046783625732,0.6139880952380952,0.2529016493585825,30.0,0.019047619047619,0.5070066191118822,0.507228648544438,0.0142857142857142
Breast Cancer,BCP,DP-RF,RF,2.0,0.7178362573099417,0.617559523809524,0.2501527183872933,30.0,0.0254867939078465,0.5063832658569501,0.5027038750722961,0.0131868131868131
Breast Cancer,BCP,DP-RF,RF,4.0,0.7198830409356727,0.6203373015873017,0.2480146609651797,30.0,0.0079429342587237,0.5084955979692822,0.5104116059379217,0.0169230769230769
Breast Cancer,BCP,DP-RF,RF,8.0,0.7198830409356727,0.6203373015873017,0.2480146609651797,30.0,0.0079429342587237,0.5087577919156867,0.5098187777135145,0.0151648351648351
Breast Cancer,BCP,DP-RF,RF,10.0,0.7198830409356727,0.6203373015873017,0.2480146609651797,30.0,0.0079429342587237,0.5087140929246193,0.5094891073838441,0.0151648351648351
Breast Cancer,BCP,DP-SVM,SVM,0.1,0.6219298245614036,0.5593253968253967,0.3435185185185183,30.0,0.0058993637941006,0.5002808302808304,0.4951519825204036,0.0183150183150183
Breast Cancer,BCP,DP-SVM,SVM,0.2,0.6891812865497077,0.6226521164021164,0.2725308641975306,30.0,0.0323308270676692,0.4979641411220359,0.5058514876935929,0.0191941391941391
Breast Cancer,BCP,DP-SVM,SVM,0.4,0.514327485380117,0.4896825396825396,0.4570987654320986,30.0,0.0052053209947947,0.5008669108669109,0.5001735106998264,0.0163369963369963
Breast Cancer,BCP,DP-SVM,SVM,0.8,0.8228070175438595,0.7854828042328044,0.1314814814814813,30.0,-0.0026219394640446,0.499289248762933,0.5016595977122293,0.0173626373626373
Breast Cancer,BCP,DP-SVM,SVM,1.0,0.8637426900584796,0.8281415343915343,0.0882716049382712,30.0,-0.0004241372662424,0.5019188998136367,0.5057676241886768,0.0154578754578754
Breast Cancer,BCP,DP-SVM,SVM,2.0,0.8991228070175441,0.8640873015873016,0.0509259259259253,30.0,0.0104684788895315,0.4965002249212776,0.4994891073838443,0.0167765567765567
Breast Cancer,BCP,DP-SVM,SVM,4.0,0.90233918128655,0.8674603174603175,0.0475308641975302,30.0,-0.011490264121843,0.4978510378510378,0.4922556390977444,0.0177289377289377
Breast Cancer,BCP,DP-SVM,SVM,8.0,0.9038011695906434,0.8694444444444446,0.0459876543209872,30.0,-0.0071139386928861,0.5053576248313091,0.4982620011567379,0.0215384615384615
Breast Cancer,BCP,DP-SVM,SVM,10.0,0.9035087719298248,0.8690476190476191,0.0462962962962957,30.0,-0.0093117408906883,0.5073035151982521,0.500730672835936,0.0216117216117216
Cancer Risk,CANCER_RISK,DP-DNN,DNN,0.1,0.6212222222222221,0.529655846322513,0.2966410869291735,,-0.0391666666666666,0.51616,0.5036138888888889,0.0181666666666666
Cancer Risk,CANCER_RISK,DP-DNN,DNN,0.2,0.639222222222222,0.5149411316077983,0.276261164926406,,-0.01,0.5176627777777778,0.4899783333333333,0.0194999999999999
Cancer Risk,CANCER_RISK,DP-DNN,DNN,0.4,0.6304444444444444,0.5006006006006006,0.2861995219524469,,-0.0033333333333332,0.5188344444444445,0.4992194444444444,0.0205
Cancer Risk,CANCER_RISK,DP-DNN,DNN,0.8,0.63,0.5,0.2867027299031325,,-0.0016666666666667,0.5188427777777778,0.4957702777777777,0.0193333333333333
Cancer Risk,CANCER_RISK,DP-DNN,DNN,1.0,0.6301111111111111,0.5001501501501502,0.2865769279154611,,-0.0008333333333333,0.5179927777777777,0.4919847222222221,0.0188333333333333
Cancer Risk,CANCER_RISK,DP-DNN,DNN,2.0,0.6379999999999999,0.5108108108108108,0.2776449867907914,,0.0025,0.5127022222222222,0.4885030555555555,0.018
Cancer Risk,CANCER_RISK,DP-DNN,DNN,4.0,0.7263333333333333,0.6325968825968826,0.1776324065920242,,0.015,0.5040866666666667,0.5007647222222222,0.0175
Cancer Risk,CANCER_RISK,DP-DNN,DNN,8.0,0.8127777777777777,0.7644096477429808,0.079758460183671,,0.01,0.4998155555555555,0.5007519444444444,0.0115
Cancer Risk,CANCER_RISK,DP-DNN,DNN,10.0,0.8266666666666664,0.7871442871442871,0.0640332117247455,,-0.01,0.4990705555555556,0.4877044444444444,0.0098333333333333
Cancer Risk,CANCER_RISK,DP-GNB,GNB,0.1,0.6155555555555556,0.5754754754754754,0.2583668005354748,30.0,0.005,0.5044956481481482,0.5001376851851852,0.0136111111111111
Cancer Risk,CANCER_RISK,DP-GNB,GNB,0.2,0.6415555555555557,0.5995805329138663,0.2270414993306555,30.0,-0.0441666666666666,0.4989826851851852,0.4973488425925926,0.0159444444444444
Cancer Risk,CANCER_RISK,DP-GNB,GNB,0.4,0.6965555555555555,0.6524643691310358,0.1607764390896918,30.0,0.0008333333333333,0.4938661111111112,0.5027752314814814,0.0099444444444444
Cancer Risk,CANCER_RISK,DP-GNB,GNB,0.8,0.724,0.6923399590066256,0.1277108433734936,30.0,0.0,0.4964363888888888,0.5014419444444446,0.0114444444444444
Cancer Risk,CANCER_RISK,DP-GNB,GNB,1.0,0.7317777777777777,0.705329138662472,0.1183400267737613,30.0,-0.0074999999999999,0.4958521296296296,0.4993707870370371,0.0120833333333333
Cancer Risk,CANCER_RISK,DP-GNB,GNB,2.0,0.8145555555555556,0.7751155917822583,0.0186077643908963,30.0,0.0008333333333332,0.5009571296296297,0.500317175925926,0.011
Cancer Risk,CANCER_RISK,DP-GNB,GNB,4.0,0.8284444444444444,0.7922732256065589,0.001874163319946,30.0,0.0125,0.5034012962962963,0.4992493981481481,0.0134166666666666
Cancer Risk,CANCER_RISK,DP-GNB,GNB,8.0,0.8243333333333334,0.7835573668907002,0.0068273092369472,30.0,-0.0091666666666666,0.4985401851851852,0.4993239814814815,0.0124444444444444
Cancer Risk,CANCER_RISK,DP-GNB,GNB,10.0,0.8281111111111112,0.7883526383526385,0.0022757697456486,30.0,-0.0066666666666665,0.4976988888888888,0.4945208796296297,0.0124444444444444
Cancer Risk,CANCER_RISK,DP-LR,LR,0.1,0.6157777777777779,0.5958529958529958,0.2755555555555554,30.0,-0.0349999999999999,0.5050862962962962,0.5013859722222221,0.0163611111111111
Cancer Risk,CANCER_RISK,DP-LR,LR,0.2,0.6691111111111111,0.6458649125315792,0.2128104575163398,30.0,-0.0391666666666666,0.5033790740740741,0.4968348611111111,0.0128333333333333
Cancer Risk,CANCER_RISK,DP-LR,LR,0.4,0.7387777777777781,0.7167715334382001,0.1308496732026139,30.0,-0.0308333333333333,0.5007894444444445,0.501661712962963,0.0138333333333333
Cancer Risk,CANCER_RISK,DP-LR,LR,0.8,0.7337777777777779,0.7155298155298155,0.1367320261437907,30.0,-0.0224999999999999,0.5051437962962964,0.5024409259259259,0.0166666666666666
Cancer Risk,CANCER_RISK,DP-LR,LR,1.0,0.8044444444444443,0.788779255445922,0.0535947712418302,30.0,-0.0183333333333333,0.5010730555555556,0.5022174537037036,0.0141111111111111
Cancer Risk,CANCER_RISK,DP-LR,LR,2.0,0.8452222222222222,0.8303136469803135,0.0056209150326796,30.0,-0.0024999999999999,0.505147037037037,0.494981574074074,0.0103611111111111
Cancer Risk,CANCER_RISK,DP-LR,LR,4.0,0.8493333333333335,0.834567901234568,0.0007843137254899,30.0,0.0033333333333332,0.5089501851851851,0.502782037037037,0.01075
Cancer Risk,CANCER_RISK,DP-LR,LR,8.0,0.8484444444444446,0.8324371991038657,0.0018300653594769,30.0,0.0016666666666667,0.5084700925925927,0.4987139814814815,0.0105277777777777
Cancer Risk,CANCER_RISK,DP-LR,LR,10.0,0.8485555555555558,0.8326493159826494,0.0016993464052283,30.0,0.0016666666666667,0.5075941666666667,0.5026918981481481,0.01075
Cancer Risk,CANCER_RISK,DP-RF,RF,0.1,0.6735555555555556,0.5796177129510462,0.2075816993464051,30.0,0.0316666666666666,0.4944296296296296,0.5025952777777778,0.0115
Cancer Risk,CANCER_RISK,DP-RF,RF,0.2,0.6861111111111112,0.5839434672768006,0.1928104575163397,30.0,-0.0083333333333333,0.5012628703703704,0.503528425925926,0.0096388888888888
Cancer Risk,CANCER_RISK,DP-RF,RF,0.4,0.6906666666666669,0.5865055531722199,0.1874509803921565,30.0,0.0,0.5007975,0.5024833796296296,0.0095555555555555
Cancer Risk,CANCER_RISK,DP-RF,RF,0.8,0.6996666666666667,0.5970565803899137,0.1768627450980392,30.0,0.01,0.5030999074074074,0.5017524074074075,0.0143888888888888
Cancer Risk,CANCER_RISK,DP-RF,RF,1.0,0.6977777777777778,0.5940702607369274,0.1790849673202613,30.0,-0.0008333333333332,0.5023329629629629,0.5006869907407407,0.0084166666666666
Cancer Risk,CANCER_RISK,DP-RF,RF,2.0,0.6989999999999998,0.596341579674913,0.1776470588235296,30.0,0.03,0.4988142592592592,0.5011776851851852,0.0089166666666666
Cancer Risk,CANCER_RISK,DP-RF,RF,4.0,0.7004444444444444,0.5979836979836981,0.1759477124183006,30.0,0.0433333333333333,0.4988743518518518,0.503894212962963,0.0108888888888888
Cancer Risk,CANCER_RISK,DP-RF,RF,8.0,0.701,0.598610515277182,0.1752941176470588,30.0,0.0433333333333333,0.4977866666666667,0.501627037037037,0.0110555555555555
Cancer Risk,CANCER_RISK,DP-RF,RF,10.0,0.7008888888888888,0.5983983983983985,0.1754248366013072,30.0,0.0433333333333333,0.4981312037037037,0.501627037037037,0.0109166666666666
Cancer Risk,CANCER_RISK,DP-SVM,SVM,0.1,0.7023333333333334,0.6675842509175841,0.2049056603773584,30.0,-0.01,0.5052662037037037,0.4977606481481481,0.0115833333333333
Cancer Risk,CANCER_RISK,DP-SVM,SVM,0.2,0.6515555555555554,0.6275942609275943,0.2623899371069184,30.0,-0.0041666666666666,0.5037119444444443,0.4979134259259259,0.0136111111111111
Cancer Risk,CANCER_RISK,DP-SVM,SVM,0.4,0.8324444444444443,0.805486438819772,0.0576100628930819,30.0,-0.0108333333333332,0.5057135185185185,0.500274351851852,0.0148055555555555
Cancer Risk,CANCER_RISK,DP-SVM,SVM,0.8,0.8475555555555555,0.8233662233662232,0.0405031446540881,30.0,0.01,0.5033416666666668,0.5010805555555555,0.0116111111111111
Cancer Risk,CANCER_RISK,DP-SVM,SVM,1.0,0.85,0.8267314933981601,0.0377358490566037,30.0,0.015,0.5034610185185184,0.5071139351851851,0.0119444444444444
Cancer Risk,CANCER_RISK,DP-SVM,SVM,2.0,0.8516666666666667,0.8286119452786119,0.0358490566037735,30.0,0.0083333333333333,0.5046373148148148,0.4963188888888889,0.0110555555555555
Cancer Risk,CANCER_RISK,DP-SVM,SVM,4.0,0.8514444444444444,0.8288693455360122,0.0361006289308175,30.0,0.0208333333333332,0.5069792592592592,0.4952910185185185,0.0134722222222222
Cancer Risk,CANCER_RISK,DP-SVM,SVM,8.0,0.8518888888888888,0.8295938795938796,0.0355974842767295,30.0,0.0124999999999999,0.5093148148148148,0.499610648148148,0.0148333333333333
Cancer Risk,CANCER_RISK,DP-SVM,SVM,10.0,0.8524444444444443,0.8303446303446304,0.0349685534591195,30.0,0.0124999999999999,0.5100707407407408,0.5065609722222222,0.0145833333333333
Diabetes,DIABETES,DP-DNN,DNN,0.1,0.7305773628498009,0.7305816445678682,0.0275063234731085,,0.0015248544625341,0.4989572569904254,0.4998012638441428,0.0102063551005251
Diabetes,DIABETES,DP-DNN,DNN,0.2,0.7358889124643421,0.7358939987323712,0.0204359587514985,,0.0010829863620286,0.4986311273443696,0.4999543733501895,0.0101179424610542
Diabetes,DIABETES,DP-DNN,DNN,0.4,0.73981186788316,0.7398170845619614,0.0152139938616806,,0.0020025115792887,0.4986324897707,0.5017009021054448,0.0098668505649567
Diabetes,DIABETES,DP-DNN,DNN,0.8,0.7431077162458448,0.7431124410563644,0.0108267901862206,,0.0013130168028774,0.4986935673405982,0.5014636739665417,0.0099870917546372
Diabetes,DIABETES,DP-DNN,DNN,1.0,0.7442181200933587,0.7442226896739347,0.0093486979607975,,0.0021087418137034,0.4986179858207037,0.5016936438773424,0.0099977012713737
Diabetes,DIABETES,DP-DNN,DNN,2.0,0.7465120116934248,0.7465162199585962,0.0062952293082777,,0.0007119796882869,0.498610325768129,0.5026448475703127,0.0100648948773716
Diabetes,DIABETES,DP-DNN,DNN,4.0,0.7472947167409295,0.7472987089141991,0.0052533468903572,,7.54537064460159e-05,0.4986361973612083,0.5022232741694259,0.0103301327957844
Diabetes,DIABETES,DP-DNN,DNN,8.0,0.7477827286229577,0.747786647933027,0.0046037394791843,,0.0006059220395466,0.4987714635095224,0.501904981913978,0.010273548706523
Diabetes,DIABETES,DP-DNN,DNN,10.0,0.7477874437136055,0.7477913173367737,0.0045974630790761,,0.001295518116245,0.4988534046864542,0.5024903531267604,0.0103159867734691
Diabetes,DIABETES,DP-GNB,GNB,0.1,0.6606737864535447,0.6606678054382645,0.0764023465822955,30.0,0.0036644741044932,0.5000467262790176,0.50058419181481,0.0097071183963126
Diabetes,DIABETES,DP-GNB,GNB,0.2,0.6884103071881558,0.6884100283398992,0.0376277107639578,30.0,0.0030294188527465,0.5002745751994242,0.4999823367525103,0.0093346064753417
Diabetes,DIABETES,DP-GNB,GNB,0.4,0.6963505198387437,0.6963485779594674,0.0265275855250155,30.0,0.0026064338761306,0.4997539080442876,0.5002776488293909,0.0098132135636777
Diabetes,DIABETES,DP-GNB,GNB,0.8,0.7095126953815686,0.7095123767878676,0.0081273482301766,30.0,0.0038611729990207,0.4995294233981279,0.5006259366834745,0.0102287529691911
Diabetes,DIABETES,DP-GNB,GNB,1.0,0.7145672725558149,0.7145675209054362,0.0010612352514671,30.0,0.0045678175388533,0.4998983800125202,0.5005606298474331,0.0097802061782752
Diabetes,DIABETES,DP-GNB,GNB,2.0,0.7153971285097954,0.715396406099798,-9.887284951481944e-05,30.0,0.0026763123149231,0.4994800139538102,0.500403177060311,0.0097660601559598
Diabetes,DIABETES,DP-GNB,GNB,4.0,0.7146214960982625,0.7146206547983377,0.0009854327335051,30.0,0.0028176224635773,0.4996099460375413,0.4992977879105077,0.0098952428105788
Diabetes,DIABETES,DP-GNB,GNB,8.0,0.7150599995284908,0.7150591142112412,0.0003724210665092,30.0,0.0026053608434598,0.5002322007265473,0.4990697337215358,0.0097896368598188
Diabetes,DIABETES,DP-GNB,GNB,10.0,0.7151802343400052,0.715179388540879,0.0002043372223325,30.0,0.0034189147048168,0.5006696272471802,0.5008072121090414,0.0096906147036113
Diabetes,DIABETES,DP-LR,LR,0.1,0.707546502581512,0.7075467965829382,0.0509439332131679,30.0,0.0014670532690823,0.5008816412026863,0.4988218099398085,0.0100831668228623
Diabetes,DIABETES,DP-LR,LR,0.2,0.7305820779404485,0.7305830285148436,0.0200455364766151,30.0,0.0027928376599979,0.5010571459510954,0.5003398866836062,0.0101203001314401
Diabetes,DIABETES,DP-LR,LR,0.4,0.7406912322889407,0.7406923676624882,0.0064857856623344,30.0,0.0020324026677108,0.5006635145460695,0.4999760375629902,0.0099175404782534
Diabetes,DIABETES,DP-LR,LR,0.8,0.7405639248414551,0.7405650565460726,0.0066565474496411,30.0,0.0033413562035163,0.5008400177067732,0.4998088754768475,0.0095591745795978
Diabetes,DIABETES,DP-LR,LR,1.0,0.7439847231063018,0.7439858893433348,0.0020681149796033,30.0,0.0041365484498694,0.5002428888656465,0.5007079572331415,0.0098957320271839
Diabetes,DIABETES,DP-LR,LR,2.0,0.7451375627696444,0.7451387155064556,0.0005217721278815,30.0,0.0039949644152539,0.4999084761077192,0.500386065315763,0.009979429325883
Diabetes,DIABETES,DP-LR,LR,4.0,0.7454935521135393,0.7454946976822857,4.4271574487053655e-05,30.0,0.0033053233162055,0.4998851675369659,0.4993549690669964,0.0100548747782316
Diabetes,DIABETES,DP-LR,LR,8.0,0.7454534738430346,0.745454607572998,9.80299149354602e-05,30.0,0.0032522719806605,0.4999722852002563,0.5002896865551134,0.0101509498464567
Diabetes,DIABETES,DP-LR,LR,10.0,0.7454393285710919,0.7454404609670596,0.0001170034468582,30.0,0.0035705649864808,0.4999685453020434,0.5006350562939307,0.0100654842949681
Diabetes,DIABETES,DP-RF,RF,0.1,0.6971096494330102,0.6971052784804782,0.0545387689848122,30.0,0.0007594407487285,0.4996226601823827,0.5000205232297313,0.0103943793138
Diabetes,DIABETES,DP-RF,RF,0.2,0.6985265341726195,0.6985224965416331,0.052617106314948,30.0,0.0004592917498881,0.4993094977234493,0.5007508868982915,0.010425618446413
Diabetes,DIABETES,DP-RF,RF,0.4,0.6991842893179621,0.6991804155962753,0.0517250199840129,30.0,-0.0013088372280686,0.4995912505901508,0.4995855476132671,0.0101639170335791
Diabetes,DIABETES,DP-RF,RF,0.8,0.699271518494943,0.6992676339355537,0.0516067146282974,30.0,-5.347529600596701e-05,0.49979569322463,0.5000393166215765,0.0104562681614296
Diabetes,DIABETES,DP-RF,RF,1.0,0.6991229931395431,0.6991189926946942,0.0518081534772182,30.0,0.0001233387273484,0.4996300766348636,0.4999012094170826,0.0103893044282944
Diabetes,DIABETES,DP-RF,RF,2.0,0.6993045241294763,0.6993006108908691,0.0515619504396483,30.0,0.0002117513668193,0.4997490015044347,0.4997991043137834,0.0103806930372099
Diabetes,DIABETES,DP-RF,RF,4.0,0.6993115967654479,0.6993076976998267,0.0515523581135091,30.0,0.0002117513668193,0.4997156434032646,0.4992679445332703,0.0103566565876257
Diabetes,DIABETES,DP-RF,RF,8.0,0.6993045241294763,0.6993006252305606,0.0515619504396483,30.0,0.0002824777265336,0.4997475193103162,0.500173739538797,0.0103164465191943
Diabetes,DIABETES,DP-RF,RF,10.0,0.6993045241294763,0.6993006252305606,0.0515619504396483,30.0,0.0002824777265336,0.4997492333903801,0.500222436879615,0.0103164465191943
Diabetes,DIABETES,DP-SVM,SVM,0.1,0.7255062828582879,0.7255091674315058,0.0295238095238096,30.0,0.0009555393452584,0.5025164590861829,0.5001630184458389,0.0093328382225522
Diabetes,DIABETES,DP-SVM,SVM,0.2,0.7259707192870782,0.7259736757278177,0.0289025543992431,30.0,7.145797289898059e-05,0.5021718287560868,0.5001839838534079,0.009251498594239
Diabetes,DIABETES,DP-SVM,SVM,0.4,0.726147535186364,0.7261505154718936,0.028666035950804,30.0,0.0001952581793331,0.5018425515475295,0.5003060662487595,0.0095025904903364
Diabetes,DIABETES,DP-SVM,SVM,0.8,0.7261711106396019,0.7261741062653848,0.0286345001576791,30.0,0.0001068605473121,0.5025826909647637,0.5005211360754163,0.0097006348027514
Diabetes,DIABETES,DP-SVM,SVM,1.0,0.7261546078223353,0.7261576062826258,0.0286565752128666,30.0,0.0001068680510371,0.5028649010584401,0.5003622620410972,0.0097183173306455
Diabetes,DIABETES,DP-SVM,SVM,2.0,0.726171110639602,0.7261741129350089,0.0286345001576789,30.0,7.76635534438519e-07,0.5035435689602148,0.5000887968093458,0.0101462345056849
Diabetes,DIABETES,DP-SVM,SVM,4.0,0.7261381050050686,0.7261411096346786,0.0286786502680543,30.0,0.0001775906588888,0.5036270854191421,0.4996284922650232,0.0100861139108446
Diabetes,DIABETES,DP-SVM,SVM,8.0,0.7261050993705355,0.7261081053339049,0.0287228003784294,30.0,0.0004604923458834,0.5035358926495694,0.4994215819472127,0.0100012377769525
Diabetes,DIABETES,DP-SVM,SVM,10.0,0.7260909540985927,0.7260939610623348,0.0287417218543044,30.0,0.0003190396264549,0.5035478703454924,0.5000992421195676,0.0100825774052658
Gallstone,GALLSTONE,DP-DNN,DNN,0.1,0.5020833333333333,0.5020833333333333,0.3586161011310712,,0.0019607843137254,0.5302083333333334,0.5,0.0086274509803921
Gallstone,GALLSTONE,DP-DNN,DNN,0.2,0.5046875,0.5046875,0.3552894211576847,,-0.0019607843137254,0.5305269607843137,0.5,0.0086274509803921
Gallstone,GALLSTONE,DP-DNN,DNN,0.4,0.5140625,0.5140625,0.3433133732534931,,-0.0019607843137254,0.5308946078431374,0.5,0.0086274509803921
Gallstone,GALLSTONE,DP-DNN,DNN,0.8,0.5213541666666667,0.5213541666666667,0.3339986693280107,,-0.0019607843137254,0.5311519607843137,0.5,0.0086274509803921
Gallstone,GALLSTONE,DP-DNN,DNN,1.0,0.5270833333333333,0.5270833333333333,0.3266799733865602,,-0.0019607843137254,0.531421568627451,0.5,0.0086274509803921
Gallstone,GALLSTONE,DP-DNN,DNN,2.0,0.5447916666666667,0.5447916666666667,0.3040585495675316,,-0.0098039215686274,0.5323161764705883,0.5,0.0094117647058823
Gallstone,GALLSTONE,DP-DNN,DNN,4.0,0.58125,0.58125,0.2574850299401197,,-0.0020220588235294,0.5332720588235295,0.5,0.0094117647058823
Gallstone,GALLSTONE,DP-DNN,DNN,8.0,0.6,0.6,0.2335329341317366,,-0.0058210784313725,0.5342892156862746,0.5,0.0101960784313725
Gallstone,GALLSTONE,DP-DNN,DNN,10.0,0.6046875,0.6046875,0.2275449101796407,,-0.0487745098039216,0.5351348039215686,0.5,0.0101960784313725
Gallstone,GALLSTONE,DP-GNB,GNB,0.1,0.5140625,0.5140625,0.06,30.0,0.017953431372549,0.4985334967320262,0.5107587826797385,0.0145098039215686
Gallstone,GALLSTONE,DP-GNB,GNB,0.2,0.4807291666666666,0.4807291666666666,0.120952380952381,30.0,-0.0094362745098038,0.4908578431372549,0.5093831699346405,0.0155555555555555
Gallstone,GALLSTONE,DP-GNB,GNB,0.4,0.5036458333333333,0.5036458333333333,0.079047619047619,30.0,0.0375612745098039,0.5100531045751634,0.5016676879084966,0.0134640522875817
Gallstone,GALLSTONE,DP-GNB,GNB,0.8,0.50625,0.50625,0.0742857142857142,30.0,0.1001838235294118,0.5000837418300653,0.4934732434640522,0.0173856209150326
Gallstone,GALLSTONE,DP-GNB,GNB,1.0,0.5052083333333334,0.5052083333333334,0.0761904761904761,30.0,0.060906862745098,0.4993545751633987,0.500830269607843,0.0129411764705882
Gallstone,GALLSTONE,DP-GNB,GNB,2.0,0.5088541666666667,0.5088541666666667,0.0695238095238094,30.0,0.0104779411764706,0.4965604575163398,0.506437908496732,0.0116339869281045
Gallstone,GALLSTONE,DP-GNB,GNB,4.0,0.5359375,0.5359375,0.0200000000000001,30.0,-0.036642156862745,0.5034579248366013,0.4880484068627452,0.0179084967320261
Gallstone,GALLSTONE,DP-GNB,GNB,8.0,0.5395833333333333,0.5395833333333333,0.0133333333333334,30.0,0.0224877450980391,0.5011397058823529,0.4978839869281045,0.0154248366013071
Gallstone,GALLSTONE,DP-GNB,GNB,10.0,0.5234375,0.5234375,0.0428571428571428,30.0,0.0339460784313725,0.5002798202614379,0.5028931781045752,0.0133333333333333
Gallstone,GALLSTONE,DP-LR,LR,0.1,0.5046875,0.5046875,0.3408163265306123,30.0,0.0140931372549019,0.4969546568627451,0.4879289215686275,0.0199999999999999
Gallstone,GALLSTONE,DP-LR,LR,0.2,0.5041666666666667,0.5041666666666667,0.3414965986394558,30.0,0.0063112745098039,0.495140931372549,0.505204248366013,0.0188235294117647
Gallstone,GALLSTONE,DP-LR,LR,0.4,0.5119791666666667,0.5119791666666667,0.3312925170068027,30.0,0.0101715686274509,0.4957393790849673,0.5095322712418301,0.0172549019607843
Gallstone,GALLSTONE,DP-LR,LR,0.8,0.5067708333333333,0.5067708333333333,0.3380952380952381,30.0,0.0255514705882352,0.4995741421568627,0.5086192810457517,0.0190849673202614
Gallstone,GALLSTONE,DP-LR,LR,1.0,0.51875,0.51875,0.3224489795918367,30.0,-0.0367647058823529,0.5010130718954249,0.4963265931372548,0.0147712418300653
Gallstone,GALLSTONE,DP-LR,LR,2.0,0.540625,0.540625,0.2938775510204081,30.0,-0.0246936274509803,0.4996160130718954,0.5115104166666666,0.0124183006535947
Gallstone,GALLSTONE,DP-LR,LR,4.0,0.5994791666666667,0.5994791666666667,0.2170068027210884,30.0,-0.0050857843137255,0.4960559640522876,0.5069485294117647,0.0118954248366013
Gallstone,GALLSTONE,DP-LR,LR,8.0,0.6604166666666667,0.6604166666666667,0.1374149659863945,30.0,-0.0445465686274509,0.493517156862745,0.4986672794117647,0.0115032679738562
Gallstone,GALLSTONE,DP-LR,LR,10.0,0.68125,0.68125,0.110204081632653,30.0,0.0022671568627451,0.491938316993464,0.4879799836601307,0.0113725490196078
Gallstone,GALLSTONE,DP-RF,RF,0.1,0.5208333333333334,0.5208333333333334,0.371069182389937,30.0,0.0450367647058823,0.4990543300653595,0.4999938725490195,0.0108496732026143
Gallstone,GALLSTONE,DP-RF,RF,0.2,0.5291666666666667,0.5291666666666667,0.3610062893081761,30.0,0.0607843137254902,0.506062091503268,0.4958823529411764,0.0137254901960784
Gallstone,GALLSTONE,DP-RF,RF,0.4,0.5395833333333333,0.5395833333333333,0.3484276729559749,30.0,0.0450367647058823,0.5037704248366013,0.5078349673202615,0.02
Gallstone,GALLSTONE,DP-RF,RF,0.8,0.5432291666666667,0.5432291666666667,0.3440251572327044,30.0,0.0215686274509804,0.5009722222222223,0.4899744689542483,0.0184313725490196
Gallstone,GALLSTONE,DP-RF,RF,1.0,0.5442708333333334,0.5442708333333334,0.3427672955974842,30.0,-0.040625,0.5007965686274509,0.4938899101307189,0.0215686274509803
Gallstone,GALLSTONE,DP-RF,RF,2.0,0.5510416666666667,0.5510416666666667,0.3345911949685535,30.0,0.0057598039215686,0.5111499183006536,0.4857843137254901,0.0198692810457516
Gallstone,GALLSTONE,DP-RF,RF,4.0,0.5489583333333333,0.5489583333333333,0.3371069182389937,30.0,-0.0176470588235294,0.5103819444444444,0.4985702614379085,0.0156862745098039
Gallstone,GALLSTONE,DP-RF,RF,8.0,0.5489583333333333,0.5489583333333333,0.3371069182389937,30.0,-0.0020833333333333,0.5121915849673203,0.485735294117647,0.0203921568627451
Gallstone,GALLSTONE,DP-RF,RF,10.0,0.5489583333333333,0.5489583333333333,0.3371069182389937,30.0,-0.0020833333333333,0.5121956699346406,0.4844955065359476,0.0202614379084967
Gallstone,GALLSTONE,DP-SVM,SVM,0.1,0.5026041666666666,0.5026041666666666,0.3566666666666667,30.0,0.0058823529411764,0.4888766339869281,0.5,0.0169934640522875
Gallstone,GALLSTONE,DP-SVM,SVM,0.2,0.5088541666666667,0.5088541666666667,0.3486666666666665,30.0,0.0570465686274509,0.4905269607843137,0.4866493055555556,0.0138562091503267
Gallstone,GALLSTONE,DP-SVM,SVM,0.4,0.5125,0.5125,0.3440000000000001,30.0,0.1352941176470588,0.4984763071895425,0.4959078839869281,0.006797385620915
Gallstone,GALLSTONE,DP-SVM,SVM,0.8,0.5010416666666667,0.5010416666666667,0.3586666666666666,30.0,0.107720588235294,0.5042973856209151,0.5075500408496733,0.0095424836601307
Gallstone,GALLSTONE,DP-SVM,SVM,1.0,0.51875,0.51875,0.3359999999999999,30.0,0.1157475490196078,0.4846732026143791,0.5090573937908497,0.0124183006535947
Gallstone,GALLSTONE,DP-SVM,SVM,2.0,0.5859375,0.5859375,0.25,30.0,0.1588848039215686,0.5007373366013071,0.5057853349673203,0.0081045751633986
Gallstone,GALLSTONE,DP-SVM,SVM,4.0,0.6833333333333333,0.6833333333333333,0.1253333333333333,30.0,0.1002450980392156,0.5122242647058823,0.5042238562091502,0.0101960784313725
Gallstone,GALLSTONE,DP-SVM,SVM,8.0,0.7130208333333333,0.7130208333333333,0.0873333333333333,30.0,-0.0756740196078431,0.5302062908496732,0.502235498366013,0.0088888888888888
Gallstone,GALLSTONE,DP-SVM,SVM,10.0,0.7166666666666667,0.7166666666666667,0.0826666666666666,30.0,-0.075735294117647,0.5393402777777777,0.5028462009803921,0.0101960784313725
Kidney Stone,KIDNEY_STONE,DP-DNN,DNN,0.1,0.6818749999999999,0.5938500042642244,0.2990233873040351,30.0,-0.0006249999999999,0.4950690625,0.5001249999999999,0.0171875
Kidney Stone,KIDNEY_STONE,DP-DNN,DNN,0.2,0.8144583333333332,0.7642558490945629,0.1627259487706676,30.0,0.0006249999999999,0.496003984375,0.4976584375,0.0194375
Kidney Stone,KIDNEY_STONE,DP-DNN,DNN,0.4,0.8899583333333335,0.8616546721686099,0.0851109397755502,30.0,0.009375,0.497310078125,0.5014009765624999,0.0185
Kidney Stone,KIDNEY_STONE,DP-DNN,DNN,0.8,0.8900000000000001,0.8617079203049252,0.0850681058853765,30.0,0.0096874999999999,0.503119453125,0.5029075390625001,0.0136875
Kidney Stone,KIDNEY_STONE,DP-DNN,DNN,1.0,0.8900000000000001,0.8617079203049252,0.0850681058853765,30.0,0.0096874999999999,0.503521015625,0.4996392578125,0.01625
Kidney Stone,KIDNEY_STONE,DP-DNN,DNN,2.0,0.8900000000000001,0.8617079203049252,0.0850681058853765,30.0,0.0096874999999999,0.5044240625,0.51637703125,0.0145625
Kidney Stone,KIDNEY_STONE,DP-DNN,DNN,4.0,0.8900000000000001,0.8617079203049252,0.0850681058853765,30.0,0.0096874999999999,0.505245859375,0.5011448828124999,0.0136875
Kidney Stone,KIDNEY_STONE,DP-DNN,DNN,8.0,0.8900000000000001,0.8617079203049252,0.0850681058853765,30.0,0.0096874999999999,0.50568765625,0.5176117578125,0.0121875
Kidney Stone,KIDNEY_STONE,DP-DNN,DNN,10.0,0.8900000000000001,0.8617079203049252,0.0850681058853765,30.0,0.0096874999999999,0.5059749218749999,0.5026215625,0.0111875
Kidney Stone,KIDNEY_STONE,DP-GNB,GNB,0.1,0.6784166666666668,0.6477800884771908,0.2377340823970037,30.0,0.0003125,0.4939174088541666,0.4988417317708332,0.0100625
Kidney Stone,KIDNEY_STONE,DP-GNB,GNB,0.2,0.7720833333333333,0.7513296726606354,0.1324906367041199,30.0,-0.006875,0.498449375,0.500443828125,0.0134895833333333
Kidney Stone,KIDNEY_STONE,DP-GNB,GNB,0.4,0.8528333333333333,0.8259299836210048,0.0417602996254683,30.0,0.0109374999999999,0.49877890625,0.5007968424479167,0.0109375
Kidney Stone,KIDNEY_STONE,DP-GNB,GNB,0.8,0.8618750000000002,0.8418986295438594,0.0316011235955056,30.0,0.0084375,0.4977275651041666,0.5003918098958333,0.0094270833333333
Kidney Stone,KIDNEY_STONE,DP-GNB,GNB,1.0,0.8772916666666668,0.8530391893162592,0.0142790262172284,30.0,0.0031249999999999,0.5001843229166666,0.4995167057291667,0.0123958333333333
Kidney Stone,KIDNEY_STONE,DP-GNB,GNB,2.0,0.8823750000000001,0.856605611719401,0.008567415730337,30.0,0.0096874999999999,0.5018140104166667,0.5000654361979167,0.0126249999999999
Kidney Stone,KIDNEY_STONE,DP-GNB,GNB,4.0,0.8893333333333334,0.8613125501593074,0.000749063670412,30.0,0.0096874999999999,0.5031329752604167,0.5021537304687498,0.0121770833333333
Kidney Stone,KIDNEY_STONE,DP-GNB,GNB,8.0,0.8887916666666668,0.861019849418207,0.0013576779026217,30.0,0.0096874999999999,0.5006246809895835,0.5030238020833333,0.0125729166666666
Kidney Stone,KIDNEY_STONE,DP-GNB,GNB,10.0,0.8840416666666667,0.8574989120760653,0.0066947565543071,30.0,0.0096874999999999,0.5011215429687499,0.50221390625,0.0116927083333333
Kidney Stone,KIDNEY_STONE,DP-LR,LR,0.1,0.7115833333333332,0.6992785806911542,0.228635953026197,30.0,-0.024375,0.4997405729166667,0.4977984505208333,0.0124583333333333
Kidney Stone,KIDNEY_STONE,DP-LR,LR,0.2,0.7621249999999999,0.7497329939448011,0.1738482384823848,30.0,-0.0018749999999999,0.4992576041666667,0.49818466796875,0.0123749999999999
Kidney Stone,KIDNEY_STONE,DP-LR,LR,0.4,0.7995833333333333,0.7881666677600575,0.1332429990966576,30.0,-0.0040624999999999,0.4987109765625001,0.4998587955729166,0.0132291666666666
Kidney Stone,KIDNEY_STONE,DP-LR,LR,0.8,0.7955,0.7847747505428685,0.1376693766937669,30.0,-0.005,0.5003642903645834,0.4971787239583333,0.0110208333333333
Kidney Stone,KIDNEY_STONE,DP-LR,LR,1.0,0.8314583333333333,0.8216529664788222,0.0986901535682023,30.0,0.0012499999999999,0.498424609375,0.5005874479166667,0.0120416666666666
Kidney Stone,KIDNEY_STONE,DP-LR,LR,2.0,0.9050833333333334,0.8900776963566028,0.0188798554652213,30.0,0.0262500000000001,0.4977096223958334,0.5021886653645834,0.0112083333333333
Kidney Stone,KIDNEY_STONE,DP-LR,LR,4.0,0.9197083333333332,0.9016334166497192,0.003026196928636,30.0,0.0324999999999999,0.50057734375,0.49574447265625,0.0105312499999999
Kidney Stone,KIDNEY_STONE,DP-LR,LR,8.0,0.9214166666666668,0.9027702151574593,0.001174345076784,30.0,0.0190624999999999,0.5015388932291667,0.5005173763020834,0.0118645833333333
Kidney Stone,KIDNEY_STONE,DP-LR,LR,10.0,0.921875,0.9032417946480704,0.0006775067750677,30.0,0.020625,0.5018203906249998,0.5018381380208334,0.0118958333333333
Kidney Stone,KIDNEY_STONE,DP-RF,RF,0.1,0.8520416666666666,0.8126471430789449,0.0971743929359824,30.0,0.0118749999999999,0.5012562239583332,0.5022007617187499,0.0146041666666666
Kidney Stone,KIDNEY_STONE,DP-RF,RF,0.2,0.8719166666666667,0.8382938291204983,0.0761147902869756,30.0,0.0149999999999999,0.5015322135416667,0.4992670377604167,0.0116041666666666
Kidney Stone,KIDNEY_STONE,DP-RF,RF,0.4,0.8790833333333334,0.8475095835711458,0.068520971302428,30.0,0.0096875,0.5015435286458334,0.4985202278645833,0.0134166666666666
Kidney Stone,KIDNEY_STONE,DP-RF,RF,0.8,0.8792916666666667,0.8477948492541981,0.0683002207505518,30.0,0.00875,0.5007315494791666,0.502484765625,0.0110625
Kidney Stone,KIDNEY_STONE,DP-RF,RF,1.0,0.8790416666666668,0.8474753604363067,0.0685651214128033,30.0,0.0103125,0.5000891341145832,0.50141634765625,0.012125
Kidney Stone,KIDNEY_STONE,DP-RF,RF,2.0,0.8800000000000001,0.8486810425700809,0.067549668874172,30.0,0.0103124999999999,0.50112291015625,0.5025755794270834,0.0116770833333333
Kidney Stone,KIDNEY_STONE,DP-RF,RF,4.0,0.8802083333333334,0.848966308253133,0.0673289183222957,30.0,0.0093749999999999,0.5003635807291666,0.5015557942708334,0.0114166666666666
Kidney Stone,KIDNEY_STONE,DP-RF,RF,8.0,0.8802083333333334,0.848966308253133,0.0673289183222957,30.0,0.0093749999999999,0.5001144596354167,0.5013042187500001,0.0116145833333333
Kidney Stone,KIDNEY_STONE,DP-RF,RF,10.0,0.8802083333333334,0.848966308253133,0.0673289183222957,30.0,0.0093749999999999,0.5001107486979166,0.5013027473958335,0.0116145833333333
Kidney Stone,KIDNEY_STONE,DP-SVM,SVM,0.1,0.7422500000000001,0.7275488581718943,0.2040214477211795,30.0,-0.0168749999999999,0.4987728190104166,0.49853408203125,0.0127291666666666
Kidney Stone,KIDNEY_STONE,DP-SVM,SVM,0.2,0.8807500000000001,0.8555753094842911,0.0554959785522786,30.0,0.008125,0.50155328125,0.4959556575520833,0.0119687499999999
Kidney Stone,KIDNEY_STONE,DP-SVM,SVM,0.4,0.8900000000000001,0.8617079203049252,0.0455764075067022,30.0,0.00375,0.5026397265624999,0.4994815755208333,0.0102916666666666
Kidney Stone,KIDNEY_STONE,DP-SVM,SVM,0.8,0.8900000000000001,0.8617079203049252,0.0455764075067022,30.0,0.0096874999999999,0.5050062630208333,0.5004722721354167,0.0113541666666666
Kidney Stone,KIDNEY_STONE,DP-SVM,SVM,1.0,0.8900000000000001,0.8617079203049252,0.0455764075067022,30.0,0.0096874999999999,0.5053585677083333,0.4999588020833334,0.0115416666666666
Kidney Stone,KIDNEY_STONE,DP-SVM,SVM,2.0,0.8900000000000001,0.8617079203049252,0.0455764075067022,30.0,0.0096874999999999,0.5055587630208334,0.49868033203125,0.0115520833333333
Kidney Stone,KIDNEY_STONE,DP-SVM,SVM,4.0,0.8900000000000001,0.8617079203049252,0.0455764075067022,30.0,0.0096874999999999,0.5056334375,0.5001950911458333,0.0120833333333333
Kidney Stone,KIDNEY_STONE,DP-SVM,SVM,8.0,0.8900000000000001,0.8617079203049252,0.0455764075067022,30.0,0.0096874999999999,0.5047498437500001,0.5022878320312499,0.0115520833333333
Kidney Stone,KIDNEY_STONE,DP-SVM,SVM,10.0,0.8900000000000001,0.8617079203049252,0.0455764075067022,30.0,0.0096874999999999,0.5049495442708334,0.5016741276041666,0.0119583333333333
Lung Cancer,LUNG_CANCER,DP-DNN,DNN,0.1,0.9694133333333332,0.9684033001453892,0.0305866666666667,30.0,-0.0007499999999999,0.5002978985000001,0.500780572,0.010155
Lung Cancer,LUNG_CANCER,DP-DNN,DNN,0.2,0.98782,0.9876172299438952,0.0121799999999999,30.0,0.000475,0.500281855,0.5003162187499999,0.009915
Lung Cancer,LUNG_CANCER,DP-DNN,DNN,0.4,0.9998133333333332,0.9998109321719166,0.0001866666666666,30.0,-0.001,0.500606214,0.4982105477499999,0.010095
Lung Cancer,LUNG_CANCER,DP-DNN,DNN,0.8,1.0,1.0,0.0,30.0,-0.0006499999999999,0.5017854665,0.49827928825,0.01008
Lung Cancer,LUNG_CANCER,DP-DNN,DNN,1.0,1.0,1.0,0.0,30.0,-0.0006499999999999,0.5014592725,0.49945506225,0.009935
Lung Cancer,LUNG_CANCER,DP-DNN,DNN,2.0,1.0,1.0,0.0,30.0,2.4999999999941735e-05,0.5016581624999998,0.4996172905,0.00985
Lung Cancer,LUNG_CANCER,DP-DNN,DNN,4.0,1.0,1.0,0.0,30.0,-0.000375,0.4998598009999999,0.502284377,0.00983
Lung Cancer,LUNG_CANCER,DP-DNN,DNN,8.0,1.0,1.0,0.0,30.0,0.0008249999999999,0.4994528104999999,0.499992545,0.010055
Lung Cancer,LUNG_CANCER,DP-DNN,DNN,10.0,1.0,1.0,0.0,30.0,0.0008249999999999,0.49856657225,0.49985262075,0.01018
Lung Cancer,LUNG_CANCER,DP-GNB,GNB,0.1,0.7865,0.7854379369082148,0.1193595342066957,30.0,0.00065,0.4992443296666666,0.5000281905416667,0.0101245833333333
Lung Cancer,LUNG_CANCER,DP-GNB,GNB,0.2,0.8210733333333333,0.8157907280363558,0.0806479304295898,30.0,-0.001125,0.4999142439166666,0.5004872490833333,0.0100916666666666
Lung Cancer,LUNG_CANCER,DP-GNB,GNB,0.4,0.8728300000000002,0.8687713400029212,0.0226962266263573,30.0,-0.00395,0.5006536047083334,0.4992416314999999,0.0103341666666666
Lung Cancer,LUNG_CANCER,DP-GNB,GNB,0.8,0.8880333333333333,0.8863490822994342,0.0056731235770537,30.0,-0.000925,0.4995061413333334,0.4998697554583333,0.0099283333333333
Lung Cancer,LUNG_CANCER,DP-GNB,GNB,1.0,0.8863233333333335,0.8840069050155297,0.0075878027843091,30.0,-0.0046249999999999,0.5012865430000001,0.500455313125,0.0102158333333333
Lung Cancer,LUNG_CANCER,DP-GNB,GNB,2.0,0.8937033333333334,0.8917694671446582,-0.0006755495838466,30.0,-0.002475,0.5004965128333334,0.5002223280833333,0.0107583333333333
Lung Cancer,LUNG_CANCER,DP-GNB,GNB,4.0,0.8941733333333334,0.8923604488286581,-0.0012018064419812,30.0,-0.00345,0.5001084010416667,0.5004705050416667,0.0104378571428571
Lung Cancer,LUNG_CANCER,DP-GNB,GNB,8.0,0.8934533333333334,0.8915982627248595,-0.0003956257231367,30.0,-0.002475,0.5005780251666666,0.500529197375,0.0104308333333333
Lung Cancer,LUNG_CANCER,DP-GNB,GNB,10.0,0.8931000000000001,0.8912403843359876,-2.220446049250313e-16,30.0,-0.002475,0.5008898118749999,0.4998649083333333,0.0107883333333333
Lung Cancer,LUNG_CANCER,DP-LR,LR,0.1,0.8216999999999999,0.8165290391585012,0.1783000000000001,30.0,-0.004225,0.5005545619166667,0.5000973474583333,0.0109033333333333
Lung Cancer,LUNG_CANCER,DP-LR,LR,0.2,0.9064666666666668,0.9036597853186522,0.0935333333333332,30.0,-0.0054,0.5002600525,0.5010520521666667,0.01049
Lung Cancer,LUNG_CANCER,DP-LR,LR,0.4,0.9526166666666668,0.9510153077839892,0.0473833333333332,30.0,-0.0016,0.4997142585416667,0.5000035630833334,0.0105916666666666
Lung Cancer,LUNG_CANCER,DP-LR,LR,0.8,0.9723833333333332,0.9716184218596192,0.0276166666666667,30.0,0.002175,0.499286659875,0.5008748104166667,0.0105658333333333
Lung Cancer,LUNG_CANCER,DP-LR,LR,1.0,0.9768066666666666,0.9761993321484574,0.0231933333333334,30.0,0.0034999999999999,0.4993450034166666,0.5001426730416668,0.0104416666666666
Lung Cancer,LUNG_CANCER,DP-LR,LR,2.0,0.9383066666666664,0.9364259819530872,0.0616933333333334,30.0,-0.00045,0.4988143218333333,0.5004574930000001,0.0098608333333333
Lung Cancer,LUNG_CANCER,DP-LR,LR,4.0,0.9938433333333332,0.9937150504761448,0.0061566666666668,30.0,0.003925,0.4987936522083334,0.4997492395833333,0.010315
Lung Cancer,LUNG_CANCER,DP-LR,LR,8.0,0.9981133333333332,0.9980812823017724,0.0018866666666668,30.0,0.0041999999999999,0.4996363834166667,0.5001970289166666,0.0093024999999999
Lung Cancer,LUNG_CANCER,DP-LR,LR,10.0,0.9987566666666666,0.9987367821414666,0.0012433333333333,30.0,0.0041999999999999,0.499584925625,0.49983812725,0.0092033333333333
Lung Cancer,LUNG_CANCER,DP-RF,RF,0.1,0.8815533333333332,0.8787932715906815,0.1184466666666668,30.0,0.0020749999999999,0.4999799715,0.500273452625,0.0094766666666666
Lung Cancer,LUNG_CANCER,DP-RF,RF,0.2,0.8871066666666667,0.8844138242302001,0.1128933333333332,30.0,-0.0058749999999999,0.499991594625,0.5000892203333333,0.0101316666666666
Lung Cancer,LUNG_CANCER,DP-RF,RF,0.4,0.8890166666666666,0.8864592374868218,0.1109833333333334,30.0,-0.0057249999999999,0.5000117357916667,0.5003722888750001,0.0092683333333333
Lung Cancer,LUNG_CANCER,DP-RF,RF,0.8,0.8872933333333335,0.8846844035686601,0.1127066666666665,30.0,-0.0057249999999999,0.5000821706249999,0.5003419460000001,0.0094966666666666
Lung Cancer,LUNG_CANCER,DP-RF,RF,1.0,0.8865566666666669,0.8839677942071233,0.1134433333333331,30.0,-0.0057249999999999,0.5001389719583333,0.4996910435833333,0.0094366666666666
Lung Cancer,LUNG_CANCER,DP-RF,RF,2.0,0.8862066666666668,0.8836132920294673,0.1137933333333331,30.0,-0.0057249999999999,0.500151580375,0.5003567208333334,0.0095158333333333
Lung Cancer,LUNG_CANCER,DP-RF,RF,4.0,0.8865733333333334,0.8839846752632023,0.1134266666666665,30.0,-0.0057249999999999,0.5000722850416667,0.4994440644999999,0.0094908333333333
Lung Cancer,LUNG_CANCER,DP-RF,RF,8.0,0.8869100000000002,0.8843256725959955,0.1130899999999998,30.0,-0.0057249999999999,0.5000876464166668,0.4992370810416666,0.0094866666666666
Lung Cancer,LUNG_CANCER,DP-RF,RF,10.0,0.8869100000000002,0.8843256725959955,0.1130899999999998,30.0,-0.0057249999999999,0.5000876464166668,0.4992524907083333,0.0094866666666666
Lung Cancer,LUNG_CANCER,DP-SVM,SVM,0.1,0.9459233333333332,0.9444707616925718,0.0540766666666666,30.0,0.0013499999999999,0.4992830489166667,0.5003274422916667,0.0101066666666666
Lung Cancer,LUNG_CANCER,DP-SVM,SVM,0.2,0.9506766666666668,0.9493867061510268,0.0493233333333332,30.0,-0.0023499999999999,0.4995175896666666,0.4997049531666667,0.0096925
Lung Cancer,LUNG_CANCER,DP-SVM,SVM,0.4,0.9516433333333334,0.9503658074036015,0.0483566666666666,30.0,-0.0027749999999999,0.49937399375,0.5005968968333334,0.0095575
Lung Cancer,LUNG_CANCER,DP-SVM,SVM,0.8,0.95395,0.952702145564917,0.0460499999999999,30.0,-0.000325,0.4994179590833332,0.4995178879583333,0.009645
Lung Cancer,LUNG_CANCER,DP-SVM,SVM,1.0,0.9541233333333332,0.952877708548137,0.0458766666666666,30.0,-0.000325,0.4994893981666667,0.5002527446666666,0.0097041666666666
Lung Cancer,LUNG_CANCER,DP-SVM,SVM,2.0,0.95341,0.9521551993479614,0.0465899999999999,30.0,-0.000325,0.4998503279166666,0.4999480263333333,0.0101633333333333
Lung Cancer,LUNG_CANCER,DP-SVM,SVM,4.0,0.9516233333333336,0.9503455501363066,0.0483766666666665,30.0,-0.000325,0.5007205858333333,0.4996835021666667,0.0106916666666666
Lung Cancer,LUNG_CANCER,DP-SVM,SVM,8.0,0.9512,0.9499167713119036,0.0487999999999999,30.0,-0.000325,0.5016697471666666,0.5008007899166667,0.0105449999999999
Lung Cancer,LUNG_CANCER,DP-SVM,SVM,10.0,0.9512,0.9499167713119036,0.0487999999999999,30.0,-0.000325,0.50184424675,0.5002770572083333,0.0104733333333333
