artifact_path,type,referee_items,manuscript_location,source_files,generated_by,notes
analysis/tables/csv/dataset_characteristics.csv,table (CSV),[48][49][50],Section 3.1 (Datasets),<DS>/data/processed_data.pkl; Results/dataset_results/consolidated_data.csv; analysis/correlation_stats/majority_class_accuracy.csv,analysis/src/build_tables.py,Real/synthetic is [MISSING] for all six datasets: not recorded in the repository and not derivable from the source URL. URLs reproduced verbatim.
analysis/tables/csv/baseline_accuracy_matrix.csv,table (CSV),[11][51],Section 4.1 (Non-private baselines),Results/dataset_results/consolidated_data.csv; <DS>/<FAMILY>/**/std_*_report.json; Attack/MIA_Shokri/results/<DS>/<DS>_results.csv,analysis/src/build_tables.py,Carries both the 30-run mean accuracy and the exported run-0 artefact accuracy the attacks target; they differ by at most 0.0099. Neither is chosen for the reader. See gaps.md 4.1.
analysis/tables/csv/baseline_leakage_all_pairs.csv,table (CSV),[10],"Section 4.3 (Leakage, non-private targets)",Results/attack_results/consolidated_mia_data.csv; Attack/LiRA/results/<DS>/<DS>_lira_results.csv; Attack/MIA_Shokri/results/<DS>/<DS>_results.csv; Attack/MIA_YEOM/results/<DS>/<DS>_mia_results.csv,analysis/src/build_tables.py,"All 30 dataset x family pairs, all three attacks, each metric with its SD."
analysis/tables/csv/evaluation_set_sizes.csv,table (CSV),[8],Section 3.4 (Attack protocol),Attack/LiRA/results/<DS>/<DS>_lira_results.csv; Attack/MIA_Shokri/results/<DS>/<DS>_results.csv; Attack/MIA_YEOM/results/<DS>/<DS>_mia_results.csv; <DS>/data/processed_data.pkl,analysis/src/build_tables.py,"Sets are 4:1 imbalanced, not the balanced 1:1 design requested; balanced == False on all 300 LiRA rows and cannot be fixed post hoc. Gallstone's minimum resolvable FPR (0.0156) exceeds 1%. See gaps.md 1.1."
analysis/tables/csv/residual_leakage_eps1.csv,table (CSV),[14][15],Section 4.4 (Residual leakage under DP),Results/attack_results/consolidated_mia_data.csv; Attack/LiRA/results/<DS>/<DS>_lira_results.csv; Attack/MIA_Shokri/results/<DS>/<DS>_results.csv; Attack/MIA_YEOM/results/<DS>/<DS>_mia_results.csv,analysis/src/build_tables.py,DP targets at eps=1.0. The LiRA 95% CI bootstraps saved seed-level integer outcomes; repeated evaluations of the same records are not pooled.
analysis/tables/csv/rho_by_epsilon.csv,table (CSV),[19],Section 4.5 (Utility-leakage association),analysis/correlation_stats/rho_by_epsilon.csv,analysis/src/build_tables.py,Primary all-pairs rows use artifact-matched ACL_exported at all nine budgets. Significance markers are uncorrected. Exact p-values are in the CSV; balanced-accuracy rows are explicitly labeled sensitivity rows.
analysis/tables/csv/within_pair_correlations.csv,table (CSV),[18],Section 4.5 (Utility-leakage association),analysis/within_pair/summary.csv; analysis/within_pair/pair_correlations.csv,analysis/src/build_tables.py,Uses artifact-matched ACL_exported across nine budgets inside each pair. One Shokri pair is undefined. Significance counts are uncorrected.
analysis/tables/csv/bound_violations.csv,table (CSV),[3][33],Section 5 (Discussion) / [TBD],Results/attack_results/consolidated_mia_data.csv; Attack/LiRA/results/<DS>/<DS>_lira_results.csv,analysis/src/build_tables.py,Descriptive screening only; no confidence or guarantee-exceedance claim is computed. See the table note and gaps.md 4.2.
analysis/tables/csv/config_inventory.csv,table (CSV),[9][59][61],Appendix A (Reproducibility) / [TBD],<DS>/<FAMILY>/**/std_*_report.json; <DS>/<FAMILY>/**/dp_*_report.json; Results/dataset_results/consolidated_data.csv,analysis/src/build_tables.py,All software-version fields are [MISSING]: not recorded in any report and deliberately not read from the current machine. Hyperparameters missing on 11 non-private and 7 DP configs. See gaps.md 2.
analysis/figures/pdf/gap_vs_leakage.pdf,"figure (PDF, vector)",[51][65],Section 4.3 (Memorisation and leakage),analysis/tables/csv/baseline_accuracy_matrix.csv; analysis/tables/csv/baseline_leakage_all_pairs.csv,analysis/src/build_figures.py,"Two panels: train-test gap vs baseline LiRA TPR@1% and vs baseline LiRA AUC. Spearman rho, n, p annotated on each axis. No in-image title."
analysis/figures/png/gap_vs_leakage.png,"figure (PNG, 300 dpi)",[51][65],Section 4.3 (Memorisation and leakage),analysis/tables/csv/baseline_accuracy_matrix.csv; analysis/tables/csv/baseline_leakage_all_pairs.csv,analysis/src/build_figures.py,"Two panels: train-test gap vs baseline LiRA TPR@1% and vs baseline LiRA AUC. Spearman rho, n, p annotated on each axis. No in-image title."
analysis/figures/pdf/gap_vs_leakage_vs_N.pdf,"figure (PDF, vector)",[51][65],Section 4.3 (Memorisation and leakage),analysis/tables/csv/baseline_accuracy_matrix.csv; analysis/tables/csv/baseline_leakage_all_pairs.csv; Results/dataset_results/consolidated_data.csv,analysis/src/build_figures.py,"Places the gap-based relationship beside the existing N-based one on a shared y axis, for direct comparison."
analysis/figures/png/gap_vs_leakage_vs_N.png,"figure (PNG, 300 dpi)",[51][65],Section 4.3 (Memorisation and leakage),analysis/tables/csv/baseline_accuracy_matrix.csv; analysis/tables/csv/baseline_leakage_all_pairs.csv; Results/dataset_results/consolidated_data.csv,analysis/src/build_figures.py,"Places the gap-based relationship beside the existing N-based one on a shared y axis, for direct comparison."
analysis/figures/pdf/residual_floor_ci.pdf,"figure (PDF, vector)",[14][15],Section 4.4 (Residual leakage under DP),analysis/tables/csv/residual_leakage_eps1.csv; analysis/tables/csv/baseline_leakage_all_pairs.csv,analysis/src/build_figures.py,"RQ2b common-floor figure with run-level bootstrap error bars on every point. Floor estimator (median, with IQR) stated in the axis annotation."
analysis/figures/png/residual_floor_ci.png,"figure (PNG, 300 dpi)",[14][15],Section 4.4 (Residual leakage under DP),analysis/tables/csv/residual_leakage_eps1.csv; analysis/tables/csv/baseline_leakage_all_pairs.csv,analysis/src/build_figures.py,"RQ2b common-floor figure with run-level bootstrap error bars on every point. Floor estimator (median, with IQR) stated in the axis annotation."
analysis/figures/pdf/rq1c_utility_vs_protection_exported.pdf,"figure (PDF, vector)",[72][73][75],Section 4.5 (RQ1c),analysis/figures/figure_input.csv; analysis/figures/correlations.csv,analysis/src/build_figures.py,"As above but on ACL_exported, which matches the artefact the attacks target. Carries 26 of 30 pairs: four DP-DNN rows have no exported accuracy. See gaps.md 3.1."
analysis/figures/png/rq1c_utility_vs_protection_exported.png,"figure (PNG, 300 dpi)",[72][73][75],Section 4.5 (RQ1c),analysis/figures/figure_input.csv; analysis/figures/correlations.csv,analysis/src/build_figures.py,"As above but on ACL_exported, which matches the artefact the attacks target. Carries 26 of 30 pairs: four DP-DNN rows have no exported accuracy. See gaps.md 3.1."
analysis/figures/pdf/rq2a_benefit_vs_baseline.pdf,"figure (PDF, vector)",[72][73][75],Section 4.5 (RQ2a),analysis/figures/figure_input.csv; analysis/figures/correlations.csv,analysis/src/build_figures.py,Regenerated from the RQ figure input; recorded correlation asserted.
analysis/figures/png/rq2a_benefit_vs_baseline.png,"figure (PNG, 300 dpi)",[72][73][75],Section 4.5 (RQ2a),analysis/figures/figure_input.csv; analysis/figures/correlations.csv,analysis/src/build_figures.py,Regenerated from the RQ figure input; recorded correlation asserted.
analysis/figures/pdf/l4_avg_vs_worst_case.pdf,"figure (PDF, vector)",[72][73][75],Section 4.3 (Attack agreement),analysis/figures/figure_input.csv; analysis/figures/correlations.csv,analysis/src/build_figures.py,"Agreement between the two average-case attack summaries, Yeom advantage and LiRA AUC, on the non-private targets. Recorded correlation asserted."
analysis/figures/png/l4_avg_vs_worst_case.png,"figure (PNG, 300 dpi)",[72][73][75],Section 4.3 (Attack agreement),analysis/figures/figure_input.csv; analysis/figures/correlations.csv,analysis/src/build_figures.py,"Agreement between the two average-case attack summaries, Yeom advantage and LiRA AUC, on the non-private targets. Recorded correlation asserted."
analysis/figures/pdf/l6_baseline_leakage_vs_N.pdf,"figure (PDF, vector)",[72][73][75],Section 4.3 (Dataset size),analysis/figures/figure_input.csv; analysis/figures/correlations.csv,analysis/src/build_figures.py,Non-private RF leakage against N. Six points. Recorded correlation asserted.
analysis/figures/png/l6_baseline_leakage_vs_N.png,"figure (PNG, 300 dpi)",[72][73][75],Section 4.3 (Dataset size),analysis/figures/figure_input.csv; analysis/figures/correlations.csv,analysis/src/build_figures.py,Non-private RF leakage against N. Six points. Recorded correlation asserted.
analysis/figures/pdf/loglog_roc_grid.pdf,"figure (PDF, vector)",[62][78],Section 4.3 (LiRA ROC) / Figure 8,Attack/LiRA/results/GALLSTONE/GALLSTONE_lira_roc.csv.gz; Attack/LiRA/results/BCP/BCP_lira_roc.csv.gz; Attack/LiRA/results/CANCER_RISK/CANCER_RISK_lira_roc.csv.gz; Attack/LiRA/results/KIDNEY_STONE/KIDNEY_STONE_lira_roc.csv.gz; Attack/LiRA/results/LUNG_CANCER/LUNG_CANCER_lira_roc.csv.gz; Attack/LiRA/results/DIABETES/DIABETES_lira_roc.csv.gz,analysis/src/make_roc_grid.py,Six standard-target LiRA ROC panels redrawn from persisted FPR/TPR coordinates; no attack-side raster is embedded.
analysis/figures/png/loglog_roc_grid.png,"figure (PNG, 600 dpi)",[62][78],Section 4.3 (LiRA ROC) / Figure 8,Attack/LiRA/results/GALLSTONE/GALLSTONE_lira_roc.csv.gz; Attack/LiRA/results/BCP/BCP_lira_roc.csv.gz; Attack/LiRA/results/CANCER_RISK/CANCER_RISK_lira_roc.csv.gz; Attack/LiRA/results/KIDNEY_STONE/KIDNEY_STONE_lira_roc.csv.gz; Attack/LiRA/results/LUNG_CANCER/LUNG_CANCER_lira_roc.csv.gz; Attack/LiRA/results/DIABETES/DIABETES_lira_roc.csv.gz,analysis/src/make_roc_grid.py,Six standard-target LiRA ROC panels redrawn from persisted FPR/TPR coordinates; no attack-side raster is embedded.
analysis/src/config.py,source,n/a,n/a,n/a,hand-written,"Switches: INCLUDE_LUNG_CANCER, UTILITY_LABEL, RANDOM_FPR. Also holds paths, the epsilon grids and the [MISSING]/[CONFLICT] placeholder strings."
analysis/src/loaders.py,source,n/a,n/a,n/a,hand-written,"Single source of truth for canonical naming (DP-RF vs RF, BCP vs Breast Cancer) and for all input loading. Reads processed_data.pkl through a restricted unpickler that stubs every non-numpy class, so no estimator is ever constructed. Run directly for a coverage report."
analysis/src/build_tables.py,source,n/a,n/a,n/a,hand-written,Builds all nine tables as CSV files.
analysis/src/build_figures.py,source,n/a,n/a,n/a,hand-written,Builds the eight generated analysis figures.
analysis/src/extract_provenance.py,source,n/a,n/a,n/a,hand-written,Parses the report JSONs (globbed -- they sit at inconsistent depths) into config_inventory.
analysis/src/verify.py,source,n/a,n/a,n/a,hand-written,Re-derives every numeric table cell independently and writes logs/verification.txt. Exits non-zero on any failure.
analysis/src/make_manifest.py,source,n/a,n/a,n/a,hand-written,Emits this file.
analysis/logs/verification.txt,log,n/a,n/a,analysis/tables/csv/*.csv and their primary sources,analysis/src/verify.py,One line per checked value: table | row | column | value | source file | source row/filter. Failures listed at the top.
analysis/logs/gaps.md,documentation,[3][5][6][8][9][22][48][49][50][59][61][62],Response letter,analysis/logs/verification.txt; analysis/logs/_figure_gaps.json,hand-written from the pipeline's recorded gaps,"Everything that could not be produced without compute, with reasons. Written to be lifted into the response letter. CONFLICTS section: none found."
analysis/README.md,documentation,n/a,n/a,n/a,hand-written,What the pipeline does and does not do; how to re-run it.
analysis/MANIFEST.csv,documentation,n/a,n/a,n/a,analysis/src/make_manifest.py,This file. One row per generated artifact.
